// background.png | 280x240 | RGB565 (16-bit)
const uint16_t background[] PROGMEM = {
  0x8c48, 0x8c48, 0x8c48, 0x8c48, 0x8c48, 0x8c48, 0x8c48, 0x8c48, 0x8c48, 0x8c48, 0x8c48, 0x8c48, 
  0x8c48, 0x8c48, 0x8c48, 0x8c48, 0x8c48, 0x8c48, 0x8c48, 0x8c48, 0x8c48, 0x8c48, 0x8c48, 0x8c48, 
  0x8c48, 0x8c48, 0x8c48, 0x8c48, 0x8c48, 0x8c48, 0x8c48, 0x8c48, 0x8c48, 0x8c48, 0x8c48, 0x8c48, 
  0x8c48, 0x8c48, 0x8c48, 0x8c48, 0x8c48, 0x8c48, 0x8c48, 0x8c48, 0x8c48, 0x8c48, 0x8c48, 0x8c48, 
  0x8c48, 0x8c48, 0x8c48, 0x8c48, 0x8c48, 0x8c48, 0x8c48, 0x8c48, 0x8c48, 0x8c48, 0x8c48, 0x8c48, 
  0x8c48, 0x8c48, 0x8c48, 0x8c48, 0x8c48, 0x8c48, 0x8c48, 0x8c48, 0x8c48, 0x8c48, 0x8c48, 0x8c48, 
  0x8c48, 0x8c48, 0x8c48, 0x8c48, 0x8c48, 0x8c48, 0x8c48, 0x8c48, 0x8c48, 0x8c48, 0x8c48, 0x8c48, 
  0x8c48, 0x8c48, 0x8c48, 0x8c48, 0x8c48, 0x8c48, 0x8c48, 0x8c48, 0x8c48, 0x8c48, 0x8c48, 0x8c48, 
  0x8c48, 0x8c48, 0x8c48, 0x8c48, 0x8c48, 0x8c48, 0x8c48, 0x8c48, 0x8c88, 0x8c88, 0x8c88, 0x8c88, 
  0x8c48, 0x8c48, 0x8c48, 0x8c48, 0x8c48, 0x8c48, 0x8c48, 0x8c48, 0x8c48, 0x8c48, 0x8c48, 0x8c48, 
  0x8c48, 0x8c48, 0x8c48, 0x8c48, 0x8c48, 0x8c48, 0x8c48, 0x8c48, 0x8c48, 0x8c48, 0x8c48, 0x8c48, 
  0x8c48, 0x8c48, 0x8c48, 0x8c48, 0x8c48, 0x8c48, 0x8c48, 0x8c48, 0x8c48, 0x8c48, 0x8c48, 0x8c48, 
  0x8c48, 0x8c48, 0x8c48, 0x8c48, 0x8c48, 0x8c48, 0x8c48, 0x8c48, 0x8c48, 0x8c48, 0x8c48, 0x8c48, 
  0x8c48, 0x8c48, 0x8c48, 0x8c48, 0x8c48, 0x8c48, 0x8c48, 0x8c48, 0x8c48, 0x8c48, 0x8c48, 0x8c48, 
  0x8c48, 0x8c48, 0x8c48, 0x8c48, 0x8c48, 0x8c48, 0x8c48, 0x8c48, 0x8c48, 0x8c48, 0x8c48, 0x8c48, 
  0x8c48, 0x8c48, 0x8c48, 0x8c48, 0x8c48, 0x8c48, 0x8c48, 0x8c48, 0x8c48, 0x8c48, 0x8c48, 0x8c48, 
  0x8c48, 0x8c48, 0x8c48, 0x8c48, 0x8c48, 0x8c48, 0x8c48, 0x8c48, 0x8c48, 0x8c48, 0x8c48, 0x8c48, 
  0x8c48, 0x8c48, 0x8c48, 0x8c48, 0x8c48, 0x8c48, 0x8c48, 0x8c48, 0x8c48, 0x8c48, 0x8c48, 0x8c48, 
  0x8c48, 0x8c48, 0x8c48, 0x8c48, 0x8c48, 0x8c48, 0x8c48, 0x8c48, 0x8c48, 0x8c48, 0x8c48, 0x8c48, 
  0x8c48, 0x8c48, 0x8c48, 0x8c48, 0x8c48, 0x8c48, 0x8c48, 0x8c48, 0x8c48, 0x8c48, 0x8c48, 0x8c48, 
  0x8c48, 0x8c48, 0x8c48, 0x8c48, 0x8c48, 0x8c48, 0x8c48, 0x8c48, 0x8c48, 0x8c48, 0x8c48, 0x8c48, 
  0x8c48, 0x8c48, 0x8c48, 0x8c48, 0x8c48, 0x8c48, 0x8c48, 0x8c48, 0x8c48, 0x8c48, 0x8c48, 0x8c48, 
  0x8c48, 0x8c48, 0x8c48, 0x8c48, 0x8c48, 0x8c48, 0x8c48, 0x8c48, 0x8c48, 0x8c48, 0x8c48, 0x8c48, 
  0x8c48, 0x8c48, 0x8c48, 0x8c48, 0x8c48, 0x8c48, 0x8c48, 0x8c48, 0x8c48, 0x8c48, 0x8c48, 0x8c48, 
  0x8c48, 0x8c48, 0x8c48, 0x8c48, 0x8c48, 0x8c48, 0x8c48, 0x8c48, 0x8c48, 0x8c48, 0x8c48, 0x8c48, 
  0x8c48, 0x8c48, 0x8c48, 0x8c48, 0x8c48, 0x8c48, 0x8c48, 0x8c48, 0x8c48, 0x8c48, 0x8c48, 0x8c48, 
  0x8c48, 0x8c48, 0x8c48, 0x8c48, 0x8c48, 0x8c48, 0x8c48, 0x8c48, 0x8c48, 0x8c48, 0x8c48, 0x8c48, 
  0x8c48, 0x8c48, 0x8c48, 0x8c48, 0x8c48, 0x8c48, 0x8c48, 0x8c48, 0x8c48, 0x8c48, 0x8c48, 0x8c48, 
  0x8c48, 0x8c48, 0x8c48, 0x8c48, 0x8c48, 0x8c48, 0x8c48, 0x8c48, 0x8c48, 0x8c48, 0x8c48, 0x8c48, 
  0x8c48, 0x8c48, 0x8c48, 0x8c48, 0x8c48, 0x8c48, 0x8c48, 0x8c48, 0x8c48, 0x8c48, 0x8c48, 0x8c48, 
  0x8c48, 0x8c48, 0x8c48, 0x8c48, 0x8c48, 0x8c48, 0x8c48, 0x8c48, 0x8c48, 0x8c48, 0x8c48, 0x8c48, 
  0x8c48, 0x8c48, 0x8c48, 0x8c48, 0x8c48, 0x8c48, 0x8c48, 0x8c48, 0x8c48, 0x8c48, 0x8c48, 0x8c48, 
  0x8c88, 0x8c88, 0x8c88, 0x8c88, 0x8c48, 0x8c48, 0x8c48, 0x8c48, 0x8c48, 0x8c48, 0x8c48, 0x8c48, 
  0x8c48, 0x8c48, 0x8c48, 0x8c48, 0x8c48, 0x8c48, 0x8c48, 0x8c48, 0x8c48, 0x8c48, 0x8c48, 0x8c48, 
  0x8c48, 0x8c48, 0x8c48, 0x8c48, 0x8c48, 0x8c48, 0x8c48, 0x8c48, 0x8c48, 0x8c48, 0x8c48, 0x8c48, 
  0x8c48, 0x8c48, 0x8c48, 0x8c48, 0x8c48, 0x8c48, 0x8c48, 0x8c48, 0x8c48, 0x8c48, 0x8c48, 0x8c48, 
  0x8c48, 0x8c48, 0x8c48, 0x8c48, 0x8c48, 0x8c48, 0x8c48, 0x8c48, 0x8c48, 0x8c48, 0x8c48, 0x8c48, 
  0x8c48, 0x8c48, 0x8c48, 0x8c48, 0x8c48, 0x8c48, 0x8c48, 0x8c48, 0x8c48, 0x8c48, 0x8c48, 0x8c48, 
  0x8c48, 0x8c48, 0x8c48, 0x8c48, 0x8c48, 0x8c48, 0x8c48, 0x8c48, 0x8c48, 0x8c48, 0x8c48, 0x8c48, 
  0x8c48, 0x8c48, 0x8c48, 0x8c48, 0x8c48, 0x8c48, 0x8c48, 0x8c48, 0x8c48, 0x8c48, 0x8c48, 0x8c48, 
  0x8c48, 0x8c48, 0x8c48, 0x8c48, 0x8c48, 0x8c48, 0x8c48, 0x8c48, 0x8c48, 0x8c48, 0x8c48, 0x8c48, 
  0x8c48, 0x8c48, 0x8c48, 0x8c48, 0x8c48, 0x8c48, 0x8c48, 0x8c48, 0x8c48, 0x8c48, 0x8c48, 0x8c48, 
  0x8c48, 0x8c48, 0x8c48, 0x8c48, 0x8c48, 0x8c48, 0x8c48, 0x8c48, 0x8c48, 0x8c48, 0x8c48, 0x8c48, 
  0x8c48, 0x8c48, 0x8c48, 0x8c48, 0x8c48, 0x8c48, 0x8c48, 0x8c48, 0x8c48, 0x8c48, 0x8c48, 0x8c48, 
  0x8c48, 0x8c48, 0x8c48, 0x8c48, 0x8c48, 0x8c48, 0x8c48, 0x8c48, 0x8c48, 0x8c48, 0x8c48, 0x8c48, 
  0x8c48, 0x8c48, 0x8c48, 0x8c48, 0x8c48, 0x8c48, 0x8c48, 0x8c48, 0x8c48, 0x8c48, 0x8c48, 0x8c48, 
  0x8c48, 0x8c48, 0x8c48, 0x8c48, 0x8c48, 0x8c48, 0x8c48, 0x8c48, 0x8c48, 0x8c48, 0x8c48, 0x8c48, 
  0x8c48, 0x8c48, 0x8c48, 0x8c48, 0x8c48, 0x8c48, 0x8c48, 0x8c48, 0x8c48, 0x8c48, 0x8c48, 0x8c48, 
  0x8c48, 0x8c48, 0x8c48, 0x8c48, 0x8c48, 0x8c48, 0x8c48, 0x8c48, 0x8c48, 0x8c48, 0x8c48, 0x8c48, 
  0x8c48, 0x8c48, 0x8c48, 0x8c48, 0x8c48, 0x8c48, 0x8c48, 0x8c48, 0x8c48, 0x8c48, 0x8c48, 0x8c48, 
  0x8c48, 0x8c48, 0x8c48, 0x8c48, 0x8c48, 0x8c48, 0x8c48, 0x8c48, 0x8c48, 0x8c48, 0x8c48, 0x8c48, 
  0x8c48, 0x8c48, 0x8c48, 0x8c48, 0x8c48, 0x8c48, 0x8c48, 0x8c48, 0x8c48, 0x8c48, 0x8c48, 0x8c48, 
  0x8c48, 0x8c48, 0x8c48, 0x8c48, 0x8c48, 0x8c48, 0x8c48, 0x8c48, 0x8c48, 0x8c48, 0x8c48, 0x8c48, 
  0x8c48, 0x8c48, 0x8c48, 0x8c48, 0x8c48, 0x8c48, 0x8c48, 0x8c48, 0x8c48, 0x8c48, 0x8c48, 0x8c48, 
  0x8c48, 0x8c48, 0x8c48, 0x8c48, 0x8c48, 0x8c48, 0x8c48, 0x8c48, 0x94a9, 0x94a9, 0x94a9, 0x94a9, 
  0x8c88, 0x8c88, 0x8c48, 0x8c48, 0x7c27, 0x7c27, 0x8c88, 0x8c88, 0x8c48, 0x8c48, 0x8c48, 0x8c48, 
  0x8c48, 0x8c48, 0x8c48, 0x8c48, 0x8c48, 0x8c48, 0x8c48, 0x8c48, 0x8c48, 0x8c48, 0x8c48, 0x8c48, 
  0x8c48, 0x8c48, 0x8c48, 0x8c48, 0x8c48, 0x8c48, 0x8c48, 0x8c48, 0x8c48, 0x8c48, 0x8c48, 0x8c48, 
  0x8c48, 0x8c48, 0x8c48, 0x8c48, 0x8c48, 0x8c48, 0x8c48, 0x8c48, 0x8c48, 0x8c48, 0x8c48, 0x8c48, 
  0x8c48, 0x8c48, 0x8c48, 0x8c48, 0x8c48, 0x8c48, 0x8c48, 0x8c48, 0x8c48, 0x8c48, 0x8c48, 0x8c48, 
  0x8c48, 0x8c48, 0x8c48, 0x8c48, 0x8c48, 0x8c48, 0x8c48, 0x8c48, 0x8c48, 0x8c48, 0x8c48, 0x8c48, 
  0x8c48, 0x8c48, 0x8c48, 0x8c48, 0x8c48, 0x8c48, 0x8c48, 0x8c48, 0x8c48, 0x8c48, 0x8c48, 0x8c48, 
  0x8c48, 0x8c48, 0x8c48, 0x8c48, 0x8c48, 0x8c48, 0x8c48, 0x8c48, 0x8c48, 0x8c48, 0x8c48, 0x8c48, 
  0x8c48, 0x8c48, 0x8c48, 0x8c48, 0x8c48, 0x8c48, 0x8c48, 0x8c48, 0x8c48, 0x8c48, 0x8c48, 0x8c48, 
  0x8c48, 0x8c48, 0x8c48, 0x8c48, 0x8c48, 0x8c48, 0x8c48, 0x8c48, 0x8c48, 0x8c48, 0x8c48, 0x8c48, 
  0x8c48, 0x8c48, 0x8c48, 0x8c48, 0x8c48, 0x8c48, 0x8c48, 0x8c48, 0x8c48, 0x8c48, 0x8c48, 0x8c48, 
  0x8c48, 0x8c48, 0x8c48, 0x8c48, 0x8c48, 0x8c48, 0x8c48, 0x8c48, 0x8c48, 0x8c48, 0x8c48, 0x8c48, 
  0x8c48, 0x8c48, 0x8c48, 0x8c48, 0x8c48, 0x8c48, 0x8c48, 0x8c48, 0x8c48, 0x8c48, 0x8c48, 0x8c48, 
  0x8c48, 0x8c48, 0x8c48, 0x8c48, 0x8c48, 0x8c48, 0x8c48, 0x8c48, 0x8c48, 0x8c48, 0x8c48, 0x8c48, 
  0x8c48, 0x8c48, 0x8c48, 0x8c48, 0x8c48, 0x8c48, 0x8c48, 0x8c48, 0x8c48, 0x8c48, 0x8c48, 0x8c48, 
  0x8c48, 0x8c48, 0x8c48, 0x8c48, 0x8c48, 0x8c48, 0x8c48, 0x8c48, 0x8c48, 0x8c48, 0x8c48, 0x8c48, 
  0x8c48, 0x8c48, 0x8c48, 0x8c48, 0x8c48, 0x8c48, 0x8c48, 0x8c48, 0x8c48, 0x8c48, 0x8c48, 0x8c48, 
  0x8c48, 0x8c48, 0x8c48, 0x8c48, 0x8c48, 0x8c48, 0x8c48, 0x8c48, 0x8c48, 0x8c48, 0x8c48, 0x8c48, 
  0x8c48, 0x8c48, 0x8c48, 0x8c48, 0x8c48, 0x8c48, 0x8c48, 0x8c48, 0x8c48, 0x8c48, 0x8c48, 0x8c48, 
  0x8c48, 0x8c48, 0x8c48, 0x8c48, 0x8c48, 0x8c48, 0x8c48, 0x8c48, 0x8c48, 0x8c48, 0x8c48, 0x8c48, 
  0x8c48, 0x8c48, 0x8c48, 0x8c48, 0x8c48, 0x8c48, 0x8c48, 0x8c48, 0x8c48, 0x8c48, 0x8c48, 0x8c48, 
  0x8c48, 0x8c48, 0x8c48, 0x8c48, 0x8c48, 0x8c48, 0x8c48, 0x8c48, 0x8c48, 0x8c48, 0x8c48, 0x8c48, 
  0x8c48, 0x8c48, 0x8c48, 0x8c48, 0x8c48, 0x8c48, 0x8c48, 0x8c48, 0x8c48, 0x8c48, 0x8c48, 0x8c48, 
  0x94a9, 0x94a9, 0x94a9, 0x94a9, 0x8c88, 0x8c88, 0x8c48, 0x8c48, 0x7c27, 0x7c27, 0x8c88, 0x8c88, 
  0x8c48, 0x8c48, 0x8c48, 0x8c48, 0x8c48, 0x8c48, 0x8c48, 0x8c48, 0x8c48, 0x8c48, 0x8c48, 0x8c48, 
  0x8c48, 0x8c48, 0x8c48, 0x8c48, 0x8c48, 0x8c48, 0x8c48, 0x8c48, 0x8c48, 0x8c48, 0x8c48, 0x8c48, 
  0x8c48, 0x8c48, 0x8c48, 0x8c48, 0x8c48, 0x8c48, 0x8c48, 0x8c48, 0x8c48, 0x8c48, 0x8c48, 0x8c48, 
  0x8c48, 0x8c48, 0x8c48, 0x8c48, 0x8c48, 0x8c48, 0x8c48, 0x8c48, 0x8c48, 0x8c48, 0x8c48, 0x8c48, 
  0x8c48, 0x8c48, 0x8c48, 0x8c48, 0x8c48, 0x8c48, 0x8c48, 0x8c48, 0x8c48, 0x8c48, 0x8c48, 0x8c48, 
  0x8c48, 0x8c48, 0x8c48, 0x8c48, 0x8c48, 0x8c48, 0x8c48, 0x8c48, 0x8c48, 0x8c48, 0x8c48, 0x8c48, 
  0x8c48, 0x8c48, 0x8c48, 0x8c48, 0x8c48, 0x8c48, 0x8c48, 0x8c48, 0x8c48, 0x8c48, 0x8c48, 0x8c48, 
  0x8c48, 0x8c48, 0x8c48, 0x8c48, 0x8c48, 0x8c48, 0x8c48, 0x8c48, 0x8c48, 0x8c48, 0x8c48, 0x8c48, 
  0x8c48, 0x8c48, 0x8c48, 0x8c48, 0x8c48, 0x8c48, 0x8c48, 0x8c48, 0x8c48, 0x8c48, 0x8c48, 0x8c48, 
  0x8c48, 0x8c48, 0x8c48, 0x8c48, 0x8c48, 0x8c48, 0x8c48, 0x8c48, 0x8c48, 0x8c48, 0x8c48, 0x8c48, 
  0x8c48, 0x8c48, 0x8c48, 0x8c48, 0x8c48, 0x8c48, 0x8c48, 0x8c48, 0x8c48, 0x8c48, 0x8c48, 0x8c48, 
  0x8c48, 0x8c48, 0x8c48, 0x8c48, 0x8c48, 0x8c48, 0x8c48, 0x8c48, 0x8c48, 0x8c48, 0x8c48, 0x8c48, 
  0x8c48, 0x8c48, 0x8c48, 0x8c48, 0x8c48, 0x8c48, 0x8c48, 0x8c48, 0x8c48, 0x8c48, 0x8c48, 0x8c48, 
  0x8c48, 0x8c48, 0x8c48, 0x8c48, 0x8c48, 0x8c48, 0x8c48, 0x8c48, 0x8c48, 0x8c48, 0x8c48, 0x8c48, 
  0x8c48, 0x8c48, 0x8c48, 0x8c48, 0x8c48, 0x8c48, 0x8c48, 0x8c48, 0x8c48, 0x8c48, 0x8c48, 0x8c48, 
  0x8c48, 0x8c48, 0x8c48, 0x8c48, 0x8c48, 0x8c48, 0x8c48, 0x8c48, 0x8c48, 0x8c48, 0x8c48, 0x8c48, 
  0x8c48, 0x8c48, 0x8c48, 0x8c48, 0x8c48, 0x8c48, 0x8c48, 0x8c48, 0x8c48, 0x8c48, 0x8c48, 0x8c48, 
  0x8c48, 0x8c48, 0x8c48, 0x8c48, 0x8c48, 0x8c48, 0x8c48, 0x8c48, 0x8c48, 0x8c48, 0x8c48, 0x8c48, 
  0x8c48, 0x8c48, 0x8c48, 0x8c48, 0x8c48, 0x8c48, 0x8c48, 0x8c48, 0x8c48, 0x8c48, 0x8c48, 0x8c48, 
  0x8c48, 0x8c48, 0x8c48, 0x8c48, 0x8c48, 0x8c48, 0x8c48, 0x8c48, 0x8c48, 0x8c48, 0x8c48, 0x8c48, 
  0x8c48, 0x8c48, 0x8c48, 0x8c48, 0x8c48, 0x8c48, 0x8c48, 0x8c48, 0x8c48, 0x8c48, 0x8c48, 0x8c48, 
  0x8c48, 0x8c48, 0x8c48, 0x8c48, 0x8c48, 0x8c48, 0x8c48, 0x8c48, 0x8c48, 0x8c48, 0x8c48, 0x8c48, 
  0x8c48, 0x8c48, 0x8c48, 0x8c48, 0x8c48, 0x8c48, 0x94a9, 0x94a9, 0x8c88, 0x8c88, 0x8c88, 0x8c88, 
  0x7c27, 0x7c27, 0x7c27, 0x7c27, 0x8c48, 0x8c48, 0x94a9, 0x94a9, 0x94a9, 0x94a9, 0x8c88, 0x8c88, 
  0x8c48, 0x8c48, 0x8c48, 0x8c48, 0x8c48, 0x8c48, 0x8c48, 0x8c48, 0x8c48, 0x8c48, 0x8c48, 0x8c48, 
  0x8c48, 0x8c48, 0x8c48, 0x8c48, 0x8c48, 0x8c48, 0x8c48, 0x8c48, 0x8c48, 0x8c48, 0x8c48, 0x8c48, 
  0x8c48, 0x8c48, 0x8c48, 0x8c48, 0x8c48, 0x8c48, 0x8c48, 0x8c48, 0x8c48, 0x8c48, 0x8c48, 0x8c48, 
  0x8c48, 0x8c48, 0x8c48, 0x8c48, 0x8c48, 0x8c48, 0x8c48, 0x8c48, 0x8c48, 0x8c48, 0x8c48, 0x8c48, 
  0x8c48, 0x8c48, 0x8c48, 0x8c48, 0x8c48, 0x8c48, 0x8c48, 0x8c48, 0x8c48, 0x8c48, 0x8c48, 0x8c48, 
  0x8c48, 0x8c48, 0x8c48, 0x8c48, 0x8c48, 0x8c48, 0x8c48, 0x8c48, 0x8c48, 0x8c48, 0x8c48, 0x8c48, 
  0x8c48, 0x8c48, 0x8c48, 0x8c48, 0x8c48, 0x8c48, 0x8c48, 0x8c48, 0x8c48, 0x8c48, 0x8c48, 0x8c48, 
  0x8c48, 0x8c48, 0x8c48, 0x8c48, 0x8c48, 0x8c48, 0x8c48, 0x8c48, 0x8c48, 0x8c48, 0x8c48, 0x8c48, 
  0x8c48, 0x8c48, 0x8c48, 0x8c48, 0x8c48, 0x8c48, 0x8c48, 0x8c48, 0x8c48, 0x8c48, 0x8c48, 0x8c48, 
  0x8c48, 0x8c48, 0x8c48, 0x8c48, 0x8c48, 0x8c48, 0x8c48, 0x8c48, 0x8c48, 0x8c48, 0x8c48, 0x8c48, 
  0x8c48, 0x8c48, 0x8c48, 0x8c48, 0x8c48, 0x8c48, 0x8c48, 0x8c48, 0x8c48, 0x8c48, 0x8c48, 0x8c48, 
  0x8c48, 0x8c48, 0x8c48, 0x8c48, 0x8c48, 0x8c48, 0x8c48, 0x8c48, 0x8c48, 0x8c48, 0x8c48, 0x8c48, 
  0x8c48, 0x8c48, 0x8c48, 0x8c48, 0x8c48, 0x8c48, 0x8c48, 0x8c48, 0x8c48, 0x8c48, 0x8c48, 0x8c48, 
  0x8c48, 0x8c48, 0x8c48, 0x8c48, 0x8c48, 0x8c48, 0x8c48, 0x8c48, 0x8c48, 0x8c48, 0x8c48, 0x8c48, 
  0x8c48, 0x8c48, 0x8c48, 0x8c48, 0x8c48, 0x8c48, 0x8c48, 0x8c48, 0x8c48, 0x8c48, 0x8c48, 0x8c48, 
  0x8c48, 0x8c48, 0x8c48, 0x8c48, 0x8c48, 0x8c48, 0x8c48, 0x8c48, 0x8c48, 0x8c48, 0x8c48, 0x8c48, 
  0x8c48, 0x8c48, 0x8c48, 0x8c48, 0x8c48, 0x8c48, 0x8c48, 0x8c48, 0x8c48, 0x8c48, 0x8c48, 0x8c48, 
  0x8c48, 0x8c48, 0x8c48, 0x8c48, 0x8c48, 0x8c48, 0x8c48, 0x8c48, 0x8c48, 0x8c48, 0x8c48, 0x8c48, 
  0x8c48, 0x8c48, 0x8c48, 0x8c48, 0x8c48, 0x8c48, 0x8c48, 0x8c48, 0x8c48, 0x8c48, 0x8c48, 0x8c48, 
  0x8c48, 0x8c48, 0x8c48, 0x8c48, 0x8c48, 0x8c48, 0x8c48, 0x8c48, 0x8c48, 0x8c48, 0x8c48, 0x8c48, 
  0x8c48, 0x8c48, 0x8c48, 0x8c48, 0x8c48, 0x8c48, 0x8c48, 0x8c48, 0x8c48, 0x8c48, 0x8c48, 0x8c48, 
  0x8c48, 0x8c48, 0x8c48, 0x8c48, 0x8c48, 0x8c48, 0x8c48, 0x8c48, 0x8c48, 0x8c48, 0x94a9, 0x94a9, 
  0x8c88, 0x8c88, 0x8c88, 0x8c88, 0x7c27, 0x7c27, 0x7c27, 0x7c27, 0x8c48, 0x8c48, 0x94a9, 0x94a9, 
  0x94a9, 0x94a9, 0x8c88, 0x8c88, 0x8c48, 0x8c48, 0x8c48, 0x8c48, 0x8c48, 0x8c48, 0x8c48, 0x8c48, 
  0x8c48, 0x8c48, 0x8c48, 0x8c48, 0x8c48, 0x8c48, 0x8c48, 0x8c48, 0x8c48, 0x8c48, 0x8c48, 0x8c48, 
  0x8c48, 0x8c48, 0x8c48, 0x8c48, 0x8c48, 0x8c48, 0x8c48, 0x8c48, 0x8c48, 0x8c48, 0x8c48, 0x8c48, 
  0x8c48, 0x8c48, 0x8c48, 0x8c48, 0x8c48, 0x8c48, 0x8c48, 0x8c48, 0x8c48, 0x8c48, 0x8c48, 0x8c48, 
  0x8c48, 0x8c48, 0x8c48, 0x8c48, 0x8c48, 0x8c48, 0x8c48, 0x8c48, 0x8c48, 0x8c48, 0x8c48, 0x8c48, 
  0x8c48, 0x8c48, 0x8c48, 0x8c48, 0x8c48, 0x8c48, 0x8c48, 0x8c48, 0x8c48, 0x8c48, 0x8c48, 0x8c48, 
  0x8c48, 0x8c48, 0x8c48, 0x8c48, 0x8c48, 0x8c48, 0x8c48, 0x8c48, 0x8c48, 0x8c48, 0x8c48, 0x8c48, 
  0x8c48, 0x8c48, 0x8c48, 0x8c48, 0x8c48, 0x8c48, 0x8c48, 0x8c48, 0x8c48, 0x8c48, 0x8c48, 0x8c48, 
  0x8c48, 0x8c48, 0x8c48, 0x8c48, 0x8c48, 0x8c48, 0x8c48, 0x8c48, 0x8c48, 0x8c48, 0x8c48, 0x8c48, 
  0x8c48, 0x8c48, 0x8c48, 0x8c48, 0x8c48, 0x8c48, 0x8c48, 0x8c48, 0x8c48, 0x8c48, 0x8c48, 0x8c48, 
  0x8c48, 0x8c48, 0x8c48, 0x8c48, 0x8c48, 0x8c48, 0x8c48, 0x8c48, 0x8c48, 0x8c48, 0x8c48, 0x8c48, 
  0x8c48, 0x8c48, 0x8c48, 0x8c48, 0x8c48, 0x8c48, 0x8c48, 0x8c48, 0x8c48, 0x8c48, 0x8c48, 0x8c48, 
  0x8c48, 0x8c48, 0x8c48, 0x8c48, 0x8c48, 0x8c48, 0x8c48, 0x8c48, 0x8c48, 0x8c48, 0x8c48, 0x8c48, 
  0x8c48, 0x8c48, 0x8c48, 0x8c48, 0x8c48, 0x8c48, 0x8c48, 0x8c48, 0x8c48, 0x8c48, 0x8c48, 0x8c48, 
  0x8c48, 0x8c48, 0x8c48, 0x8c48, 0x8c48, 0x8c48, 0x8c48, 0x8c48, 0x8c48, 0x8c48, 0x8c48, 0x8c48, 
  0x8c48, 0x8c48, 0x8c48, 0x8c48, 0x8c48, 0x8c48, 0x8c48, 0x8c48, 0x8c48, 0x8c48, 0x8c48, 0x8c48, 
  0x8c48, 0x8c48, 0x8c48, 0x8c48, 0x8c48, 0x8c48, 0x8c48, 0x8c48, 0x8c48, 0x8c48, 0x8c48, 0x8c48, 
  0x8c48, 0x8c48, 0x8c48, 0x8c48, 0x8c48, 0x8c48, 0x8c48, 0x8c48, 0x8c48, 0x8c48, 0x8c48, 0x8c48, 
  0x8c48, 0x8c48, 0x8c48, 0x8c48, 0x8c48, 0x8c48, 0x8c48, 0x8c48, 0x8c48, 0x8c48, 0x8c48, 0x8c48, 
  0x8c48, 0x8c48, 0x8c48, 0x8c48, 0x8c48, 0x8c48, 0x8c48, 0x8c48, 0x8c48, 0x8c48, 0x8c48, 0x8c48, 
  0x8c48, 0x8c48, 0x8c48, 0x8c48, 0x8c48, 0x8c48, 0x8c48, 0x8c48, 0x8c48, 0x8c48, 0x8c48, 0x8c48, 
  0x8c48, 0x8c48, 0x8c48, 0x8c48, 0x8c48, 0x8c48, 0x8c48, 0x8c48, 0x8c88, 0x8c88, 0x94a9, 0x94a9, 
  0x8c48, 0x8c48, 0x7c27, 0x7c27, 0x8c88, 0x8c88, 0x8c88, 0x8c88, 0x8c48, 0x8c48, 0x7c27, 0x7c27, 
  0x8c88, 0x8c88, 0x8c88, 0x8c88, 0x94a9, 0x94a9, 0x8c48, 0x8c48, 0x8c48, 0x8c48, 0x8c48, 0x8c48, 
  0x8c48, 0x8c48, 0x8c48, 0x8c48, 0x8c48, 0x8c48, 0x8c48, 0x8c48, 0x8c48, 0x8c48, 0x8c48, 0x8c48, 
  0x8c48, 0x8c48, 0x8c48, 0x8c48, 0x8c48, 0x8c48, 0x8c48, 0x8c48, 0x8c48, 0x8c48, 0x8c48, 0x8c48, 
  0x8c48, 0x8c48, 0x8c48, 0x8c48, 0x8c48, 0x8c48, 0x8c48, 0x8c48, 0x8c48, 0x8c48, 0x8c48, 0x8c48, 
  0x8c48, 0x8c48, 0x8c48, 0x8c48, 0x8c48, 0x8c48, 0x8c48, 0x8c48, 0x8c48, 0x8c48, 0x8c48, 0x8c48, 
  0x8c48, 0x8c48, 0x8c48, 0x8c48, 0x8c48, 0x8c48, 0x8c48, 0x8c48, 0x8c48, 0x8c48, 0x8c48, 0x8c48, 
  0x8c48, 0x8c48, 0x8c48, 0x8c48, 0x8c48, 0x8c48, 0x8c48, 0x8c48, 0x8c48, 0x8c48, 0x8c48, 0x8c48, 
  0x8c48, 0x8c48, 0x8c48, 0x8c48, 0x8c48, 0x8c48, 0x8c48, 0x8c48, 0x8c48, 0x8c48, 0x8c48, 0x8c48, 
  0x8c48, 0x8c48, 0x8c48, 0x8c48, 0x8c48, 0x8c48, 0x8c48, 0x8c48, 0x8c48, 0x8c48, 0x8c48, 0x8c48, 
  0x8c48, 0x8c48, 0x8c48, 0x8c48, 0x8c48, 0x8c48, 0x8c48, 0x8c48, 0x8c48, 0x8c48, 0x8c48, 0x8c48, 
  0x8c48, 0x8c48, 0x8c48, 0x8c48, 0x8c48, 0x8c48, 0x8c48, 0x8c48, 0x8c48, 0x8c48, 0x8c48, 0x8c48, 
  0x8c48, 0x8c48, 0x8c48, 0x8c48, 0x8c48, 0x8c48, 0x8c48, 0x8c48, 0x8c48, 0x8c48, 0x8c48, 0x8c48, 
  0x8c48, 0x8c48, 0x8c48, 0x8c48, 0x8c48, 0x8c48, 0x8c48, 0x8c48, 0x8c48, 0x8c48, 0x8c48, 0x8c48, 
  0x8c48, 0x8c48, 0x8c48, 0x8c48, 0x8c48, 0x8c48, 0x8c48, 0x8c48, 0x8c48, 0x8c48, 0x8c48, 0x8c48, 
  0x8c48, 0x8c48, 0x8c48, 0x8c48, 0x8c48, 0x8c48, 0x8c48, 0x8c48, 0x8c48, 0x8c48, 0x8c48, 0x8c48, 
  0x8c48, 0x8c48, 0x8c48, 0x8c48, 0x8c48, 0x8c48, 0x8c48, 0x8c48, 0x8c48, 0x8c48, 0x8c48, 0x8c48, 
  0x8c48, 0x8c48, 0x8c48, 0x8c48, 0x8c48, 0x8c48, 0x8c48, 0x8c48, 0x8c48, 0x8c48, 0x8c48, 0x8c48, 
  0x8c48, 0x8c48, 0x8c48, 0x8c48, 0x8c48, 0x8c48, 0x8c48, 0x8c48, 0x8c48, 0x8c48, 0x8c48, 0x8c48, 
  0x8c48, 0x8c48, 0x8c48, 0x8c48, 0x8c48, 0x8c48, 0x8c48, 0x8c48, 0x8c48, 0x8c48, 0x8c48, 0x8c48, 
  0x8c48, 0x8c48, 0x8c48, 0x8c48, 0x8c48, 0x8c48, 0x8c48, 0x8c48, 0x8c48, 0x8c48, 0x8c48, 0x8c48, 
  0x8c48, 0x8c48, 0x8c48, 0x8c48, 0x8c48, 0x8c48, 0x8c48, 0x8c48, 0x8c48, 0x8c48, 0x8c48, 0x8c48, 
  0x8c48, 0x8c48, 0x8c48, 0x8c48, 0x8c48, 0x8c48, 0x8c48, 0x8c48, 0x8c48, 0x8c48, 0x8c48, 0x8c48, 
  0x8c88, 0x8c88, 0x94a9, 0x94a9, 0x8c48, 0x8c48, 0x7c27, 0x7c27, 0x8c88, 0x8c88, 0x8c88, 0x8c88, 
  0x8c48, 0x8c48, 0x7c27, 0x7c27, 0x8c88, 0x8c88, 0x8c88, 0x8c88, 0x94a9, 0x94a9, 0x8c48, 0x8c48, 
  0x8c48, 0x8c48, 0x8c48, 0x8c48, 0x8c48, 0x8c48, 0x8c48, 0x8c48, 0x8c48, 0x8c48, 0x8c48, 0x8c48, 
  0x8c48, 0x8c48, 0x8c48, 0x8c48, 0x8c48, 0x8c48, 0x8c48, 0x8c48, 0x8c48, 0x8c48, 0x8c48, 0x8c48, 
  0x8c48, 0x8c48, 0x8c48, 0x8c48, 0x8c48, 0x8c48, 0x8c48, 0x8c48, 0x8c48, 0x8c48, 0x8c48, 0x8c48, 
  0x8c48, 0x8c48, 0x8c48, 0x8c48, 0x8c48, 0x8c48, 0x8c48, 0x8c48, 0x8c48, 0x8c48, 0x8c48, 0x8c48, 
  0x8c48, 0x8c48, 0x8c48, 0x8c48, 0x8c48, 0x8c48, 0x8c48, 0x8c48, 0x8c48, 0x8c48, 0x8c48, 0x8c48, 
  0x8c48, 0x8c48, 0x8c48, 0x8c48, 0x8c48, 0x8c48, 0x8c48, 0x8c48, 0x8c48, 0x8c48, 0x8c48, 0x8c48, 
  0x8c48, 0x8c48, 0x8c48, 0x8c48, 0x8c48, 0x8c48, 0x8c48, 0x8c48, 0x8c48, 0x8c48, 0x8c48, 0x8c48, 
  0x8c48, 0x8c48, 0x8c48, 0x8c48, 0x8c48, 0x8c48, 0x8c48, 0x8c48, 0x8c48, 0x8c48, 0x8c48, 0x8c48, 
  0x8c48, 0x8c48, 0x8c48, 0x8c48, 0x8c48, 0x8c48, 0x8c48, 0x8c48, 0x8c48, 0x8c48, 0x8c48, 0x8c48, 
  0x8c48, 0x8c48, 0x8c48, 0x8c48, 0x8c48, 0x8c48, 0x8c48, 0x8c48, 0x8c48, 0x8c48, 0x8c48, 0x8c48, 
  0x8c48, 0x8c48, 0x8c48, 0x8c48, 0x8c48, 0x8c48, 0x8c48, 0x8c48, 0x8c48, 0x8c48, 0x8c48, 0x8c48, 
  0x8c48, 0x8c48, 0x8c48, 0x8c48, 0x8c48, 0x8c48, 0x8c48, 0x8c48, 0x8c48, 0x8c48, 0x8c48, 0x8c48, 
  0x8c48, 0x8c48, 0x8c48, 0x8c48, 0x8c48, 0x8c48, 0x8c48, 0x8c48, 0x8c48, 0x8c48, 0x8c48, 0x8c48, 
  0x8c48, 0x8c48, 0x8c48, 0x8c48, 0x8c48, 0x8c48, 0x8c48, 0x8c48, 0x8c48, 0x8c48, 0x8c48, 0x8c48, 
  0x8c48, 0x8c48, 0x8c48, 0x8c48, 0x8c48, 0x8c48, 0x8c48, 0x8c48, 0x8c48, 0x8c48, 0x8c48, 0x8c48, 
  0x8c48, 0x8c48, 0x8c48, 0x8c48, 0x8c48, 0x8c48, 0x8c48, 0x8c48, 0x8c48, 0x8c48, 0x8c48, 0x8c48, 
  0x8c48, 0x8c48, 0x8c48, 0x8c48, 0x8c48, 0x8c48, 0x8c48, 0x8c48, 0x8c48, 0x8c48, 0x8c48, 0x8c48, 
  0x8c48, 0x8c48, 0x8c48, 0x8c48, 0x8c48, 0x8c48, 0x8c48, 0x8c48, 0x8c48, 0x8c48, 0x8c48, 0x8c48, 
  0x8c48, 0x8c48, 0x8c48, 0x8c48, 0x8c48, 0x8c48, 0x8c48, 0x8c48, 0x8c48, 0x8c48, 0x8c48, 0x8c48, 
  0x8c48, 0x8c48, 0x8c48, 0x8c48, 0x8c48, 0x8c48, 0x8c48, 0x8c48, 0x8c48, 0x8c48, 0x8c48, 0x8c48, 
  0x8c48, 0x8c48, 0x8c48, 0x8c48, 0x8c48, 0x8c48, 0x8c48, 0x8c48, 0x8c48, 0x8c48, 0x8c48, 0x8c48, 
  0x8c48, 0x8c48, 0x8c48, 0x8c48, 0x8c48, 0x8c48, 0x94a9, 0x94a9, 0x8c88, 0x8c88, 0x8c88, 0x8c88, 
  0x7c27, 0x7c27, 0x8c88, 0x8c88, 0x8c48, 0x8c48, 0x8c88, 0x8c88, 0x8c88, 0x8c88, 0x8c88, 0x8c88, 
  0x8c48, 0x8c48, 0x8c48, 0x8c48, 0x8c48, 0x8c48, 0x8c48, 0x8c48, 0x8c48, 0x8c48, 0x8c48, 0x8c48, 
  0x8c48, 0x8c48, 0x8c48, 0x8c48, 0x8c48, 0x8c48, 0x8c48, 0x8c48, 0x8c48, 0x8c48, 0x8c48, 0x8c48, 
  0x8c48, 0x8c48, 0x8c48, 0x8c48, 0x8c48, 0x8c48, 0x8c48, 0x8c48, 0x8c48, 0x8c48, 0x8c48, 0x8c48, 
  0x8c48, 0x8c48, 0x8c48, 0x8c48, 0x8c48, 0x8c48, 0x8c48, 0x8c48, 0x8c48, 0x8c48, 0x8c48, 0x8c48, 
  0x8c48, 0x8c48, 0x8c48, 0x8c48, 0x8c48, 0x8c48, 0x8c48, 0x8c48, 0x8c48, 0x8c48, 0x8c48, 0x8c48, 
  0x8c48, 0x8c48, 0x8c48, 0x8c48, 0x8c48, 0x8c48, 0x8c48, 0x8c48, 0x8c48, 0x8c48, 0x8c48, 0x8c48, 
  0x8c48, 0x8c48, 0x8c48, 0x8c48, 0x8c48, 0x8c48, 0x8c48, 0x8c48, 0x8c48, 0x8c48, 0x8c48, 0x8c48, 
  0x8c48, 0x8c48, 0x8c48, 0x8c48, 0x8c48, 0x8c48, 0x8c48, 0x8c48, 0x8c48, 0x8c48, 0x8c48, 0x8c48, 
  0x8c48, 0x8c48, 0x8c48, 0x8c48, 0x8c48, 0x8c48, 0x8c48, 0x8c48, 0x8c48, 0x8c48, 0x8c48, 0x8c48, 
  0x8c48, 0x8c48, 0x8c48, 0x8c48, 0x8c48, 0x8c48, 0x8c48, 0x8c48, 0x8c48, 0x8c48, 0x8c48, 0x8c48, 
  0x8c48, 0x8c48, 0x8c48, 0x8c48, 0x8c48, 0x8c48, 0x8c48, 0x8c48, 0x8c48, 0x8c48, 0x8c48, 0x8c48, 
  0x8c48, 0x8c48, 0x8c48, 0x8c48, 0x8c48, 0x8c48, 0x8c48, 0x8c48, 0x8c48, 0x8c48, 0x8c48, 0x8c48, 
  0x8c48, 0x8c48, 0x8c48, 0x8c48, 0x8c48, 0x8c48, 0x8c48, 0x8c48, 0x8c48, 0x8c48, 0x8c48, 0x8c48, 
  0x8c48, 0x8c48, 0x8c48, 0x8c48, 0x8c48, 0x8c48, 0x8c48, 0x8c48, 0x8c48, 0x8c48, 0x8c48, 0x8c48, 
  0x8c48, 0x8c48, 0x8c48, 0x8c48, 0x8c48, 0x8c48, 0x8c48, 0x8c48, 0x8c48, 0x8c48, 0x8c48, 0x8c48, 
  0x8c48, 0x8c48, 0x8c48, 0x8c48, 0x8c48, 0x8c48, 0x8c48, 0x8c48, 0x8c48, 0x8c48, 0x8c48, 0x8c48, 
  0x8c48, 0x8c48, 0x8c48, 0x8c48, 0x8c48, 0x8c48, 0x8c48, 0x8c48, 0x8c48, 0x8c48, 0x8c48, 0x8c48, 
  0x8c48, 0x8c48, 0x8c48, 0x8c48, 0x8c48, 0x8c48, 0x8c48, 0x8c48, 0x8c48, 0x8c48, 0x8c48, 0x8c48, 
  0x8c48, 0x8c48, 0x8c48, 0x8c48, 0x8c48, 0x8c48, 0x8c48, 0x8c48, 0x8c48, 0x8c48, 0x8c48, 0x8c48, 
  0x8c48, 0x8c48, 0x8c48, 0x8c48, 0x8c48, 0x8c48, 0x8c48, 0x8c48, 0x8c48, 0x8c48, 0x8c48, 0x8c48, 
  0x8c48, 0x8c48, 0x8c48, 0x8c48, 0x8c48, 0x8c48, 0x8c48, 0x8c48, 0x8c48, 0x8c48, 0x8c48, 0x8c48, 
  0x8c48, 0x8c48, 0x8c48, 0x8c48, 0x8c48, 0x8c48, 0x8c48, 0x8c48, 0x8c48, 0x8c48, 0x94a9, 0x94a9, 
  0x8c88, 0x8c88, 0x8c88, 0x8c88, 0x7c27, 0x7c27, 0x8c88, 0x8c88, 0x8c48, 0x8c48, 0x8c88, 0x8c88, 
  0x8c88, 0x8c88, 0x8c88, 0x8c88, 0x8c48, 0x8c48, 0x8c48, 0x8c48, 0x8c48, 0x8c48, 0x8c48, 0x8c48, 
  0x8c48, 0x8c48, 0x8c48, 0x8c48, 0x8c48, 0x8c48, 0x8c48, 0x8c48, 0x8c48, 0x8c48, 0x8c48, 0x8c48, 
  0x8c48, 0x8c48, 0x8c48, 0x8c48, 0x8c48, 0x8c48, 0x8c48, 0x8c48, 0x8c48, 0x8c48, 0x8c48, 0x8c48, 
  0x8c48, 0x8c48, 0x8c48, 0x8c48, 0x8c48, 0x8c48, 0x8c48, 0x8c48, 0x8c48, 0x8c48, 0x8c48, 0x8c48, 
  0x8c48, 0x8c48, 0x8c48, 0x8c48, 0x8c48, 0x8c48, 0x8c48, 0x8c48, 0x8c48, 0x8c48, 0x8c48, 0x8c48, 
  0x8c48, 0x8c48, 0x8c48, 0x8c48, 0x8c48, 0x8c48, 0x8c48, 0x8c48, 0x8c48, 0x8c48, 0x8c48, 0x8c48, 
  0x8c48, 0x8c48, 0x8c48, 0x8c48, 0x8c48, 0x8c48, 0x8c48, 0x8c48, 0x8c48, 0x8c48, 0x8c48, 0x8c48, 
  0x8c48, 0x8c48, 0x8c48, 0x8c48, 0x8c48, 0x8c48, 0x8c48, 0x8c48, 0x8c48, 0x8c48, 0x8c48, 0x8c48, 
  0x8c48, 0x8c48, 0x8c48, 0x8c48, 0x8c48, 0x8c48, 0x8c48, 0x8c48, 0x8c48, 0x8c48, 0x8c48, 0x8c48, 
  0x8c48, 0x8c48, 0x8c48, 0x8c48, 0x8c48, 0x8c48, 0x8c48, 0x8c48, 0x8c48, 0x8c48, 0x8c48, 0x8c48, 
  0x8c48, 0x8c48, 0x8c48, 0x8c48, 0x8c48, 0x8c48, 0x8c48, 0x8c48, 0x8c48, 0x8c48, 0x8c48, 0x8c48, 
  0x8c48, 0x8c48, 0x8c48, 0x8c48, 0x8c48, 0x8c48, 0x8c48, 0x8c48, 0x8c48, 0x8c48, 0x8c48, 0x8c48, 
  0x8c48, 0x8c48, 0x8c48, 0x8c48, 0x8c48, 0x8c48, 0x8c48, 0x8c48, 0x8c48, 0x8c48, 0x8c48, 0x8c48, 
  0x8c48, 0x8c48, 0x8c48, 0x8c48, 0x8c48, 0x8c48, 0x8c48, 0x8c48, 0x8c48, 0x8c48, 0x8c48, 0x8c48, 
  0x8c48, 0x8c48, 0x8c48, 0x8c48, 0x8c48, 0x8c48, 0x8c48, 0x8c48, 0x8c48, 0x8c48, 0x8c48, 0x8c48, 
  0x8c48, 0x8c48, 0x8c48, 0x8c48, 0x8c48, 0x8c48, 0x8c48, 0x8c48, 0x8c48, 0x8c48, 0x94a9, 0x94a9, 
  0x8c48, 0x8c48, 0x8c48, 0x8c48, 0x8c48, 0x8c48, 0x8c48, 0x8c48, 0x8c48, 0x8c48, 0x8c48, 0x8c48, 
  0x8c48, 0x8c48, 0x8c48, 0x8c48, 0x8c48, 0x8c48, 0x8c48, 0x8c48, 0x8c48, 0x8c48, 0x8c48, 0x8c48, 
  0x8c48, 0x8c48, 0x8c48, 0x8c48, 0x8c48, 0x8c48, 0x8c48, 0x8c48, 0x8c48, 0x8c48, 0x8c48, 0x8c48, 
  0x8c48, 0x8c48, 0x8c48, 0x8c48, 0x8c48, 0x8c48, 0x8c48, 0x8c48, 0x8c48, 0x8c48, 0x8c48, 0x8c48, 
  0x8c48, 0x8c48, 0x8c48, 0x8c48, 0x8c48, 0x8c48, 0x8c48, 0x8c48, 0x8c48, 0x8c48, 0x8c48, 0x8c48, 
  0x8c48, 0x8c48, 0x8c48, 0x8c48, 0x8c48, 0x8c48, 0x8c48, 0x8c48, 0x8c48, 0x8c48, 0x8c48, 0x8c48, 
  0x8c48, 0x8c48, 0x7c27, 0x7c27, 0x8c88, 0x8c88, 0x8c88, 0x8c88, 0x8c48, 0x8c48, 0x7c27, 0x7c27, 
  0x7c27, 0x7c27, 0x8c88, 0x8c88, 0x8c88, 0x8c88, 0x7c27, 0x7c27, 0x8c48, 0x8c48, 0x8c48, 0x8c48, 
  0x8c48, 0x8c48, 0x8c48, 0x8c48, 0x8c48, 0x8c48, 0x8c48, 0x8c48, 0x8c48, 0x8c48, 0x8c48, 0x8c48, 
  0x8c48, 0x8c48, 0x8c48, 0x8c48, 0x8c48, 0x8c48, 0x8c48, 0x8c48, 0x8c48, 0x8c48, 0x8c48, 0x8c48, 
  0x8c48, 0x8c48, 0x8c48, 0x8c48, 0x8c48, 0x8c48, 0x8c48, 0x8c48, 0x8c48, 0x8c48, 0x8c48, 0x8c48, 
  0x8c48, 0x8c48, 0x8c48, 0x8c48, 0x8c48, 0x8c48, 0x8c48, 0x8c48, 0x8c48, 0x8c48, 0x8c48, 0x8c48, 
  0x8c48, 0x8c48, 0x8c48, 0x8c48, 0x8c48, 0x8c48, 0x8c48, 0x8c48, 0x8c48, 0x8c48, 0x94a9, 0x94a9, 
  0x8c48, 0x8c48, 0x8c48, 0x8c48, 0x8c48, 0x8c48, 0x8c48, 0x8c48, 0x8c48, 0x8c48, 0x8c48, 0x8c48, 
  0x8c48, 0x8c48, 0x8c48, 0x8c48, 0x8c48, 0x8c48, 0x8c48, 0x8c48, 0x8c48, 0x8c48, 0x8c48, 0x8c48, 
  0x8c48, 0x8c48, 0x8c48, 0x8c48, 0x8c48, 0x8c48, 0x8c48, 0x8c48, 0x8c48, 0x8c48, 0x8c48, 0x8c48, 
  0x8c48, 0x8c48, 0x8c48, 0x8c48, 0x8c48, 0x8c48, 0x8c48, 0x8c48, 0x8c48, 0x8c48, 0x8c48, 0x8c48, 
  0x8c48, 0x8c48, 0x8c48, 0x8c48, 0x8c48, 0x8c48, 0x8c48, 0x8c48, 0x8c48, 0x8c48, 0x8c48, 0x8c48, 
  0x8c48, 0x8c48, 0x8c48, 0x8c48, 0x8c48, 0x8c48, 0x8c48, 0x8c48, 0x8c48, 0x8c48, 0x8c48, 0x8c48, 
  0x8c48, 0x8c48, 0x8c48, 0x8c48, 0x8c48, 0x8c48, 0x8c48, 0x8c48, 0x8c48, 0x8c48, 0x8c48, 0x8c48, 
  0x8c48, 0x8c48, 0x8c48, 0x8c48, 0x8c48, 0x8c48, 0x8c48, 0x8c48, 0x8c48, 0x8c48, 0x8c48, 0x8c48, 
  0x8c48, 0x8c48, 0x8c48, 0x8c48, 0x8c48, 0x8c48, 0x8c48, 0x8c48, 0x8c48, 0x8c48, 0x8c48, 0x8c48, 
  0x8c48, 0x8c48, 0x8c48, 0x8c48, 0x8c48, 0x8c48, 0x8c48, 0x8c48, 0x8c48, 0x8c48, 0x8c48, 0x8c48, 
  0x8c48, 0x8c48, 0x94a9, 0x94a9, 0x8c48, 0x8c48, 0x8c48, 0x8c48, 0x8c48, 0x8c48, 0x8c48, 0x8c48, 
  0x8c48, 0x8c48, 0x8c48, 0x8c48, 0x8c48, 0x8c48, 0x8c48, 0x8c48, 0x8c48, 0x8c48, 0x8c48, 0x8c48, 
  0x8c48, 0x8c48, 0x8c48, 0x8c48, 0x8c48, 0x8c48, 0x8c48, 0x8c48, 0x8c48, 0x8c48, 0x8c48, 0x8c48, 
  0x8c48, 0x8c48, 0x8c48, 0x8c48, 0x8c48, 0x8c48, 0x8c48, 0x8c48, 0x8c48, 0x8c48, 0x8c48, 0x8c48, 
  0x8c48, 0x8c48, 0x8c48, 0x8c48, 0x8c48, 0x8c48, 0x8c48, 0x8c48, 0x8c48, 0x8c48, 0x8c48, 0x8c48, 
  0x8c48, 0x8c48, 0x8c48, 0x8c48, 0x8c48, 0x8c48, 0x8c48, 0x8c48, 0x8c48, 0x8c48, 0x8c48, 0x8c48, 
  0x8c48, 0x8c48, 0x8c48, 0x8c48, 0x8c48, 0x8c48, 0x7c27, 0x7c27, 0x8c88, 0x8c88, 0x8c88, 0x8c88, 
  0x8c48, 0x8c48, 0x7c27, 0x7c27, 0x7c27, 0x7c27, 0x8c88, 0x8c88, 0x8c88, 0x8c88, 0x7c27, 0x7c27, 
  0x8c48, 0x8c48, 0x8c48, 0x8c48, 0x8c48, 0x8c48, 0x8c48, 0x8c48, 0x8c48, 0x8c48, 0x8c48, 0x8c48, 
  0x8c48, 0x8c48, 0x8c48, 0x8c48, 0x8c48, 0x8c48, 0x8c48, 0x8c48, 0x8c48, 0x8c48, 0x8c48, 0x8c48, 
  0x8c48, 0x8c48, 0x8c48, 0x8c48, 0x8c48, 0x8c48, 0x8c48, 0x8c48, 0x8c48, 0x8c48, 0x8c48, 0x8c48, 
  0x8c48, 0x8c48, 0x8c48, 0x8c48, 0x8c48, 0x8c48, 0x8c48, 0x8c48, 0x8c48, 0x8c48, 0x8c48, 0x8c48, 
  0x8c48, 0x8c48, 0x8c48, 0x8c48, 0x8c48, 0x8c48, 0x8c48, 0x8c48, 0x8c48, 0x8c48, 0x8c48, 0x8c48, 
  0x8c48, 0x8c48, 0x94a9, 0x94a9, 0x8c48, 0x8c48, 0x8c48, 0x8c48, 0x8c48, 0x8c48, 0x8c48, 0x8c48, 
  0x8c48, 0x8c48, 0x8c48, 0x8c48, 0x8c48, 0x8c48, 0x8c48, 0x8c48, 0x8c48, 0x8c48, 0x8c48, 0x8c48, 
  0x8c48, 0x8c48, 0x8c48, 0x8c48, 0x8c48, 0x8c48, 0x8c48, 0x8c48, 0x8c48, 0x8c48, 0x8c48, 0x8c48, 
  0x8c48, 0x8c48, 0x8c48, 0x8c48, 0x8c48, 0x8c48, 0x8c48, 0x8c48, 0x8c48, 0x8c48, 0x8c48, 0x8c48, 
  0x8c48, 0x8c48, 0x8c48, 0x8c48, 0x8c48, 0x8c48, 0x8c48, 0x8c48, 0x8c48, 0x8c48, 0x8c48, 0x8c48, 
  0x8c48, 0x8c48, 0x8c48, 0x8c48, 0x8c48, 0x8c48, 0x8c48, 0x8c48, 0x8c48, 0x8c48, 0x8c48, 0x8c48, 
  0x8c48, 0x8c48, 0x8c48, 0x8c48, 0x8c48, 0x8c48, 0x8c48, 0x8c48, 0x8c48, 0x8c48, 0x8c48, 0x8c48, 
  0x8c48, 0x8c48, 0x8c48, 0x8c48, 0x8c48, 0x8c48, 0x8c48, 0x8c48, 0x8c48, 0x8c48, 0x8c48, 0x8c48, 
  0x8c48, 0x8c48, 0x8c48, 0x8c48, 0x8c48, 0x8c48, 0x8c48, 0x8c48, 0x8c48, 0x8c48, 0x8c48, 0x8c48, 
  0x8c48, 0x8c48, 0x8c48, 0x8c48, 0x8c88, 0x8c88, 0x94a9, 0x94a9, 0x94a9, 0x94a9, 0x8c48, 0x8c48, 
  0x8c48, 0x8c48, 0x8c48, 0x8c48, 0x94a9, 0x94a9, 0x8c48, 0x8c48, 0x8c48, 0x8c48, 0x8c48, 0x8c48, 
  0x8c48, 0x8c48, 0x8c48, 0x8c48, 0x8c48, 0x8c48, 0x8c48, 0x8c48, 0x8c48, 0x8c48, 0x8c48, 0x8c48, 
  0x8c48, 0x8c48, 0x8c48, 0x8c48, 0x8c48, 0x8c48, 0x8c48, 0x8c48, 0x8c48, 0x8c48, 0x8c48, 0x8c48, 
  0x8c48, 0x8c48, 0x8c48, 0x8c48, 0x8c48, 0x8c48, 0x8c48, 0x8c48, 0x8c48, 0x8c48, 0x8c48, 0x8c48, 
  0x8c48, 0x8c48, 0x8c48, 0x8c48, 0x8c48, 0x8c48, 0x8c48, 0x8c48, 0x8c48, 0x8c48, 0x8c48, 0x8c48, 
  0x8c48, 0x8c48, 0x8c48, 0x8c48, 0x8c48, 0x8c48, 0x8c48, 0x8c48, 0x8c48, 0x8c48, 0x8c48, 0x8c48, 
  0x8c48, 0x8c48, 0x8c48, 0x8c48, 0x8c48, 0x8c48, 0x8c48, 0x8c48, 0x8c48, 0x8c48, 0x8c48, 0x8c48, 
  0x7c27, 0x7c27, 0x8c88, 0x8c88, 0x8c48, 0x8c48, 0x8c48, 0x8c48, 0x7c27, 0x7c27, 0x7c27, 0x7c27, 
  0x7c27, 0x7c27, 0x8c48, 0x8c48, 0x8c48, 0x8c48, 0x8c48, 0x8c48, 0x8c48, 0x8c48, 0x8c48, 0x8c48, 
  0x8c48, 0x8c48, 0x8c48, 0x8c48, 0x8c48, 0x8c48, 0x8c48, 0x8c48, 0x8c48, 0x8c48, 0x8c48, 0x8c48, 
  0x8c48, 0x8c48, 0x8c48, 0x8c48, 0x8c48, 0x8c48, 0x8c48, 0x8c48, 0x8c48, 0x8c48, 0x8c48, 0x8c48, 
  0x8c48, 0x8c48, 0x8c48, 0x8c48, 0x8c48, 0x8c48, 0x8c48, 0x8c48, 0x8c48, 0x8c48, 0x8c48, 0x8c48, 
  0x8c48, 0x8c48, 0x8c48, 0x8c48, 0x8c88, 0x8c88, 0x94a9, 0x94a9, 0x94a9, 0x94a9, 0x8c48, 0x8c48, 
  0x8c48, 0x8c48, 0x8c48, 0x8c48, 0x94a9, 0x94a9, 0x8c48, 0x8c48, 0x8c48, 0x8c48, 0x8c48, 0x8c48, 
  0x8c48, 0x8c48, 0x8c48, 0x8c48, 0x8c48, 0x8c48, 0x8c48, 0x8c48, 0x8c48, 0x8c48, 0x8c48, 0x8c48, 
  0x8c48, 0x8c48, 0x8c48, 0x8c48, 0x8c48, 0x8c48, 0x8c48, 0x8c48, 0x8c48, 0x8c48, 0x8c48, 0x8c48, 
  0x8c48, 0x8c48, 0x8c48, 0x8c48, 0x8c48, 0x8c48, 0x8c48, 0x8c48, 0x8c48, 0x8c48, 0x8c48, 0x8c48, 
  0x8c48, 0x8c48, 0x8c48, 0x8c48, 0x8c48, 0x8c48, 0x8c48, 0x8c48, 0x8c48, 0x8c48, 0x8c48, 0x8c48, 
  0x8c48, 0x8c48, 0x8c48, 0x8c48, 0x8c48, 0x8c48, 0x8c48, 0x8c48, 0x8c48, 0x8c48, 0x8c48, 0x8c48, 
  0x8c48, 0x8c48, 0x8c48, 0x8c48, 0x8c48, 0x8c48, 0x8c48, 0x8c48, 0x8c48, 0x8c48, 0x8c48, 0x8c48, 
  0x8c48, 0x8c48, 0x8c48, 0x8c48, 0x8c48, 0x8c48, 0x8c48, 0x8c48, 0x8c48, 0x8c48, 0x8c48, 0x8c48, 
  0x8c48, 0x8c48, 0x8c48, 0x8c48, 0x8c48, 0x8c48, 0x8c48, 0x8c48, 0x8c48, 0x8c48, 0x8c48, 0x8c48, 
  0x8c48, 0x8c48, 0x8c48, 0x8c48, 0x8c48, 0x8c48, 0x8c48, 0x8c48, 0x8c88, 0x8c88, 0x94a9, 0x94a9, 
  0x94a9, 0x94a9, 0x8c48, 0x8c48, 0x8c48, 0x8c48, 0x8c48, 0x8c48, 0x94a9, 0x94a9, 0x8c48, 0x8c48, 
  0x8c48, 0x8c48, 0x8c48, 0x8c48, 0x8c48, 0x8c48, 0x8c48, 0x8c48, 0x8c48, 0x8c48, 0x8c48, 0x8c48, 
  0x8c48, 0x8c48, 0x8c48, 0x8c48, 0x8c48, 0x8c48, 0x8c48, 0x8c48, 0x8c48, 0x8c48, 0x8c48, 0x8c48, 
  0x8c48, 0x8c48, 0x8c48, 0x8c48, 0x8c48, 0x8c48, 0x8c48, 0x8c48, 0x8c48, 0x8c48, 0x8c48, 0x8c48, 
  0x8c48, 0x8c48, 0x8c48, 0x8c48, 0x8c48, 0x8c48, 0x8c48, 0x8c48, 0x8c48, 0x8c48, 0x8c48, 0x8c48, 
  0x8c48, 0x8c48, 0x8c48, 0x8c48, 0x8c48, 0x8c48, 0x8c48, 0x8c48, 0x8c48, 0x8c48, 0x8c48, 0x8c48, 
  0x8c48, 0x8c48, 0x8c48, 0x8c48, 0x8c48, 0x8c48, 0x8c48, 0x8c48, 0x8c48, 0x8c48, 0x8c48, 0x8c48, 
  0x8c48, 0x8c48, 0x8c48, 0x8c48, 0x7c27, 0x7c27, 0x8c88, 0x8c88, 0x8c48, 0x8c48, 0x8c48, 0x8c48, 
  0x7c27, 0x7c27, 0x7c27, 0x7c27, 0x7c27, 0x7c27, 0x8c48, 0x8c48, 0x8c48, 0x8c48, 0x8c48, 0x8c48, 
  0x8c48, 0x8c48, 0x8c48, 0x8c48, 0x8c48, 0x8c48, 0x8c48, 0x8c48, 0x8c48, 0x8c48, 0x8c48, 0x8c48, 
  0x8c48, 0x8c48, 0x8c48, 0x8c48, 0x8c48, 0x8c48, 0x8c48, 0x8c48, 0x8c48, 0x8c48, 0x8c48, 0x8c48, 
  0x8c48, 0x8c48, 0x8c48, 0x8c48, 0x8c48, 0x8c48, 0x8c48, 0x8c48, 0x8c48, 0x8c48, 0x8c48, 0x8c48, 
  0x8c48, 0x8c48, 0x8c48, 0x8c48, 0x8c48, 0x8c48, 0x8c48, 0x8c48, 0x8c88, 0x8c88, 0x94a9, 0x94a9, 
  0x94a9, 0x94a9, 0x8c48, 0x8c48, 0x8c48, 0x8c48, 0x8c48, 0x8c48, 0x94a9, 0x94a9, 0x8c48, 0x8c48, 
  0x8c48, 0x8c48, 0x8c48, 0x8c48, 0x8c48, 0x8c48, 0x8c48, 0x8c48, 0x8c48, 0x8c48, 0x8c48, 0x8c48, 
  0x8c48, 0x8c48, 0x8c48, 0x8c48, 0x8c48, 0x8c48, 0x8c48, 0x8c48, 0x8c48, 0x8c48, 0x8c48, 0x8c48, 
  0x8c48, 0x8c48, 0x8c48, 0x8c48, 0x8c48, 0x8c48, 0x8c48, 0x8c48, 0x8c48, 0x8c48, 0x8c48, 0x8c48, 
  0x8c48, 0x8c48, 0x8c48, 0x8c48, 0x8c48, 0x8c48, 0x8c48, 0x8c48, 0x8c48, 0x8c48, 0x8c48, 0x8c48, 
  0x8c48, 0x8c48, 0x8c48, 0x8c48, 0x8c48, 0x8c48, 0x8c48, 0x8c48, 0x8c48, 0x8c48, 0x8c48, 0x8c48, 
  0x8c48, 0x8c48, 0x8c48, 0x8c48, 0x8c48, 0x8c48, 0x8c48, 0x8c48, 0x8c48, 0x8c48, 0x8c48, 0x8c48, 
  0x8c48, 0x8c48, 0x8c48, 0x8c48, 0x8c48, 0x8c48, 0x8c48, 0x8c48, 0x8c48, 0x8c48, 0x8c48, 0x8c48, 
  0x8c48, 0x8c48, 0x8c48, 0x8c48, 0x8c48, 0x8c48, 0x8c48, 0x8c48, 0x8c48, 0x8c48, 0x8c48, 0x8c48, 
  0x8c48, 0x8c48, 0x8c48, 0x8c48, 0x8c48, 0x8c48, 0x8c48, 0x8c48, 0x8c48, 0x8c48, 0x8c48, 0x8c48, 
  0x8c48, 0x8c48, 0x94a9, 0x94a9, 0x8c88, 0x8c88, 0x8c88, 0x8c88, 0x8c48, 0x8c48, 0x94a9, 0x94a9, 
  0x94a9, 0x94a9, 0x8c48, 0x8c48, 0x8c48, 0x8c48, 0x8c48, 0x8c48, 0x8c48, 0x8c48, 0x8c48, 0x8c48, 
  0x8c48, 0x8c48, 0x8c48, 0x8c48, 0x8c48, 0x8c48, 0x8c48, 0x8c48, 0x8c48, 0x8c48, 0x8c48, 0x8c48, 
  0x8c48, 0x8c48, 0x8c48, 0x8c48, 0x8c48, 0x8c48, 0x8c48, 0x8c48, 0x8c48, 0x8c48, 0x8c48, 0x8c48, 
  0x8c48, 0x8c48, 0x8c48, 0x8c48, 0x8c48, 0x8c48, 0x8c48, 0x8c48, 0x8c48, 0x8c48, 0x8c48, 0x8c48, 
  0x8c48, 0x8c48, 0x8c48, 0x8c48, 0x8c48, 0x8c48, 0x8c48, 0x8c48, 0x8c48, 0x8c48, 0x8c48, 0x8c48, 
  0x8c48, 0x8c48, 0x8c48, 0x8c48, 0x8c48, 0x8c48, 0x8c48, 0x8c48, 0x8c48, 0x8c48, 0x8c48, 0x8c48, 
  0x8c48, 0x8c48, 0x8c48, 0x8c48, 0x8c48, 0x8c48, 0x8c48, 0x8c48, 0x8c48, 0x8c48, 0x7c27, 0x7c27, 
  0x8c48, 0x8c48, 0x8c88, 0x8c88, 0x8c88, 0x8c88, 0x8c48, 0x8c48, 0x8c48, 0x8c48, 0x8c48, 0x8c48, 
  0x8c48, 0x8c48, 0x8c48, 0x8c48, 0x8c48, 0x8c48, 0x8c48, 0x8c48, 0x8c48, 0x8c48, 0x8c48, 0x8c48, 
  0x8c48, 0x8c48, 0x8c48, 0x8c48, 0x8c48, 0x8c48, 0x8c48, 0x8c48, 0x8c48, 0x8c48, 0x8c48, 0x8c48, 
  0x8c48, 0x8c48, 0x8c48, 0x8c48, 0x8c48, 0x8c48, 0x8c48, 0x8c48, 0x8c48, 0x8c48, 0x8c48, 0x8c48, 
  0x8c48, 0x8c48, 0x8c48, 0x8c48, 0x8c48, 0x8c48, 0x8c48, 0x8c48, 0x8c48, 0x8c48, 0x8c48, 0x8c48, 
  0x8c48, 0x8c48, 0x94a9, 0x94a9, 0x8c88, 0x8c88, 0x8c88, 0x8c88, 0x8c48, 0x8c48, 0x94a9, 0x94a9, 
  0x94a9, 0x94a9, 0x8c48, 0x8c48, 0x8c48, 0x8c48, 0x8c48, 0x8c48, 0x8c48, 0x8c48, 0x8c48, 0x8c48, 
  0x8c48, 0x8c48, 0x8c48, 0x8c48, 0x8c48, 0x8c48, 0x8c48, 0x8c48, 0x8c48, 0x8c48, 0x8c48, 0x8c48, 
  0x8c48, 0x8c48, 0x8c48, 0x8c48, 0x8c48, 0x8c48, 0x8c48, 0x8c48, 0x8c48, 0x8c48, 0x8c48, 0x8c48, 
  0x8c48, 0x8c48, 0x8c48, 0x8c48, 0x8c48, 0x8c48, 0x8c48, 0x8c48, 0x8c48, 0x8c48, 0x8c48, 0x8c48, 
  0x8c48, 0x8c48, 0x8c48, 0x8c48, 0x8c48, 0x8c48, 0x8c48, 0x8c48, 0x8c48, 0x8c48, 0x8c48, 0x8c48, 
  0x8c48, 0x8c48, 0x8c48, 0x8c48, 0x8c48, 0x8c48, 0x8c48, 0x8c48, 0x8c88, 0x8c88, 0x8c88, 0x8c88, 
  0x8c48, 0x8c48, 0x8c48, 0x8c48, 0x8c48, 0x8c48, 0x8c48, 0x8c48, 0x8c48, 0x8c48, 0x8c48, 0x8c48, 
  0x8c48, 0x8c48, 0x8c48, 0x8c48, 0x8c48, 0x8c48, 0x8c48, 0x8c48, 0x8c48, 0x8c48, 0x8c48, 0x8c48, 
  0x8c48, 0x8c48, 0x8c48, 0x8c48, 0x8c48, 0x8c48, 0x8c48, 0x8c48, 0x8c48, 0x8c48, 0x8c48, 0x8c48, 
  0x8c48, 0x8c48, 0x8c48, 0x8c48, 0x8c48, 0x8c48, 0x94a9, 0x94a9, 0x8c88, 0x8c88, 0x8c88, 0x8c88, 
  0x8c48, 0x8c48, 0x94a9, 0x94a9, 0x94a9, 0x94a9, 0x8c48, 0x8c48, 0x8c48, 0x8c48, 0x8c48, 0x8c48, 
  0x8c48, 0x8c48, 0x8c48, 0x8c48, 0x8c48, 0x8c48, 0x8c48, 0x8c48, 0x8c48, 0x8c48, 0x8c48, 0x8c48, 
  0x8c48, 0x8c48, 0x8c48, 0x8c48, 0x8c48, 0x8c48, 0x8c48, 0x8c48, 0x8c48, 0x8c48, 0x8c48, 0x8c48, 
  0x8c48, 0x8c48, 0x8c48, 0x8c48, 0x8c48, 0x8c48, 0x8c48, 0x8c48, 0x8c48, 0x8c48, 0x8c48, 0x8c48, 
  0x8c48, 0x8c48, 0x8c48, 0x8c48, 0x8c48, 0x8c48, 0x8c48, 0x8c48, 0x8c48, 0x8c48, 0x8c48, 0x8c48, 
  0x8c48, 0x8c48, 0x8c48, 0x8c48, 0x8c48, 0x8c48, 0x8c48, 0x8c48, 0x8c48, 0x8c48, 0x8c48, 0x8c48, 
  0x8c48, 0x8c48, 0x8c48, 0x8c48, 0x8c48, 0x8c48, 0x8c48, 0x8c48, 0x8c48, 0x8c48, 0x8c48, 0x8c48, 
  0x8c48, 0x8c48, 0x7c27, 0x7c27, 0x8c48, 0x8c48, 0x8c88, 0x8c88, 0x8c88, 0x8c88, 0x8c48, 0x8c48, 
  0x8c48, 0x8c48, 0x8c48, 0x8c48, 0x8c48, 0x8c48, 0x8c48, 0x8c48, 0x8c48, 0x8c48, 0x8c48, 0x8c48, 
  0x8c48, 0x8c48, 0x8c48, 0x8c48, 0x8c48, 0x8c48, 0x8c48, 0x8c48, 0x8c48, 0x8c48, 0x8c48, 0x8c48, 
  0x8c48, 0x8c48, 0x8c48, 0x8c48, 0x8c48, 0x8c48, 0x8c48, 0x8c48, 0x8c48, 0x8c48, 0x8c48, 0x8c48, 
  0x8c48, 0x8c48, 0x8c48, 0x8c48, 0x8c48, 0x8c48, 0x8c48, 0x8c48, 0x8c48, 0x8c48, 0x8c48, 0x8c48, 
  0x8c48, 0x8c48, 0x8c48, 0x8c48, 0x8c48, 0x8c48, 0x94a9, 0x94a9, 0x8c88, 0x8c88, 0x8c88, 0x8c88, 
  0x8c48, 0x8c48, 0x94a9, 0x94a9, 0x94a9, 0x94a9, 0x8c48, 0x8c48, 0x8c48, 0x8c48, 0x8c48, 0x8c48, 
  0x8c48, 0x8c48, 0x8c48, 0x8c48, 0x8c48, 0x8c48, 0x8c48, 0x8c48, 0x8c48, 0x8c48, 0x8c48, 0x8c48, 
  0x8c48, 0x8c48, 0x8c48, 0x8c48, 0x8c48, 0x8c48, 0x8c48, 0x8c48, 0x8c48, 0x8c48, 0x8c48, 0x8c48, 
  0x8c48, 0x8c48, 0x8c48, 0x8c48, 0x8c48, 0x8c48, 0x8c48, 0x8c48, 0x8c48, 0x8c48, 0x8c48, 0x8c48, 
  0x8c48, 0x8c48, 0x8c48, 0x8c48, 0x8c48, 0x8c48, 0x8c48, 0x8c48, 0x8c48, 0x8c48, 0x8c48, 0x8c48, 
  0x8c48, 0x8c48, 0x8c48, 0x8c48, 0x8c48, 0x8c48, 0x8c48, 0x8c48, 0x8c48, 0x8c48, 0x8c48, 0x8c48, 
  0x8c88, 0x8c88, 0x8c88, 0x8c88, 0x8c48, 0x8c48, 0x8c48, 0x8c48, 0x8c48, 0x8c48, 0x8c48, 0x8c48, 
  0x8c48, 0x8c48, 0x8c48, 0x8c48, 0x8c48, 0x8c48, 0x8c48, 0x8c48, 0x8c48, 0x8c48, 0x8c48, 0x8c48, 
  0x8c48, 0x8c48, 0x8c48, 0x8c48, 0x8c48, 0x8c48, 0x8c48, 0x8c48, 0x8c48, 0x8c48, 0x8c48, 0x8c48, 
  0x8c48, 0x8c48, 0x8c48, 0x8c48, 0x8c48, 0x8c48, 0x8c48, 0x8c48, 0x8c48, 0x8c48, 0x7c27, 0x7c27, 
  0x8c88, 0x8c88, 0x8c88, 0x8c88, 0x8c48, 0x8c48, 0x8c88, 0x8c88, 0x8c88, 0x8c88, 0x8c48, 0x8c48, 
  0x8c48, 0x8c48, 0x8c48, 0x8c48, 0x8c48, 0x8c48, 0x8c48, 0x8c48, 0x8c48, 0x8c48, 0x8c48, 0x8c48, 
  0x8c48, 0x8c48, 0x8c48, 0x8c48, 0x8c48, 0x8c48, 0x8c48, 0x8c48, 0x8c48, 0x8c48, 0x8c48, 0x8c48, 
  0x8c48, 0x8c48, 0x8c48, 0x8c48, 0x8c48, 0x8c48, 0x8c48, 0x8c48, 0x8c48, 0x8c48, 0x8c48, 0x8c48, 
  0x8c48, 0x8c48, 0x8c48, 0x8c48, 0x8c48, 0x8c48, 0x8c48, 0x8c48, 0x8c48, 0x8c48, 0x8c48, 0x8c48, 
  0x8c48, 0x8c48, 0x8c48, 0x8c48, 0x8c48, 0x8c48, 0x8c48, 0x8c48, 0x8c48, 0x8c48, 0x8c48, 0x8c48, 
  0x8c48, 0x8c48, 0x8c48, 0x8c48, 0x8c48, 0x8c48, 0x8c48, 0x8c48, 0x8c48, 0x8c48, 0x8c48, 0x8c48, 
  0x8c48, 0x8c48, 0x8c48, 0x8c48, 0x8c48, 0x8c48, 0x8c48, 0x8c48, 0x8c48, 0x8c48, 0x94a9, 0x94a9, 
  0x7c27, 0x7c27, 0x8c48, 0x8c48, 0x8c48, 0x8c48, 0x8c48, 0x8c48, 0x8c48, 0x8c48, 0x8c48, 0x8c48, 
  0x8c48, 0x8c48, 0x8c48, 0x8c48, 0x8c48, 0x8c48, 0x8c48, 0x8c48, 0x8c48, 0x8c48, 0x8c48, 0x8c48, 
  0x8c48, 0x8c48, 0x8c48, 0x8c48, 0x8c48, 0x8c48, 0x8c48, 0x8c48, 0x8c48, 0x8c48, 0x8c48, 0x8c48, 
  0x8c48, 0x8c48, 0x8c48, 0x8c48, 0x8c48, 0x8c48, 0x8c48, 0x8c48, 0x8c48, 0x8c48, 0x8c48, 0x8c48, 
  0x8c48, 0x8c48, 0x8c48, 0x8c48, 0x8c48, 0x8c48, 0x8c48, 0x8c48, 0x8c48, 0x8c48, 0x7c27, 0x7c27, 
  0x8c88, 0x8c88, 0x8c88, 0x8c88, 0x8c48, 0x8c48, 0x8c88, 0x8c88, 0x8c88, 0x8c88, 0x8c48, 0x8c48, 
  0x8c48, 0x8c48, 0x8c48, 0x8c48, 0x8c48, 0x8c48, 0x8c48, 0x8c48, 0x8c48, 0x8c48, 0x8c48, 0x8c48, 
  0x8c48, 0x8c48, 0x8c48, 0x8c48, 0x8c48, 0x8c48, 0x8c48, 0x8c48, 0x8c48, 0x8c48, 0x8c48, 0x8c48, 
  0x8c48, 0x8c48, 0x8c48, 0x8c48, 0x8c48, 0x8c48, 0x8c48, 0x8c48, 0x8c48, 0x8c48, 0x8c48, 0x8c48, 
  0x8c48, 0x8c48, 0x8c48, 0x8c48, 0x8c48, 0x8c48, 0x8c48, 0x8c48, 0x8c48, 0x8c48, 0x8c48, 0x8c48, 
  0x8c48, 0x8c48, 0x8c48, 0x8c48, 0x8c48, 0x8c48, 0x8c48, 0x8c48, 0x8c48, 0x8c48, 0x8c48, 0x8c48, 
  0x8c48, 0x8c48, 0x94a9, 0x94a9, 0x8c88, 0x8c88, 0x8c48, 0x8c48, 0x8c48, 0x8c48, 0x8c48, 0x8c48, 
  0x8c48, 0x8c48, 0x8c48, 0x8c48, 0x8c48, 0x8c48, 0x8c48, 0x8c48, 0x8c48, 0x8c48, 0x8c48, 0x8c48, 
  0x8c48, 0x8c48, 0x8c48, 0x8c48, 0x8c48, 0x8c48, 0x8c48, 0x8c48, 0x8c48, 0x8c48, 0x8c48, 0x8c48, 
  0x8c48, 0x8c48, 0x8c48, 0x8c48, 0x8c48, 0x8c48, 0x8c48, 0x8c48, 0x8c48, 0x8c48, 0x8c48, 0x8c48, 
  0x8c48, 0x8c48, 0x7c27, 0x7c27, 0x8c88, 0x8c88, 0x8c88, 0x8c88, 0x8c48, 0x8c48, 0x8c88, 0x8c88, 
  0x8c88, 0x8c88, 0x8c48, 0x8c48, 0x8c48, 0x8c48, 0x8c48, 0x8c48, 0x8c48, 0x8c48, 0x8c48, 0x8c48, 
  0x8c48, 0x8c48, 0x8c48, 0x8c48, 0x8c48, 0x8c48, 0x8c48, 0x8c48, 0x8c48, 0x8c48, 0x8c48, 0x8c48, 
  0x8c48, 0x8c48, 0x8c48, 0x8c48, 0x8c48, 0x8c48, 0x8c48, 0x8c48, 0x8c48, 0x8c48, 0x8c48, 0x8c48, 
  0x8c48, 0x8c48, 0x8c48, 0x8c48, 0x8c48, 0x8c48, 0x8c48, 0x8c48, 0x8c48, 0x8c48, 0x8c48, 0x8c48, 
  0x8c48, 0x8c48, 0x8c48, 0x8c48, 0x8c48, 0x8c48, 0x8c48, 0x8c48, 0x8c48, 0x8c48, 0x8c48, 0x8c48, 
  0x8c48, 0x8c48, 0x8c48, 0x8c48, 0x8c48, 0x8c48, 0x8c48, 0x8c48, 0x8c48, 0x8c48, 0x8c48, 0x8c48, 
  0x8c48, 0x8c48, 0x8c48, 0x8c48, 0x8c48, 0x8c48, 0x8c48, 0x8c48, 0x8c48, 0x8c48, 0x8c48, 0x8c48, 
  0x8c48, 0x8c48, 0x94a9, 0x94a9, 0x7c27, 0x7c27, 0x8c48, 0x8c48, 0x8c48, 0x8c48, 0x8c48, 0x8c48, 
  0x8c48, 0x8c48, 0x8c48, 0x8c48, 0x8c48, 0x8c48, 0x8c48, 0x8c48, 0x8c48, 0x8c48, 0x8c48, 0x8c48, 
  0x8c48, 0x8c48, 0x8c48, 0x8c48, 0x8c48, 0x8c48, 0x8c48, 0x8c48, 0x8c48, 0x8c48, 0x8c48, 0x8c48, 
  0x8c48, 0x8c48, 0x8c48, 0x8c48, 0x8c48, 0x8c48, 0x8c48, 0x8c48, 0x8c48, 0x8c48, 0x8c48, 0x8c48, 
  0x8c48, 0x8c48, 0x8c48, 0x8c48, 0x8c48, 0x8c48, 0x8c48, 0x8c48, 0x8c48, 0x8c48, 0x8c48, 0x8c48, 
  0x8c48, 0x8c48, 0x7c27, 0x7c27, 0x8c88, 0x8c88, 0x8c88, 0x8c88, 0x8c48, 0x8c48, 0x8c88, 0x8c88, 
  0x8c88, 0x8c88, 0x8c48, 0x8c48, 0x8c48, 0x8c48, 0x8c48, 0x8c48, 0x8c48, 0x8c48, 0x8c48, 0x8c48, 
  0x8c48, 0x8c48, 0x8c48, 0x8c48, 0x8c48, 0x8c48, 0x8c48, 0x8c48, 0x8c48, 0x8c48, 0x8c48, 0x8c48, 
  0x8c48, 0x8c48, 0x8c48, 0x8c48, 0x8c48, 0x8c48, 0x8c48, 0x8c48, 0x8c48, 0x8c48, 0x8c48, 0x8c48, 
  0x8c48, 0x8c48, 0x8c48, 0x8c48, 0x8c48, 0x8c48, 0x8c48, 0x8c48, 0x8c48, 0x8c48, 0x8c48, 0x8c48, 
  0x8c48, 0x8c48, 0x8c48, 0x8c48, 0x8c48, 0x8c48, 0x8c48, 0x8c48, 0x8c48, 0x8c48, 0x8c48, 0x8c48, 
  0x8c48, 0x8c48, 0x8c48, 0x8c48, 0x8c48, 0x8c48, 0x94a9, 0x94a9, 0x8c88, 0x8c88, 0x8c48, 0x8c48, 
  0x8c48, 0x8c48, 0x8c48, 0x8c48, 0x8c48, 0x8c48, 0x8c48, 0x8c48, 0x8c48, 0x8c48, 0x8c48, 0x8c48, 
  0x8c48, 0x8c48, 0x8c48, 0x8c48, 0x8c48, 0x8c48, 0x8c48, 0x8c48, 0x8c48, 0x8c48, 0x8c48, 0x8c48, 
  0x8c48, 0x8c48, 0x8c48, 0x8c48, 0x8c48, 0x8c48, 0x8c48, 0x8c48, 0x8c48, 0x8c48, 0x8c48, 0x8c48, 
  0x8c48, 0x8c48, 0x8c48, 0x8c48, 0x8c48, 0x8c48, 0x8c48, 0x8c48, 0x7c27, 0x7c27, 0x8c88, 0x8c88, 
  0x7c27, 0x7c27, 0x8c88, 0x8c88, 0x7c27, 0x7c27, 0x8c48, 0x8c48, 0x8c48, 0x8c48, 0x8c48, 0x8c48, 
  0x8c48, 0x8c48, 0x8c48, 0x8c48, 0x8c48, 0x8c48, 0x8c48, 0x8c48, 0x8c48, 0x8c48, 0x8c48, 0x8c48, 
  0x8c48, 0x8c48, 0x8c48, 0x8c48, 0x8c48, 0x8c48, 0x8c48, 0x8c48, 0x8c48, 0x8c48, 0x8c48, 0x8c48, 
  0x8c48, 0x8c48, 0x8c48, 0x8c48, 0x8c48, 0x8c48, 0x8c48, 0x8c48, 0x8c48, 0x8c48, 0x8c48, 0x8c48, 
  0x8c48, 0x8c48, 0x8c48, 0x8c48, 0x8c48, 0x8c48, 0x8c48, 0x8c48, 0x8c48, 0x8c48, 0x8c48, 0x8c48, 
  0x8c48, 0x8c48, 0x8c48, 0x8c48, 0x8c48, 0x8c48, 0x8c48, 0x8c48, 0x8c48, 0x8c48, 0x8c48, 0x8c48, 
  0x8c48, 0x8c48, 0x8c48, 0x8c48, 0x8c48, 0x8c48, 0x8c48, 0x8c48, 0x8c48, 0x8c48, 0x8c48, 0x8c48, 
  0x8c48, 0x8c48, 0x8c48, 0x8c48, 0x8c48, 0x8c48, 0x7c27, 0x7c27, 0x8c48, 0x8c48, 0x8c48, 0x8c48, 
  0x8c48, 0x8c48, 0x8c48, 0x8c48, 0x8c48, 0x8c48, 0x8c48, 0x8c48, 0x8c48, 0x8c48, 0x8c48, 0x8c48, 
  0x8c48, 0x8c48, 0x8c48, 0x8c48, 0x8c48, 0x8c48, 0x8c48, 0x8c48, 0x8c48, 0x8c48, 0x8c48, 0x8c48, 
  0x8c48, 0x8c48, 0x8c48, 0x8c48, 0x8c48, 0x8c48, 0x8c48, 0x8c48, 0x8c48, 0x8c48, 0x8c48, 0x8c48, 
  0x8c48, 0x8c48, 0x8c48, 0x8c48, 0x8c48, 0x8c48, 0x8c48, 0x8c48, 0x8c48, 0x8c48, 0x8c48, 0x8c48, 
  0x8c48, 0x8c48, 0x8c48, 0x8c48, 0x8c48, 0x8c48, 0x8c48, 0x8c48, 0x7c27, 0x7c27, 0x8c88, 0x8c88, 
  0x7c27, 0x7c27, 0x8c88, 0x8c88, 0x7c27, 0x7c27, 0x8c48, 0x8c48, 0x8c48, 0x8c48, 0x8c48, 0x8c48, 
  0x8c48, 0x8c48, 0x8c48, 0x8c48, 0x8c48, 0x8c48, 0x8c48, 0x8c48, 0x8c48, 0x8c48, 0x8c48, 0x8c48, 
  0x8c48, 0x8c48, 0x8c48, 0x8c48, 0x8c48, 0x8c48, 0x8c48, 0x8c48, 0x8c48, 0x8c48, 0x8c48, 0x8c48, 
  0x8c48, 0x8c48, 0x8c48, 0x8c48, 0x8c48, 0x8c48, 0x8c48, 0x8c48, 0x8c48, 0x8c48, 0x8c48, 0x8c48, 
  0x8c48, 0x8c48, 0x8c48, 0x8c48, 0x8c48, 0x8c48, 0x8c48, 0x8c48, 0x8c48, 0x8c48, 0x8c48, 0x8c48, 
  0x8c48, 0x8c48, 0x8c48, 0x8c48, 0x8c48, 0x8c48, 0x8c48, 0x8c48, 0x8c88, 0x8c88, 0x8c88, 0x8c88, 
  0x7c27, 0x7c27, 0x8c48, 0x8c48, 0x8c48, 0x8c48, 0x8c48, 0x8c48, 0x8c48, 0x8c48, 0x8c48, 0x8c48, 
  0x8c48, 0x8c48, 0x8c48, 0x8c48, 0x8c48, 0x8c48, 0x8c48, 0x8c48, 0x8c48, 0x8c48, 0x8c48, 0x8c48, 
  0x8c48, 0x8c48, 0x8c48, 0x8c48, 0x8c48, 0x8c48, 0x8c48, 0x8c48, 0x8c48, 0x8c48, 0x8c48, 0x8c48, 
  0x8c48, 0x8c48, 0x8c48, 0x8c48, 0x8c48, 0x8c48, 0x8c48, 0x8c48, 0x8c48, 0x8c48, 0x8c48, 0x8c48, 
  0x7c27, 0x7c27, 0x8c88, 0x8c88, 0x7c27, 0x7c27, 0x8c88, 0x8c88, 0x7c27, 0x7c27, 0x8c48, 0x8c48, 
  0x8c48, 0x8c48, 0x8c48, 0x8c48, 0x8c48, 0x8c48, 0x8c48, 0x8c48, 0x8c48, 0x8c48, 0x8c48, 0x8c48, 
  0x8c48, 0x8c48, 0x8c48, 0x8c48, 0x8c48, 0x8c48, 0x8c48, 0x8c48, 0x8c48, 0x8c48, 0x8c48, 0x8c48, 
  0x8c48, 0x8c48, 0x8c48, 0x8c48, 0x8c48, 0x8c48, 0x8c48, 0x8c48, 0x8c48, 0x8c48, 0x8c48, 0x8c48, 
  0x8c48, 0x8c48, 0x8c48, 0x8c48, 0x8c48, 0x8c48, 0x8c48, 0x8c48, 0x8c48, 0x8c48, 0x8c48, 0x8c48, 
  0x8c48, 0x8c48, 0x8c48, 0x8c48, 0x8c48, 0x8c48, 0x8c48, 0x8c48, 0x8c48, 0x8c48, 0x8c48, 0x8c48, 
  0x8c48, 0x8c48, 0x8c48, 0x8c48, 0x8c48, 0x8c48, 0x8c48, 0x8c48, 0x8c48, 0x8c48, 0x8c48, 0x8c48, 
  0x8c48, 0x8c48, 0x8c48, 0x8c48, 0x8c48, 0x8c48, 0x8c48, 0x8c48, 0x8c48, 0x8c48, 0x7c27, 0x7c27, 
  0x8c48, 0x8c48, 0x8c48, 0x8c48, 0x8c48, 0x8c48, 0x8c48, 0x8c48, 0x8c48, 0x8c48, 0x8c48, 0x8c48, 
  0x8c48, 0x8c48, 0x8c48, 0x8c48, 0x8c48, 0x8c48, 0x8c48, 0x8c48, 0x8c48, 0x8c48, 0x8c48, 0x8c48, 
  0x8c48, 0x8c48, 0x8c48, 0x8c48, 0x8c48, 0x8c48, 0x8c48, 0x8c48, 0x8c48, 0x8c48, 0x8c48, 0x8c48, 
  0x8c48, 0x8c48, 0x8c48, 0x8c48, 0x8c48, 0x8c48, 0x8c48, 0x8c48, 0x8c48, 0x8c48, 0x8c48, 0x8c48, 
  0x8c48, 0x8c48, 0x8c48, 0x8c48, 0x8c48, 0x8c48, 0x8c48, 0x8c48, 0x8c48, 0x8c48, 0x8c48, 0x8c48, 
  0x7c27, 0x7c27, 0x8c88, 0x8c88, 0x7c27, 0x7c27, 0x8c88, 0x8c88, 0x7c27, 0x7c27, 0x8c48, 0x8c48, 
  0x8c48, 0x8c48, 0x8c48, 0x8c48, 0x8c48, 0x8c48, 0x8c48, 0x8c48, 0x8c48, 0x8c48, 0x8c48, 0x8c48, 
  0x8c48, 0x8c48, 0x8c48, 0x8c48, 0x8c48, 0x8c48, 0x8c48, 0x8c48, 0x8c48, 0x8c48, 0x8c48, 0x8c48, 
  0x8c48, 0x8c48, 0x8c48, 0x8c48, 0x8c48, 0x8c48, 0x8c48, 0x8c48, 0x8c48, 0x8c48, 0x8c48, 0x8c48, 
  0x8c48, 0x8c48, 0x8c48, 0x8c48, 0x8c48, 0x8c48, 0x8c48, 0x8c48, 0x8c48, 0x8c48, 0x8c48, 0x8c48, 
  0x8c48, 0x8c48, 0x8c48, 0x8c48, 0x8c48, 0x8c48, 0x8c48, 0x8c48, 0x8c48, 0x8c48, 0x8c48, 0x8c48, 
  0x8c88, 0x8c88, 0x8c88, 0x8c88, 0x7c27, 0x7c27, 0x8c48, 0x8c48, 0x8c48, 0x8c48, 0x8c48, 0x8c48, 
  0x8c48, 0x8c48, 0x8c48, 0x8c48, 0x8c48, 0x8c48, 0x8c48, 0x8c48, 0x8c48, 0x8c48, 0x8c48, 0x8c48, 
  0x8c48, 0x8c48, 0x8c48, 0x8c48, 0x8c48, 0x8c48, 0x8c48, 0x8c48, 0x8c48, 0x8c48, 0x8c48, 0x8c48, 
  0x8c48, 0x8c48, 0x8c48, 0x8c48, 0x8c48, 0x8c48, 0x8c48, 0x8c48, 0x8c48, 0x8c48, 0x8c48, 0x8c48, 
  0x8c48, 0x8c48, 0x8c48, 0x8c48, 0x8c48, 0x8c48, 0x7c27, 0x7c27, 0x8c48, 0x8c48, 0x7c27, 0x7c27, 
  0x8c48, 0x8c48, 0x8c48, 0x8c48, 0x8c48, 0x8c48, 0x8c48, 0x8c48, 0x8c48, 0x8c48, 0x8c48, 0x8c48, 
  0x8c48, 0x8c48, 0x8c48, 0x8c48, 0x8c48, 0x8c48, 0x8c48, 0x8c48, 0x8c48, 0x8c48, 0x8c48, 0x8c48, 
  0x8c48, 0x8c48, 0x8c48, 0x8c48, 0x8c48, 0x8c48, 0x8c48, 0x8c48, 0x8c48, 0x8c48, 0x8c48, 0x8c48, 
  0x8c48, 0x8c48, 0x8c48, 0x8c48, 0x8c48, 0x8c48, 0x8c48, 0x8c48, 0x8c48, 0x8c48, 0x8c48, 0x8c48, 
  0x8c48, 0x8c48, 0x8c48, 0x8c48, 0x8c48, 0x8c48, 0x8c48, 0x8c48, 0x8c48, 0x8c48, 0x8c48, 0x8c48, 
  0x8c48, 0x8c48, 0x8c48, 0x8c48, 0x8c48, 0x8c48, 0x8c48, 0x8c48, 0x8c48, 0x8c48, 0x8c48, 0x8c48, 
  0x8c48, 0x8c48, 0x8c48, 0x8c48, 0x8c48, 0x8c48, 0x8c48, 0x8c48, 0x8c48, 0x8c48, 0x8c48, 0x8c48, 
  0x8c48, 0x8c48, 0x8c48, 0x8c48, 0x8c48, 0x8c48, 0x8c48, 0x8c48, 0x8c48, 0x8c48, 0x8c48, 0x8c48, 
  0x8c48, 0x8c48, 0x8c48, 0x8c48, 0x8c48, 0x8c48, 0x8c48, 0x8c48, 0x8c48, 0x8c48, 0x8c48, 0x8c48, 
  0x8c48, 0x8c48, 0x8c48, 0x8c48, 0x8c48, 0x8c48, 0x8c48, 0x8c48, 0x8c48, 0x8c48, 0x8c48, 0x8c48, 
  0x8c48, 0x8c48, 0x8c48, 0x8c48, 0x8c48, 0x8c48, 0x8c48, 0x8c48, 0x8c48, 0x8c48, 0x8c48, 0x8c48, 
  0x8c48, 0x8c48, 0x8c48, 0x8c48, 0x8c48, 0x8c48, 0x8c48, 0x8c48, 0x8c48, 0x8c48, 0x8c48, 0x8c48, 
  0x8c48, 0x8c48, 0x8c48, 0x8c48, 0x8c48, 0x8c48, 0x7c27, 0x7c27, 0x8c48, 0x8c48, 0x7c27, 0x7c27, 
  0x8c48, 0x8c48, 0x8c48, 0x8c48, 0x8c48, 0x8c48, 0x8c48, 0x8c48, 0x8c48, 0x8c48, 0x8c48, 0x8c48, 
  0x8c48, 0x8c48, 0x8c48, 0x8c48, 0x8c48, 0x8c48, 0x8c48, 0x8c48, 0x8c48, 0x8c48, 0x8c48, 0x8c48, 
  0x8c48, 0x8c48, 0x8c48, 0x8c48, 0x8c48, 0x8c48, 0x8c48, 0x8c48, 0x8c48, 0x8c48, 0x8c48, 0x8c48, 
  0x8c48, 0x8c48, 0x8c48, 0x8c48, 0x8c48, 0x8c48, 0x8c48, 0x8c48, 0x8c48, 0x8c48, 0x8c48, 0x8c48, 
  0x8c48, 0x8c48, 0x8c48, 0x8c48, 0x8c48, 0x8c48, 0x8c48, 0x8c48, 0x94a9, 0x94a9, 0x94a9, 0x94a9, 
  0x8c88, 0x8c88, 0x8c48, 0x8c48, 0x8c88, 0x8c88, 0x8c88, 0x8c88, 0x7c27, 0x7c27, 0x8c48, 0x8c48, 
  0x8c48, 0x8c48, 0x8c48, 0x8c48, 0x8c48, 0x8c48, 0x8c48, 0x8c48, 0x8c48, 0x8c48, 0x8c48, 0x8c48, 
  0x8c48, 0x8c48, 0x8c48, 0x8c48, 0x8c48, 0x8c48, 0x8c48, 0x8c48, 0x8c48, 0x8c48, 0x8c48, 0x8c48, 
  0x8c48, 0x8c48, 0x8c48, 0x8c48, 0x8c48, 0x8c48, 0x8c48, 0x8c48, 0x8c48, 0x8c48, 0x8c48, 0x8c48, 
  0x8c48, 0x8c48, 0x8c48, 0x8c48, 0x8c48, 0x8c48, 0x8c48, 0x8c48, 0x8c48, 0x8c48, 0x7c27, 0x7c27, 
  0x8c48, 0x8c48, 0x7c27, 0x7c27, 0x8c48, 0x8c48, 0x8c48, 0x8c48, 0x8c48, 0x8c48, 0x8c48, 0x8c48, 
  0x8c48, 0x8c48, 0x8c48, 0x8c48, 0x8c48, 0x8c48, 0x8c48, 0x8c48, 0x8c48, 0x8c48, 0x8c48, 0x8c48, 
  0x8c48, 0x8c48, 0x8c48, 0x8c48, 0x8c48, 0x8c48, 0x8c48, 0x8c48, 0x8c48, 0x8c48, 0x8c48, 0x8c48, 
  0x8c48, 0x8c48, 0x8c48, 0x8c48, 0x8c48, 0x8c48, 0x8c48, 0x8c48, 0x8c48, 0x8c48, 0x8c48, 0x8c48, 
  0x8c48, 0x8c48, 0x8c48, 0x8c48, 0x8c48, 0x8c48, 0x8c48, 0x8c48, 0x8c48, 0x8c48, 0x8c48, 0x8c48, 
  0x8c48, 0x8c48, 0x8c48, 0x8c48, 0x8c48, 0x8c48, 0x8c48, 0x8c48, 0x8c48, 0x8c48, 0x8c48, 0x8c48, 
  0x8c48, 0x8c48, 0x8c48, 0x8c48, 0x8c48, 0x8c48, 0x8c48, 0x8c48, 0x8c48, 0x8c48, 0x8c48, 0x8c48, 
  0x8c48, 0x8c48, 0x8c48, 0x8c48, 0x8c48, 0x8c48, 0x8c48, 0x8c48, 0x8c48, 0x8c48, 0x8c48, 0x8c48, 
  0x8c48, 0x8c48, 0x8c48, 0x8c48, 0x8c48, 0x8c48, 0x8c48, 0x8c48, 0x8c48, 0x8c48, 0x8c48, 0x8c48, 
  0x8c48, 0x8c48, 0x8c48, 0x8c48, 0x8c48, 0x8c48, 0x8c48, 0x8c48, 0x8c48, 0x8c48, 0x8c48, 0x8c48, 
  0x8c48, 0x8c48, 0x8c48, 0x8c48, 0x8c48, 0x8c48, 0x8c48, 0x8c48, 0x8c48, 0x8c48, 0x8c48, 0x8c48, 
  0x8c48, 0x8c48, 0x8c48, 0x8c48, 0x8c48, 0x8c48, 0x8c48, 0x8c48, 0x8c48, 0x8c48, 0x8c48, 0x8c48, 
  0x8c48, 0x8c48, 0x8c48, 0x8c48, 0x8c48, 0x8c48, 0x8c48, 0x8c48, 0x8c48, 0x8c48, 0x7c27, 0x7c27, 
  0x8c48, 0x8c48, 0x7c27, 0x7c27, 0x8c48, 0x8c48, 0x8c48, 0x8c48, 0x8c48, 0x8c48, 0x8c48, 0x8c48, 
  0x8c48, 0x8c48, 0x8c48, 0x8c48, 0x8c48, 0x8c48, 0x8c48, 0x8c48, 0x8c48, 0x8c48, 0x8c48, 0x8c48, 
  0x8c48, 0x8c48, 0x8c48, 0x8c48, 0x8c48, 0x8c48, 0x8c48, 0x8c48, 0x8c48, 0x8c48, 0x8c48, 0x8c48, 
  0x8c48, 0x8c48, 0x8c48, 0x8c48, 0x8c48, 0x8c48, 0x8c48, 0x8c48, 0x8c48, 0x8c48, 0x8c48, 0x8c48, 
  0x8c48, 0x8c48, 0x8c48, 0x8c48, 0x8c48, 0x8c48, 0x8c48, 0x8c48, 0x8c48, 0x8c48, 0x8c48, 0x8c48, 
  0x94a9, 0x94a9, 0x94a9, 0x94a9, 0x8c88, 0x8c88, 0x8c48, 0x8c48, 0x8c88, 0x8c88, 0x8c88, 0x8c88, 
  0x7c27, 0x7c27, 0x8c48, 0x8c48, 0x8c48, 0x8c48, 0x8c48, 0x8c48, 0x8c48, 0x8c48, 0x8c48, 0x8c48, 
  0x8c48, 0x8c48, 0x8c48, 0x8c48, 0x8c48, 0x8c48, 0x8c48, 0x8c48, 0x8c48, 0x8c48, 0x8c48, 0x8c48, 
  0x8c48, 0x8c48, 0x8c48, 0x8c48, 0x8c48, 0x8c48, 0x8c48, 0x8c48, 0x8c48, 0x8c48, 0x8c48, 0x8c48, 
  0x8c48, 0x8c48, 0x8c48, 0x8c48, 0x8c48, 0x8c48, 0x8c48, 0x8c48, 0x8c48, 0x8c48, 0x8c48, 0x8c48, 
  0x8c48, 0x8c48, 0x8c48, 0x8c48, 0x8c48, 0x8c48, 0x8c48, 0x8c48, 0x8c48, 0x8c48, 0x8c48, 0x8c48, 
  0x8c48, 0x8c48, 0x8c48, 0x8c48, 0x8c48, 0x8c48, 0x8c48, 0x8c48, 0x8c48, 0x8c48, 0x8c48, 0x8c48, 
  0x8c48, 0x8c48, 0x8c48, 0x8c48, 0x8c48, 0x8c48, 0x8c48, 0x8c48, 0x8c48, 0x8c48, 0x8c48, 0x8c48, 
  0x8c48, 0x8c48, 0x8c48, 0x8c48, 0x8c48, 0x8c48, 0x8c48, 0x8c48, 0x8c48, 0x8c48, 0x8c48, 0x8c48, 
  0x8c48, 0x8c48, 0x8c48, 0x8c48, 0x8c48, 0x8c48, 0x8c48, 0x8c48, 0x8c48, 0x8c48, 0x8c48, 0x8c48, 
  0x8c48, 0x8c48, 0x8c48, 0x8c48, 0x8c48, 0x8c48, 0x8c48, 0x8c48, 0x8c48, 0x8c48, 0x8c48, 0x8c48, 
  0x8c48, 0x8c48, 0x8c48, 0x8c48, 0x8c48, 0x8c48, 0x8c48, 0x8c48, 0x8c48, 0x8c48, 0x8c48, 0x8c48, 
  0x8c48, 0x8c48, 0x8c48, 0x8c48, 0x8c48, 0x8c48, 0x8c48, 0x8c48, 0x8c48, 0x8c48, 0x8c48, 0x8c48, 
  0x8c48, 0x8c48, 0x8c48, 0x8c48, 0x8c48, 0x8c48, 0x8c48, 0x8c48, 0x8c48, 0x8c48, 0x8c48, 0x8c48, 
  0x8c48, 0x8c48, 0x8c48, 0x8c48, 0x8c48, 0x8c48, 0x8c48, 0x8c48, 0x8c48, 0x8c48, 0x8c48, 0x8c48, 
  0x8c48, 0x8c48, 0x8c48, 0x8c48, 0x8c48, 0x8c48, 0x8c48, 0x8c48, 0x8c48, 0x8c48, 0x8c48, 0x8c48, 
  0x8c48, 0x8c48, 0x8c48, 0x8c48, 0x8c48, 0x8c48, 0x8c48, 0x8c48, 0x8c48, 0x8c48, 0x8c48, 0x8c48, 
  0x8c48, 0x8c48, 0x8c48, 0x8c48, 0x8c48, 0x8c48, 0x8c48, 0x8c48, 0x8c48, 0x8c48, 0x8c48, 0x8c48, 
  0x8c48, 0x8c48, 0x8c48, 0x8c48, 0x8c48, 0x8c48, 0x8c48, 0x8c48, 0x8c48, 0x8c48, 0x8c48, 0x8c48, 
  0x8c48, 0x8c48, 0x8c48, 0x8c48, 0x8c48, 0x8c48, 0x8c48, 0x8c48, 0x8c48, 0x8c48, 0x8c48, 0x8c48, 
  0x8c48, 0x8c48, 0x8c48, 0x8c48, 0x8c48, 0x8c48, 0x8c48, 0x8c48, 0x8c48, 0x8c48, 0x8c48, 0x8c48, 
  0x8c48, 0x8c48, 0x8c48, 0x8c48, 0x8c48, 0x8c48, 0x8c48, 0x8c48, 0x8c48, 0x8c48, 0x8c48, 0x8c48, 
  0x8c48, 0x8c48, 0x8c48, 0x8c48, 0x8c48, 0x8c48, 0x8c48, 0x8c48, 0x8c48, 0x8c48, 0x8c48, 0x8c48, 
  0x8c48, 0x8c48, 0x8c48, 0x8c48, 0x8c48, 0x8c48, 0x94a9, 0x94a9, 0x8c88, 0x8c88, 0x8c88, 0x8c88, 
  0x7c27, 0x7c27, 0x8c88, 0x8c88, 0x7c27, 0x7c27, 0x8c48, 0x8c48, 0x8c48, 0x8c48, 0x8c48, 0x8c48, 
  0x8c48, 0x8c48, 0x8c48, 0x8c48, 0x8c48, 0x8c48, 0x8c48, 0x8c48, 0x8c48, 0x8c48, 0x8c48, 0x8c48, 
  0x8c48, 0x8c48, 0x8c48, 0x8c48, 0x8c48, 0x8c48, 0x8c48, 0x8c48, 0x8c48, 0x8c48, 0x8c48, 0x8c48, 
  0x8c48, 0x8c48, 0x8c48, 0x8c48, 0x8c48, 0x8c48, 0x8c48, 0x8c48, 0x8c48, 0x8c48, 0x8c48, 0x8c48, 
  0x8c48, 0x8c48, 0x8c48, 0x8c48, 0x8c48, 0x8c48, 0x8c48, 0x8c48, 0x8c48, 0x8c48, 0x8c48, 0x8c48, 
  0x8c48, 0x8c48, 0x8c48, 0x8c48, 0x8c48, 0x8c48, 0x8c48, 0x8c48, 0x8c48, 0x8c48, 0x8c48, 0x8c48, 
  0x8c48, 0x8c48, 0x8c48, 0x8c48, 0x8c48, 0x8c48, 0x8c48, 0x8c48, 0x8c48, 0x8c48, 0x8c48, 0x8c48, 
  0x8c48, 0x8c48, 0x8c48, 0x8c48, 0x8c48, 0x8c48, 0x8c48, 0x8c48, 0x8c48, 0x8c48, 0x8c48, 0x8c48, 
  0x8c48, 0x8c48, 0x8c48, 0x8c48, 0x8c48, 0x8c48, 0x8c48, 0x8c48, 0x8c48, 0x8c48, 0x8c48, 0x8c48, 
  0x8c48, 0x8c48, 0x8c48, 0x8c48, 0x8c48, 0x8c48, 0x8c48, 0x8c48, 0x8c48, 0x8c48, 0x8c48, 0x8c48, 
  0x8c48, 0x8c48, 0x8c48, 0x8c48, 0x8c48, 0x8c48, 0x8c48, 0x8c48, 0x8c48, 0x8c48, 0x8c48, 0x8c48, 
  0x8c48, 0x8c48, 0x8c48, 0x8c48, 0x8c48, 0x8c48, 0x8c48, 0x8c48, 0x8c48, 0x8c48, 0x8c48, 0x8c48, 
  0x8c48, 0x8c48, 0x8c48, 0x8c48, 0x8c48, 0x8c48, 0x8c48, 0x8c48, 0x8c48, 0x8c48, 0x8c48, 0x8c48, 
  0x8c48, 0x8c48, 0x8c48, 0x8c48, 0x8c48, 0x8c48, 0x8c48, 0x8c48, 0x8c48, 0x8c48, 0x8c48, 0x8c48, 
  0x8c48, 0x8c48, 0x8c48, 0x8c48, 0x8c48, 0x8c48, 0x8c48, 0x8c48, 0x8c48, 0x8c48, 0x8c48, 0x8c48, 
  0x8c48, 0x8c48, 0x8c48, 0x8c48, 0x8c48, 0x8c48, 0x8c48, 0x8c48, 0x8c48, 0x8c48, 0x8c48, 0x8c48, 
  0x8c48, 0x8c48, 0x8c48, 0x8c48, 0x8c48, 0x8c48, 0x8c48, 0x8c48, 0x8c48, 0x8c48, 0x8c48, 0x8c48, 
  0x8c48, 0x8c48, 0x8c48, 0x8c48, 0x8c48, 0x8c48, 0x8c48, 0x8c48, 0x8c48, 0x8c48, 0x8c48, 0x8c48, 
  0x8c48, 0x8c48, 0x8c48, 0x8c48, 0x8c48, 0x8c48, 0x8c48, 0x8c48, 0x8c48, 0x8c48, 0x8c48, 0x8c48, 
  0x8c48, 0x8c48, 0x8c48, 0x8c48, 0x8c48, 0x8c48, 0x8c48, 0x8c48, 0x8c48, 0x8c48, 0x8c48, 0x8c48, 
  0x8c48, 0x8c48, 0x8c48, 0x8c48, 0x8c48, 0x8c48, 0x8c48, 0x8c48, 0x8c48, 0x8c48, 0x8c48, 0x8c48, 
  0x8c48, 0x8c48, 0x8c48, 0x8c48, 0x8c48, 0x8c48, 0x8c48, 0x8c48, 0x8c48, 0x8c48, 0x8c48, 0x8c48, 
  0x8c48, 0x8c48, 0x8c48, 0x8c48, 0x8c48, 0x8c48, 0x8c48, 0x8c48, 0x8c48, 0x8c48, 0x94a9, 0x94a9, 
  0x8c88, 0x8c88, 0x8c88, 0x8c88, 0x7c27, 0x7c27, 0x8c88, 0x8c88, 0x7c27, 0x7c27, 0x8c48, 0x8c48, 
  0x8c48, 0x8c48, 0x8c48, 0x8c48, 0x8c48, 0x8c48, 0x8c48, 0x8c48, 0x8c48, 0x8c48, 0x8c48, 0x8c48, 
  0x8c48, 0x8c48, 0x8c48, 0x8c48, 0x8c48, 0x8c48, 0x8c48, 0x8c48, 0x8c48, 0x8c48, 0x8c48, 0x8c48, 
  0x8c48, 0x8c48, 0x8c48, 0x8c48, 0x8c48, 0x8c48, 0x8c48, 0x8c48, 0x8c48, 0x8c48, 0x8c48, 0x8c48, 
  0x8c48, 0x8c48, 0x8c48, 0x8c48, 0x8c48, 0x8c48, 0x8c48, 0x8c48, 0x8c48, 0x8c48, 0x8c48, 0x8c48, 
  0x8c48, 0x8c48, 0x8c48, 0x8c48, 0x8c48, 0x8c48, 0x8c48, 0x8c48, 0x8c48, 0x8c48, 0x8c48, 0x8c48, 
  0x8c48, 0x8c48, 0x8c48, 0x8c48, 0x8c48, 0x8c48, 0x8c48, 0x8c48, 0x8c48, 0x8c48, 0x8c48, 0x8c48, 
  0x8c48, 0x8c48, 0x8c48, 0x8c48, 0x8c48, 0x8c48, 0x8c48, 0x8c48, 0x8c48, 0x8c48, 0x8c48, 0x8c48, 
  0x8c48, 0x8c48, 0x8c48, 0x8c48, 0x8c48, 0x8c48, 0x8c48, 0x8c48, 0x8c48, 0x8c48, 0x8c48, 0x8c48, 
  0x8c48, 0x8c48, 0x8c48, 0x8c48, 0x8c48, 0x8c48, 0x8c48, 0x8c48, 0x8c48, 0x8c48, 0x8c48, 0x8c48, 
  0x8c48, 0x8c48, 0x8c48, 0x8c48, 0x8c48, 0x8c48, 0x8c48, 0x8c48, 0x8c48, 0x8c48, 0x8c48, 0x8c48, 
  0x8c48, 0x8c48, 0x8c48, 0x8c48, 0x8c48, 0x8c48, 0x8c48, 0x8c48, 0x8c48, 0x8c48, 0x8c48, 0x8c48, 
  0x8c48, 0x8c48, 0x8c48, 0x8c48, 0x8c48, 0x8c48, 0x8c48, 0x8c48, 0x8c48, 0x8c48, 0x8c48, 0x8c48, 
  0x8c48, 0x8c48, 0x8c48, 0x8c48, 0x8c48, 0x8c48, 0x8c48, 0x8c48, 0x8c48, 0x8c48, 0x8c48, 0x8c48, 
  0x8c48, 0x8c48, 0x8c48, 0x8c48, 0x8c48, 0x8c48, 0x8c48, 0x8c48, 0x8c48, 0x8c48, 0x8c48, 0x8c48, 
  0x8c48, 0x8c48, 0x8c48, 0x8c48, 0x8c48, 0x8c48, 0x8c48, 0x8c48, 0x8c48, 0x8c48, 0x8c48, 0x8c48, 
  0x8c48, 0x8c48, 0x8c48, 0x8c48, 0x8c48, 0x8c48, 0x8c48, 0x8c48, 0x8c48, 0x8c48, 0x8c48, 0x8c48, 
  0x8c48, 0x8c48, 0x8c48, 0x8c48, 0x8c48, 0x8c48, 0x8c48, 0x8c48, 0x8c48, 0x8c48, 0x8c48, 0x8c48, 
  0x8c48, 0x8c48, 0x8c48, 0x8c48, 0x8c48, 0x8c48, 0x8c48, 0x8c48, 0x8c48, 0x8c48, 0x8c48, 0x8c48, 
  0x8c48, 0x8c48, 0x8c48, 0x8c48, 0x8c48, 0x8c48, 0x8c48, 0x8c48, 0x8c48, 0x8c48, 0x8c48, 0x8c48, 
  0x8c48, 0x8c48, 0x8c48, 0x8c48, 0x8c48, 0x8c48, 0x8c48, 0x8c48, 0x8c48, 0x8c48, 0x8c48, 0x8c48, 
  0x8c48, 0x8c48, 0x8c48, 0x8c48, 0x8c48, 0x8c48, 0x8c48, 0x8c48, 0x8c48, 0x8c48, 0x8c48, 0x8c48, 
  0x8c48, 0x8c48, 0x8c48, 0x8c48, 0x8c48, 0x8c48, 0x8c48, 0x8c48, 0x8c48, 0x8c48, 0x8c48, 0x8c48, 
  0x8c48, 0x8c48, 0x7c27, 0x7c27, 0x8c88, 0x8c88, 0x8c88, 0x8c88, 0x7c27, 0x7c27, 0x7c27, 0x7c27, 
  0x8c48, 0x8c48, 0x8c48, 0x8c48, 0x8c48, 0x8c48, 0x8c48, 0x8c48, 0x8c48, 0x8c48, 0x8c48, 0x8c48, 
  0x8c48, 0x8c48, 0x8c48, 0x8c48, 0x8c48, 0x8c48, 0x8c48, 0x8c48, 0x8c48, 0x8c48, 0x8c48, 0x8c48, 
  0x8c48, 0x8c48, 0x8c48, 0x8c48, 0x8c48, 0x8c48, 0x8c48, 0x8c48, 0x8c48, 0x8c48, 0x8c48, 0x8c48, 
  0x8c48, 0x8c48, 0x8c48, 0x8c48, 0x8c48, 0x8c48, 0x8c48, 0x8c48, 0x8c48, 0x8c48, 0x8c48, 0x8c48, 
  0x8c48, 0x8c48, 0x8c48, 0x8c48, 0x8c48, 0x8c48, 0x8c48, 0x8c48, 0x8c48, 0x8c48, 0x8c48, 0x8c48, 
  0x8c48, 0x8c48, 0x8c48, 0x8c48, 0x8c48, 0x8c48, 0x8c48, 0x8c48, 0x8c48, 0x8c48, 0x8c48, 0x8c48, 
  0x8c48, 0x8c48, 0x8c48, 0x8c48, 0x8c48, 0x8c48, 0x8c48, 0x8c48, 0x8c48, 0x8c48, 0x8c48, 0x8c48, 
  0x8c48, 0x8c48, 0x8c48, 0x8c48, 0x8c48, 0x8c48, 0x8c48, 0x8c48, 0x8c48, 0x8c48, 0x8c48, 0x8c48, 
  0x8c48, 0x8c48, 0x8c48, 0x8c48, 0x8c48, 0x8c48, 0x8c48, 0x8c48, 0x8c48, 0x8c48, 0x8c48, 0x8c48, 
  0x8c48, 0x8c48, 0x8c48, 0x8c48, 0x8c48, 0x8c48, 0x8c48, 0x8c48, 0x8c48, 0x8c48, 0x8c48, 0x8c48, 
  0x8c48, 0x8c48, 0x8c48, 0x8c48, 0x8c48, 0x8c48, 0x8c48, 0x8c48, 0x8c48, 0x8c48, 0x8c48, 0x8c48, 
  0x8c48, 0x8c48, 0x8c48, 0x8c48, 0x8c48, 0x8c48, 0x8c48, 0x8c48, 0x8c48, 0x8c48, 0x8c48, 0x8c48, 
  0x8c48, 0x8c48, 0x8c48, 0x8c48, 0x8c48, 0x8c48, 0x8c48, 0x8c48, 0x8c48, 0x8c48, 0x8c48, 0x8c48, 
  0x8c48, 0x8c48, 0x8c48, 0x8c48, 0x8c48, 0x8c48, 0x8c48, 0x8c48, 0x8c48, 0x8c48, 0x8c48, 0x8c48, 
  0x8c48, 0x8c48, 0x8c48, 0x8c48, 0x8c48, 0x8c48, 0x8c48, 0x8c48, 0x8c48, 0x8c48, 0x8c48, 0x8c48, 
  0x8c48, 0x8c48, 0x8c48, 0x8c48, 0x8c48, 0x8c48, 0x8c48, 0x8c48, 0x8c48, 0x8c48, 0x8c48, 0x8c48, 
  0x8c48, 0x8c48, 0x8c48, 0x8c48, 0x8c48, 0x8c48, 0x8c48, 0x8c48, 0x8c48, 0x8c48, 0x8c48, 0x8c48, 
  0x8c48, 0x8c48, 0x8c48, 0x8c48, 0x8c48, 0x8c48, 0x8c48, 0x8c48, 0x8c48, 0x8c48, 0x8c48, 0x8c48, 
  0x8c48, 0x8c48, 0x8c48, 0x8c48, 0x8c48, 0x8c48, 0x8c48, 0x8c48, 0x8c48, 0x8c48, 0x8c48, 0x8c48, 
  0x8c48, 0x8c48, 0x8c48, 0x8c48, 0x8c48, 0x8c48, 0x8c48, 0x8c48, 0x8c48, 0x8c48, 0x8c48, 0x8c48, 
  0x8c48, 0x8c48, 0x8c48, 0x8c48, 0x8c48, 0x8c48, 0x8c48, 0x8c48, 0x8c48, 0x8c48, 0x8c48, 0x8c48, 
  0x8c48, 0x8c48, 0x8c48, 0x8c48, 0x8c48, 0x8c48, 0x8c48, 0x8c48, 0x8c48, 0x8c48, 0x8c48, 0x8c48, 
  0x8c48, 0x8c48, 0x8c48, 0x8c48, 0x8c48, 0x8c48, 0x7c27, 0x7c27, 0x8c88, 0x8c88, 0x8c88, 0x8c88, 
  0x7c27, 0x7c27, 0x7c27, 0x7c27, 0x8c48, 0x8c48, 0x8c48, 0x8c48, 0x8c48, 0x8c48, 0x8c48, 0x8c48, 
  0x8c48, 0x8c48, 0x8c48, 0x8c48, 0x8c48, 0x8c48, 0x8c48, 0x8c48, 0x8c48, 0x8c48, 0x8c48, 0x8c48, 
  0x8c48, 0x8c48, 0x8c48, 0x8c48, 0x8c48, 0x8c48, 0x8c48, 0x8c48, 0x8c48, 0x8c48, 0x8c48, 0x8c48, 
  0x8c48, 0x8c48, 0x8c48, 0x8c48, 0x8c48, 0x8c48, 0x8c48, 0x8c48, 0x8c48, 0x8c48, 0x8c48, 0x8c48, 
  0x8c48, 0x8c48, 0x8c48, 0x8c48, 0x8c48, 0x8c48, 0x8c48, 0x8c48, 0x8c48, 0x8c48, 0x8c48, 0x8c48, 
  0x8c48, 0x8c48, 0x8c48, 0x8c48, 0x8c48, 0x8c48, 0x8c48, 0x8c48, 0x8c48, 0x8c48, 0x8c48, 0x8c48, 
  0x8c48, 0x8c48, 0x8c48, 0x8c48, 0x8c48, 0x8c48, 0x8c48, 0x8c48, 0x8c48, 0x8c48, 0x8c48, 0x8c48, 
  0x8c48, 0x8c48, 0x8c48, 0x8c48, 0x8c48, 0x8c48, 0x8c48, 0x8c48, 0x8c48, 0x8c48, 0x8c48, 0x8c48, 
  0x8c48, 0x8c48, 0x8c48, 0x8c48, 0x8c48, 0x8c48, 0x8c48, 0x8c48, 0x8c48, 0x8c48, 0x8c48, 0x8c48, 
  0x8c48, 0x8c48, 0x8c48, 0x8c48, 0x8c48, 0x8c48, 0x8c48, 0x8c48, 0x8c48, 0x8c48, 0x8c48, 0x8c48, 
  0x8c48, 0x8c48, 0x8c48, 0x8c48, 0x8c48, 0x8c48, 0x8c48, 0x8c48, 0x8c48, 0x8c48, 0x8c48, 0x8c48, 
  0x8c48, 0x8c48, 0x8c48, 0x8c48, 0x8c48, 0x8c48, 0x8c48, 0x8c48, 0x8c48, 0x8c48, 0x8c48, 0x8c48, 
  0x8c48, 0x8c48, 0x8c48, 0x8c48, 0x8c48, 0x8c48, 0x8c48, 0x8c48, 0x8c48, 0x8c48, 0x8c48, 0x8c48, 
  0x8c48, 0x8c48, 0x8c48, 0x8c48, 0x8c48, 0x8c48, 0x8c48, 0x8c48, 0x8c48, 0x8c48, 0x8c48, 0x8c48, 
  0x8c48, 0x8c48, 0x8c48, 0x8c48, 0x8c48, 0x8c48, 0x8c48, 0x8c48, 0x8c48, 0x8c48, 0x8c48, 0x8c48, 
  0x8c48, 0x8c48, 0x8c48, 0x8c48, 0x8c48, 0x8c48, 0x8c48, 0x8c48, 0x8c48, 0x8c48, 0x8c48, 0x8c48, 
  0x8c48, 0x8c48, 0x8c48, 0x8c48, 0x8c48, 0x8c48, 0x8c48, 0x8c48, 0x8c48, 0x8c48, 0x8c48, 0x8c48, 
  0x8c48, 0x8c48, 0x8c48, 0x8c48, 0x8c48, 0x8c48, 0x8c48, 0x8c48, 0x8c48, 0x8c48, 0x8c48, 0x8c48, 
  0x8c48, 0x8c48, 0x8c48, 0x8c48, 0x8c48, 0x8c48, 0x8c48, 0x8c48, 0x8c48, 0x8c48, 0x8c48, 0x8c48, 
  0x8c48, 0x8c48, 0x8c48, 0x8c48, 0x8c48, 0x8c48, 0x8c48, 0x8c48, 0x8c48, 0x8c48, 0x8c48, 0x8c48, 
  0x8c48, 0x8c48, 0x8c48, 0x8c48, 0x8c48, 0x8c48, 0x8c48, 0x8c48, 0x8c48, 0x8c48, 0x8c48, 0x8c48, 
  0x8c48, 0x8c48, 0x8c48, 0x8c48, 0x8c48, 0x8c48, 0x8c48, 0x8c48, 0x8c48, 0x8c48, 0x8c48, 0x8c48, 
  0x8c48, 0x8c48, 0x8c48, 0x8c48, 0x8c48, 0x8c48, 0x8c48, 0x8c48, 0x8c48, 0x8c48, 0x8c48, 0x8c48, 
  0x7c27, 0x7c27, 0x7c27, 0x7c27, 0x8c48, 0x8c48, 0x8c48, 0x8c48, 0x8c48, 0x8c48, 0x8c48, 0x8c48, 
  0x8c48, 0x8c48, 0x8c48, 0x8c48, 0x8c48, 0x8c48, 0x8c48, 0x8c48, 0x8c48, 0x8c48, 0x8c48, 0x8c48, 
  0x8c48, 0x8c48, 0x8c48, 0x8c48, 0x8c48, 0x8c48, 0x8c48, 0x8c48, 0x8c48, 0x8c48, 0x8c48, 0x8c48, 
  0x8c48, 0x8c48, 0x8c48, 0x8c48, 0x8c48, 0x8c48, 0x8c48, 0x8c48, 0x8c48, 0x8c48, 0x8c48, 0x8c48, 
  0x8c48, 0x8c48, 0x8c48, 0x8c48, 0x8c48, 0x8c48, 0x8c48, 0x8c48, 0x8c48, 0x8c48, 0x8c48, 0x8c48, 
  0x8c48, 0x8c48, 0x8c48, 0x8c48, 0x8c48, 0x8c48, 0x8c48, 0x8c48, 0x8c48, 0x8c48, 0x8c48, 0x8c48, 
  0x8c48, 0x8c48, 0x8c48, 0x8c48, 0x8c48, 0x8c48, 0x8c48, 0x8c48, 0x8c48, 0x8c48, 0x8c48, 0x8c48, 
  0x8c48, 0x8c48, 0x8c48, 0x8c48, 0x8c48, 0x8c48, 0x8c48, 0x8c48, 0x8c48, 0x8c48, 0x8c48, 0x8c48, 
  0x8c48, 0x8c48, 0x8c48, 0x8c48, 0x8c48, 0x8c48, 0x8c48, 0x8c48, 0x8c48, 0x8c48, 0x8c48, 0x8c48, 
  0x8c48, 0x8c48, 0x8c48, 0x8c48, 0x8c48, 0x8c48, 0x8c48, 0x8c48, 0x8c48, 0x8c48, 0x8c48, 0x8c48, 
  0x8c48, 0x8c48, 0x8c48, 0x8c48, 0x8c48, 0x8c48, 0x8c48, 0x8c48, 0x8c48, 0x8c48, 0x8c48, 0x8c48, 
  0x8c48, 0x8c48, 0x8c48, 0x8c48, 0x8c48, 0x8c48, 0x8c48, 0x8c48, 0x8c48, 0x8c48, 0x8c48, 0x8c48, 
  0x8c48, 0x8c48, 0x8c48, 0x8c48, 0x8c48, 0x8c48, 0x8c48, 0x8c48, 0x8c48, 0x8c48, 0x8c48, 0x8c48, 
  0x8c48, 0x8c48, 0x8c48, 0x8c48, 0x8c48, 0x8c48, 0x8c48, 0x8c48, 0x8c48, 0x8c48, 0x8c48, 0x8c48, 
  0x8c48, 0x8c48, 0x8c48, 0x8c48, 0x8c48, 0x8c48, 0x8c48, 0x8c48, 0x8c48, 0x8c48, 0x8c48, 0x8c48, 
  0x8c48, 0x8c48, 0x8c48, 0x8c48, 0x8c48, 0x8c48, 0x8c48, 0x8c48, 0x8c48, 0x8c48, 0x8c48, 0x8c48, 
  0x8c48, 0x8c48, 0x8c48, 0x8c48, 0x8c48, 0x8c48, 0x8c48, 0x8c48, 0x8c48, 0x8c48, 0x8c48, 0x8c48, 
  0x8c48, 0x8c48, 0x8c48, 0x8c48, 0x8c48, 0x8c48, 0x8c48, 0x8c48, 0x8c48, 0x8c48, 0x8c48, 0x8c48, 
  0x8c48, 0x8c48, 0x8c48, 0x8c48, 0x8c48, 0x8c48, 0x8c48, 0x8c48, 0x8c48, 0x8c48, 0x8c48, 0x8c48, 
  0x8c48, 0x8c48, 0x8c48, 0x8c48, 0x8c48, 0x8c48, 0x8c48, 0x8c48, 0x8c48, 0x8c48, 0x8c48, 0x8c48, 
  0x8c48, 0x8c48, 0x8c48, 0x8c48, 0x8c48, 0x8c48, 0x8c48, 0x8c48, 0x8c48, 0x8c48, 0x8c48, 0x8c48, 
  0x8c48, 0x8c48, 0x8c48, 0x8c48, 0x8c48, 0x8c48, 0x8c48, 0x8c48, 0x8c48, 0x8c48, 0x8c48, 0x8c48, 
  0x8c48, 0x8c48, 0x8c48, 0x8c48, 0x8c48, 0x8c48, 0x8c48, 0x8c48, 0x8c48, 0x8c48, 0x8c48, 0x8c48, 
  0x8c48, 0x8c48, 0x8c48, 0x8c48, 0x7c27, 0x7c27, 0x7c27, 0x7c27, 0x8c48, 0x8c48, 0x8c48, 0x8c48, 
  0x8c48, 0x8c48, 0x8c48, 0x8c48, 0x8c48, 0x8c48, 0x8c48, 0x8c48, 0x8c48, 0x8c48, 0x8c48, 0x8c48, 
  0x8c48, 0x8c48, 0x8c48, 0x8c48, 0x8c48, 0x8c48, 0x8c48, 0x8c48, 0x8c48, 0x8c48, 0x8c48, 0x8c48, 
  0x8c48, 0x8c48, 0x8c48, 0x8c48, 0x8c48, 0x8c48, 0x8c48, 0x8c48, 0x8c48, 0x8c48, 0x8c48, 0x8c48, 
  0x8c48, 0x8c48, 0x8c48, 0x8c48, 0x8c48, 0x8c48, 0x8c48, 0x8c48, 0x8c48, 0x8c48, 0x8c48, 0x8c48, 
  0x8c48, 0x8c48, 0x8c48, 0x8c48, 0x8c48, 0x8c48, 0x8c48, 0x8c48, 0x8c48, 0x8c48, 0x8c48, 0x8c48, 
  0x8c48, 0x8c48, 0x8c48, 0x8c48, 0x8c48, 0x8c48, 0x8c48, 0x8c48, 0x8c48, 0x8c48, 0x8c48, 0x8c48, 
  0x8c48, 0x8c48, 0x8c48, 0x8c48, 0x8c48, 0x8c48, 0x8c48, 0x8c48, 0x8c48, 0x8c48, 0x8c48, 0x8c48, 
  0x8c48, 0x8c48, 0x8c48, 0x8c48, 0x8c48, 0x8c48, 0x8c48, 0x8c48, 0x8c48, 0x8c48, 0x8c48, 0x8c48, 
  0x8c48, 0x8c48, 0x8c48, 0x8c48, 0x8c48, 0x8c48, 0x8c48, 0x8c48, 0x8c48, 0x8c48, 0x8c48, 0x8c48, 
  0x8c48, 0x8c48, 0x8c48, 0x8c48, 0x8c48, 0x8c48, 0x8c48, 0x8c48, 0x8c48, 0x8c48, 0x8c48, 0x8c48, 
  0x8c48, 0x8c48, 0x8c48, 0x8c48, 0x8c48, 0x8c48, 0x8c48, 0x8c48, 0x8c48, 0x8c48, 0x8c48, 0x8c48, 
  0x8c48, 0x8c48, 0x8c48, 0x8c48, 0x8c48, 0x8c48, 0x8c48, 0x8c48, 0x8c48, 0x8c48, 0x8c48, 0x8c48, 
  0x8c48, 0x8c48, 0x8c48, 0x8c48, 0x8c48, 0x8c48, 0x8c48, 0x8c48, 0x8c48, 0x8c48, 0x8c48, 0x8c48, 
  0x8c48, 0x8c48, 0x8c48, 0x8c48, 0x8c48, 0x8c48, 0x8c48, 0x8c48, 0x8c48, 0x8c48, 0x8c48, 0x8c48, 
  0x8c48, 0x8c48, 0x8c48, 0x8c48, 0x8c48, 0x8c48, 0x8c48, 0x8c48, 0x8c48, 0x8c48, 0x8c48, 0x8c48, 
  0x8c48, 0x8c48, 0x8c48, 0x8c48, 0x8c48, 0x8c48, 0x8c48, 0x8c48, 0x8c48, 0x8c48, 0x8c48, 0x8c48, 
  0x8c48, 0x8c48, 0x8c48, 0x8c48, 0x8c48, 0x8c48, 0x8c48, 0x8c48, 0x8c48, 0x8c48, 0x8c48, 0x8c48, 
  0x8c48, 0x8c48, 0x8c48, 0x8c48, 0x8c48, 0x8c48, 0x8c48, 0x8c48, 0x8c48, 0x8c48, 0x8c48, 0x8c48, 
  0x8c48, 0x8c48, 0x8c48, 0x8c48, 0x8c48, 0x8c48, 0x8c48, 0x8c48, 0x8c48, 0x8c48, 0x8c48, 0x8c48, 
  0x8c48, 0x8c48, 0x8c48, 0x8c48, 0x8c48, 0x8c48, 0x8c48, 0x8c48, 0x8c48, 0x8c48, 0x8c48, 0x8c48, 
  0x8c48, 0x8c48, 0x8c48, 0x8c48, 0x8c48, 0x8c48, 0x8c48, 0x8c48, 0x8c48, 0x8c48, 0x8c48, 0x8c48, 
  0x8c48, 0x8c48, 0x8c48, 0x8c48, 0x8c48, 0x8c48, 0x8c48, 0x8c48, 0x8c48, 0x8c48, 0x8c48, 0x8c48, 
  0x8c48, 0x8c48, 0x8c48, 0x8c48, 0x8c48, 0x8c48, 0x8c48, 0x8c48, 0x8c48, 0x8c48, 0x8c48, 0x8c48, 
  0x8c48, 0x8c48, 0x8c48, 0x8c48, 0x8c48, 0x8c48, 0x8c48, 0x8c48, 0x8c48, 0x8c48, 0x8c48, 0x8c48, 
  0x8c48, 0x8c48, 0x8c48, 0x8c48, 0x8c48, 0x8c48, 0x8c48, 0x8c48, 0x8c48, 0x8c48, 0x8c48, 0x8c48, 
  0x8c48, 0x8c48, 0x8c48, 0x8c48, 0x8c48, 0x8c48, 0x8c48, 0x8c48, 0x8c48, 0x8c48, 0x8c48, 0x8c48, 
  0x8c48, 0x8c48, 0x8c48, 0x8c48, 0x8c48, 0x8c48, 0x8c48, 0x8c48, 0x8c48, 0x8c48, 0x8c48, 0x8c48, 
  0x8c48, 0x8c48, 0x8c48, 0x8c48, 0x8c48, 0x8c48, 0x8c48, 0x8c48, 0x8c48, 0x8c48, 0x8c48, 0x8c48, 
  0x8c48, 0x8c48, 0x8c48, 0x8c48, 0x8c48, 0x8c48, 0x8c48, 0x8c48, 0x8c48, 0x8c48, 0x8c48, 0x8c48, 
  0x8c48, 0x8c48, 0x8c48, 0x8c48, 0x8c48, 0x8c48, 0x8c48, 0x8c48, 0x8c48, 0x8c48, 0x8c48, 0x8c48, 
  0x8c48, 0x8c48, 0x8c48, 0x8c48, 0x8c48, 0x8c48, 0x8c48, 0x8c48, 0x8c48, 0x8c48, 0x8c48, 0x8c48, 
  0x8c48, 0x8c48, 0x8c48, 0x8c48, 0x8c48, 0x8c48, 0x8c48, 0x8c48, 0x8c48, 0x8c48, 0x8c48, 0x8c48, 
  0x8c48, 0x8c48, 0x8c48, 0x8c48, 0x8c48, 0x8c48, 0x8c48, 0x8c48, 0x8c48, 0x8c48, 0x8c48, 0x8c48, 
  0x8c48, 0x8c48, 0x8c48, 0x8c48, 0x8c48, 0x8c48, 0x8c48, 0x8c48, 0x8c48, 0x8c48, 0x8c48, 0x8c48, 
  0x8c48, 0x8c48, 0x8c48, 0x8c48, 0x8c48, 0x8c48, 0x8c48, 0x8c48, 0x8c48, 0x8c48, 0x8c48, 0x8c48, 
  0x8c48, 0x8c48, 0x8c48, 0x8c48, 0x8c48, 0x8c48, 0x8c48, 0x8c48, 0x8c48, 0x8c48, 0x8c48, 0x8c48, 
  0x8c48, 0x8c48, 0x8c48, 0x8c48, 0x8c48, 0x8c48, 0x8c48, 0x8c48, 0x8c48, 0x8c48, 0x8c48, 0x8c48, 
  0x8c48, 0x8c48, 0x8c48, 0x8c48, 0x8c48, 0x8c48, 0x8c48, 0x8c48, 0x8c48, 0x8c48, 0x8c48, 0x8c48, 
  0x8c48, 0x8c48, 0x8c48, 0x8c48, 0x8c48, 0x8c48, 0x8c48, 0x8c48, 0x8c48, 0x8c48, 0x8c48, 0x8c48, 
  0x8c48, 0x8c48, 0x8c48, 0x8c48, 0x8c48, 0x8c48, 0x8c48, 0x8c48, 0x8c48, 0x8c48, 0x8c48, 0x8c48, 
  0x8c48, 0x8c48, 0x8c48, 0x8c48, 0x8c48, 0x8c48, 0x8c48, 0x8c48, 0x8c48, 0x8c48, 0x8c48, 0x8c48, 
  0x8c48, 0x8c48, 0x8c48, 0x8c48, 0x8c48, 0x8c48, 0x8c48, 0x8c48, 0x8c48, 0x8c48, 0x8c48, 0x8c48, 
  0x8c48, 0x8c48, 0x8c48, 0x8c48, 0x8c48, 0x8c48, 0x8c48, 0x8c48, 0x8c48, 0x8c48, 0x8c48, 0x8c48, 
  0x8c48, 0x8c48, 0x8c48, 0x8c48, 0x8c48, 0x8c48, 0x8c48, 0x8c48, 0x8c48, 0x8c48, 0x8c48, 0x8c48, 
  0x8c48, 0x8c48, 0x8c48, 0x8c48, 0x8c48, 0x8c48, 0x8c48, 0x8c48, 0x8c48, 0x8c48, 0x8c48, 0x8c48, 
  0x8c48, 0x8c48, 0x8c48, 0x8c48, 0x8c48, 0x8c48, 0x8c48, 0x8c48, 0x8c48, 0x8c48, 0x8c48, 0x8c48, 
  0x8c48, 0x8c48, 0x8c48, 0x8c48, 0x8c48, 0x8c48, 0x8c48, 0x8c48, 0x8c48, 0x8c48, 0x8c48, 0x8c48, 
  0x8c48, 0x8c48, 0x8c48, 0x8c48, 0x8c48, 0x8c48, 0x8c48, 0x8c48, 0x8c48, 0x8c48, 0x8c48, 0x8c48, 
  0x8c48, 0x8c48, 0x8c48, 0x8c48, 0x8c48, 0x8c48, 0x8c48, 0x8c48, 0x8c48, 0x8c48, 0x8c48, 0x8c48, 
  0x8c48, 0x8c48, 0x8c48, 0x8c48, 0x8c48, 0x8c48, 0x8c48, 0x8c48, 0x8c48, 0x8c48, 0x8c48, 0x8c48, 
  0x8c48, 0x8c48, 0x8c48, 0x8c48, 0x8c48, 0x8c48, 0x8c48, 0x8c48, 0x8c48, 0x8c48, 0x8c48, 0x8c48, 
  0x8c48, 0x8c48, 0x8c48, 0x8c48, 0x8c48, 0x8c48, 0x8c48, 0x8c48, 0x8c48, 0x8c48, 0x8c48, 0x8c48, 
  0x8c48, 0x8c48, 0x8c48, 0x8c48, 0x8c48, 0x8c48, 0x8c48, 0x8c48, 0x8c48, 0x8c48, 0x8c48, 0x8c48, 
  0x8c48, 0x8c48, 0x8c48, 0x8c48, 0x8c48, 0x8c48, 0x8c48, 0x8c48, 0x8c48, 0x8c48, 0x8c48, 0x8c48, 
  0x8c48, 0x8c48, 0x8c48, 0x8c48, 0x8c48, 0x8c48, 0x8c48, 0x8c48, 0x8c48, 0x8c48, 0x8c48, 0x8c48, 
  0x8c48, 0x8c48, 0x8c48, 0x8c48, 0x8c48, 0x8c48, 0x8c48, 0x8c48, 0x8c48, 0x8c48, 0x8c48, 0x8c48, 
  0x8c48, 0x8c48, 0x8c48, 0x8c48, 0x8c48, 0x8c48, 0x8c48, 0x8c48, 0x8c48, 0x8c48, 0x8c48, 0x8c48, 
  0x8c48, 0x8c48, 0x8c48, 0x8c48, 0x8c48, 0x8c48, 0x8c48, 0x8c48, 0x8c48, 0x8c48, 0x8c48, 0x8c48, 
  0x8c48, 0x8c48, 0x8c48, 0x8c48, 0x8c48, 0x8c48, 0x8c48, 0x8c48, 0x8c48, 0x8c48, 0x8c48, 0x8c48, 
  0x8c48, 0x8c48, 0x8c48, 0x8c48, 0x8c48, 0x8c48, 0x8c48, 0x8c48, 0x8c48, 0x8c48, 0x8c48, 0x8c48, 
  0x8c48, 0x8c48, 0x8c48, 0x8c48, 0x8c48, 0x8c48, 0x8c48, 0x8c48, 0x8c48, 0x8c48, 0x8c48, 0x8c48, 
  0x8c48, 0x8c48, 0x8c48, 0x8c48, 0x8c48, 0x8c48, 0x8c48, 0x8c48, 0x8c48, 0x8c48, 0x8c48, 0x8c48, 
  0x8c48, 0x8c48, 0x8c48, 0x8c48, 0x8c48, 0x8c48, 0x8c48, 0x8c48, 0x8c48, 0x8c48, 0x8c48, 0x8c48, 
  0x8c48, 0x8c48, 0x8c48, 0x8c48, 0x8c48, 0x8c48, 0x8c48, 0x8c48, 0x8c48, 0x8c48, 0x8c48, 0x8c48, 
  0x8c48, 0x8c48, 0x8c48, 0x8c48, 0x8c48, 0x8c48, 0x8c48, 0x8c48, 0x8c48, 0x8c48, 0x8c48, 0x8c48, 
  0x8c48, 0x8c48, 0x8c48, 0x8c48, 0x8c48, 0x8c48, 0x8c48, 0x8c48, 0x8c48, 0x8c48, 0x8c48, 0x8c48, 
  0x8c48, 0x8c48, 0x8c48, 0x8c48, 0x8c48, 0x8c48, 0x8c48, 0x8c48, 0x8c48, 0x8c48, 0x8c48, 0x8c48, 
  0x8c48, 0x8c48, 0x8c48, 0x8c48, 0x8c48, 0x8c48, 0x8c48, 0x8c48, 0x8c48, 0x8c48, 0x8c48, 0x8c48, 
  0x8c48, 0x8c48, 0x8c48, 0x8c48, 0x8c48, 0x8c48, 0x8c48, 0x8c48, 0x8c48, 0x8c48, 0x8c48, 0x8c48, 
  0x8c48, 0x8c48, 0x8c48, 0x8c48, 0x8c48, 0x8c48, 0x8c48, 0x8c48, 0x8c48, 0x8c48, 0x8c48, 0x8c48, 
  0x8c48, 0x8c48, 0x8c48, 0x8c48, 0x8c48, 0x8c48, 0x8c48, 0x8c48, 0x8c48, 0x8c48, 0x8c48, 0x8c48, 
  0x8c48, 0x8c48, 0x8c48, 0x8c48, 0x8c48, 0x8c48, 0x8c48, 0x8c48, 0x8c48, 0x8c48, 0x8c48, 0x8c48, 
  0x8c48, 0x8c48, 0x8c48, 0x8c48, 0x8c48, 0x8c48, 0x8c48, 0x8c48, 0x8c48, 0x8c48, 0x8c48, 0x8c48, 
  0x8c48, 0x8c48, 0x8c48, 0x8c48, 0x8c48, 0x8c48, 0x8c48, 0x8c48, 0x8c48, 0x8c48, 0x8c48, 0x8c48, 
  0x8c48, 0x8c48, 0x8c48, 0x8c48, 0x8c48, 0x8c48, 0x8c48, 0x8c48, 0x8c48, 0x8c48, 0x8c48, 0x8c48, 
  0x8c48, 0x8c48, 0x8c48, 0x8c48, 0x8c48, 0x8c48, 0x8c48, 0x8c48, 0x8c48, 0x8c48, 0x8c48, 0x8c48, 
  0x8c48, 0x8c48, 0x8c48, 0x8c48, 0x8c48, 0x8c48, 0x8c48, 0x8c48, 0x8c48, 0x8c48, 0x8c48, 0x8c48, 
  0x8c48, 0x8c48, 0x8c48, 0x8c48, 0x8c48, 0x8c48, 0x8c48, 0x8c48, 0x8c48, 0x8c48, 0x8c48, 0x8c48, 
  0x8c48, 0x8c48, 0x8c48, 0x8c48, 0x8c48, 0x8c48, 0x8c48, 0x8c48, 0x8c48, 0x8c48, 0x8c48, 0x8c48, 
  0x8c48, 0x8c48, 0x8c48, 0x8c48, 0x8c48, 0x8c48, 0x8c48, 0x8c48, 0x8c48, 0x8c48, 0x8c48, 0x8c48, 
  0x8c48, 0x8c48, 0x8c48, 0x8c48, 0x8c48, 0x8c48, 0x8c48, 0x8c48, 0x8c48, 0x8c48, 0x8c48, 0x8c48, 
  0x8c48, 0x8c48, 0x8c48, 0x8c48, 0x8c48, 0x8c48, 0x8c48, 0x8c48, 0x8c48, 0x8c48, 0x8c48, 0x8c48, 
  0x8c48, 0x8c48, 0x8c48, 0x8c48, 0x8c48, 0x8c48, 0x8c48, 0x8c48, 0x8c48, 0x8c48, 0x8c48, 0x8c48, 
  0x8c48, 0x8c48, 0x8c48, 0x8c48, 0x8c48, 0x8c48, 0x8c48, 0x8c48, 0x8c48, 0x8c48, 0x8c48, 0x8c48, 
  0x8c48, 0x8c48, 0x8c48, 0x8c48, 0x8c48, 0x8c48, 0x8c48, 0x8c48, 0x8c48, 0x8c48, 0x8c48, 0x8c48, 
  0x8c48, 0x8c48, 0x8c48, 0x8c48, 0x8c48, 0x8c48, 0x8c48, 0x8c48, 0x8c48, 0x8c48, 0x8c48, 0x8c48, 
  0x8c48, 0x8c48, 0x8c48, 0x8c48, 0x8c48, 0x8c48, 0x8c48, 0x8c48, 0x8c48, 0x8c48, 0x8c48, 0x8c48, 
  0x8c48, 0x8c48, 0x8c48, 0x8c48, 0x8c48, 0x8c48, 0x8c48, 0x8c48, 0x8c48, 0x8c48, 0x8c48, 0x8c48, 
  0x8c48, 0x8c48, 0x8c48, 0x8c48, 0x8c48, 0x8c48, 0x8c48, 0x8c48, 0x8c48, 0x8c48, 0x8c48, 0x8c48, 
  0x8c48, 0x8c48, 0x8c48, 0x8c48, 0x8c48, 0x8c48, 0x8c48, 0x8c48, 0x8c48, 0x8c48, 0x8c48, 0x8c48, 
  0x8c48, 0x8c48, 0x8c48, 0x8c48, 0x8c48, 0x8c48, 0x8c48, 0x8c48, 0x8c48, 0x8c48, 0x8c48, 0x8c48, 
  0x8c48, 0x8c48, 0x8c48, 0x8c48, 0x8c48, 0x8c48, 0x8c48, 0x8c48, 0x8c48, 0x8c48, 0x8c48, 0x8c48, 
  0x8c48, 0x8c48, 0x8c48, 0x8c48, 0x8c48, 0x8c48, 0x8c48, 0x8c48, 0x8c48, 0x8c48, 0x8c48, 0x8c48, 
  0x8c48, 0x8c48, 0x8c48, 0x8c48, 0x8c48, 0x8c48, 0x8c48, 0x8c48, 0x8c48, 0x8c48, 0x8c48, 0x8c48, 
  0x8c48, 0x8c48, 0x8c48, 0x8c48, 0x8c48, 0x8c48, 0x8c48, 0x8c48, 0x8c48, 0x8c48, 0x8c48, 0x8c48, 
  0x8c48, 0x8c48, 0x8c48, 0x8c48, 0x8c48, 0x8c48, 0x8c48, 0x8c48, 0x8c48, 0x8c48, 0x8c48, 0x8c48, 
  0x8c48, 0x8c48, 0x8c48, 0x8c48, 0x8c48, 0x8c48, 0x8c48, 0x8c48, 0x8c48, 0x8c48, 0x8c48, 0x8c48, 
  0x8c48, 0x8c48, 0x8c48, 0x8c48, 0x8c48, 0x8c48, 0x8c48, 0x8c48, 0x8c48, 0x8c48, 0x8c48, 0x8c48, 
  0x8c48, 0x8c48, 0x8c48, 0x8c48, 0x8c48, 0x8c48, 0x8c48, 0x8c48, 0x8c48, 0x8c48, 0x8c48, 0x8c48, 
  0x8c48, 0x8c48, 0x8c48, 0x8c48, 0x8c48, 0x8c48, 0x8c48, 0x8c48, 0x8c48, 0x8c48, 0x8c48, 0x8c48, 
  0x8c48, 0x8c48, 0x8c48, 0x8c48, 0x8c48, 0x8c48, 0x8c48, 0x8c48, 0x8c48, 0x8c48, 0x8c48, 0x8c48, 
  0x8c48, 0x8c48, 0x8c48, 0x8c48, 0x8c48, 0x8c48, 0x8c48, 0x8c48, 0x8c48, 0x8c48, 0x8c48, 0x8c48, 
  0x8c48, 0x8c48, 0x8c48, 0x8c48, 0x8c48, 0x8c48, 0x8c48, 0x8c48, 0x8c48, 0x8c48, 0x8c48, 0x8c48, 
  0x8c48, 0x8c48, 0x8c48, 0x8c48, 0x8c48, 0x8c48, 0x8c48, 0x8c48, 0x8c48, 0x8c48, 0x8c48, 0x8c48, 
  0x8c48, 0x8c48, 0x8c48, 0x8c48, 0x8c48, 0x8c48, 0x8c48, 0x8c48, 0x8c48, 0x8c48, 0x8c48, 0x8c48, 
  0x8c48, 0x8c48, 0x8c48, 0x8c48, 0x8c48, 0x8c48, 0x8c48, 0x8c48, 0x8c48, 0x8c48, 0x8c48, 0x8c48, 
  0x8c48, 0x8c48, 0x8c48, 0x8c48, 0x8c48, 0x8c48, 0x8c48, 0x8c48, 0x8c48, 0x8c48, 0x8c48, 0x8c48, 
  0x8c48, 0x8c48, 0x8c48, 0x8c48, 0x8c48, 0x8c48, 0x8c48, 0x8c48, 0x8c48, 0x8c48, 0x8c48, 0x8c48, 
  0x8c48, 0x8c48, 0x8c48, 0x8c48, 0x8c48, 0x8c48, 0x8c48, 0x8c48, 0x8c48, 0x8c48, 0x8c48, 0x8c48, 
  0x8c48, 0x8c48, 0x8c48, 0x8c48, 0x8c48, 0x8c48, 0x8c48, 0x8c48, 0x8c48, 0x8c48, 0x8c48, 0x8c48, 
  0x8c48, 0x8c48, 0x8c48, 0x8c48, 0x8c48, 0x8c48, 0x8c48, 0x8c48, 0x8c48, 0x8c48, 0x8c48, 0x8c48, 
  0x8c48, 0x8c48, 0x8c48, 0x8c48, 0x8c48, 0x8c48, 0x8c48, 0x8c48, 0x8c48, 0x8c48, 0x8c48, 0x8c48, 
  0x8c48, 0x8c48, 0x8c48, 0x8c48, 0x8c48, 0x8c48, 0x8c48, 0x8c48, 0x8c48, 0x8c48, 0x8c48, 0x8c48, 
  0x8c48, 0x8c48, 0x8c48, 0x8c48, 0x8c48, 0x8c48, 0x8c48, 0x8c48, 0x8c48, 0x8c48, 0x8c48, 0x8c48, 
  0x8c48, 0x8c48, 0x8c48, 0x8c48, 0x8c48, 0x8c48, 0x8c48, 0x8c48, 0x8c48, 0x8c48, 0x8c48, 0x8c48, 
  0x8c48, 0x8c48, 0x8c48, 0x8c48, 0x8c48, 0x8c48, 0x8c48, 0x8c48, 0x8c48, 0x8c48, 0x8c48, 0x8c48, 
  0x8c48, 0x8c48, 0x8c48, 0x8c48, 0x8c48, 0x8c48, 0x8c48, 0x8c48, 0x8c48, 0x8c48, 0x8c48, 0x8c48, 
  0x8c48, 0x8c48, 0x8c48, 0x8c48, 0x8c48, 0x8c48, 0x8c48, 0x8c48, 0x8c48, 0x8c48, 0x8c48, 0x8c48, 
  0x8c48, 0x8c48, 0x8c48, 0x8c48, 0x8c48, 0x8c48, 0x8c48, 0x8c48, 0x8c48, 0x8c48, 0x8c48, 0x8c48, 
  0x8c48, 0x8c48, 0x94a9, 0x94a9, 0x8c48, 0x8c48, 0x8c48, 0x8c48, 0x8c48, 0x8c48, 0x8c48, 0x8c48, 
  0x8c48, 0x8c48, 0x8c48, 0x8c48, 0x8c48, 0x8c48, 0x8c48, 0x8c48, 0x8c48, 0x8c48, 0x8c48, 0x8c48, 
  0x8c48, 0x8c48, 0x8c48, 0x8c48, 0x8c48, 0x8c48, 0x8c48, 0x8c48, 0x8c48, 0x8c48, 0x8c48, 0x8c48, 
  0x8c48, 0x8c48, 0x8c48, 0x8c48, 0x8c48, 0x8c48, 0x8c48, 0x8c48, 0x8c48, 0x8c48, 0x8c48, 0x8c48, 
  0x8c48, 0x8c48, 0x8c48, 0x8c48, 0x8c48, 0x8c48, 0x8c48, 0x8c48, 0x8c48, 0x8c48, 0x8c48, 0x8c48, 
  0x8c48, 0x8c48, 0x8c48, 0x8c48, 0x8c48, 0x8c48, 0x8c48, 0x8c48, 0x8c48, 0x8c48, 0x8c48, 0x8c48, 
  0x8c48, 0x8c48, 0x8c48, 0x8c48, 0x8c48, 0x8c48, 0x8c48, 0x8c48, 0x8c48, 0x8c48, 0x8c48, 0x8c48, 
  0x8c48, 0x8c48, 0x8c48, 0x8c48, 0x8c48, 0x8c48, 0x8c48, 0x8c48, 0x8c48, 0x8c48, 0x8c48, 0x8c48, 
  0x8c48, 0x8c48, 0x8c48, 0x8c48, 0x8c48, 0x8c48, 0x8c48, 0x8c48, 0x8c48, 0x8c48, 0x8c48, 0x8c48, 
  0x8c48, 0x8c48, 0x8c48, 0x8c48, 0x8c48, 0x8c48, 0x8c48, 0x8c48, 0x8c48, 0x8c48, 0x8c48, 0x8c48, 
  0x8c48, 0x8c48, 0x8c48, 0x8c48, 0x8c48, 0x8c48, 0x8c48, 0x8c48, 0x8c48, 0x8c48, 0x8c48, 0x8c48, 
  0x8c48, 0x8c48, 0x8c48, 0x8c48, 0x8c48, 0x8c48, 0x8c48, 0x8c48, 0x8c48, 0x8c48, 0x8c48, 0x8c48, 
  0x8c48, 0x8c48, 0x8c48, 0x8c48, 0x8c48, 0x8c48, 0x8c48, 0x8c48, 0x8c48, 0x8c48, 0x8c48, 0x8c48, 
  0x8c48, 0x8c48, 0x8c48, 0x8c48, 0x8c48, 0x8c48, 0x8c48, 0x8c48, 0x8c48, 0x8c48, 0x8c48, 0x8c48, 
  0x8c48, 0x8c48, 0x8c48, 0x8c48, 0x8c48, 0x8c48, 0x8c48, 0x8c48, 0x8c48, 0x8c48, 0x8c48, 0x8c48, 
  0x8c48, 0x8c48, 0x8c48, 0x8c48, 0x8c48, 0x8c48, 0x8c48, 0x8c48, 0x8c48, 0x8c48, 0x8c48, 0x8c48, 
  0x8c48, 0x8c48, 0x8c48, 0x8c48, 0x8c48, 0x8c48, 0x8c48, 0x8c48, 0x8c48, 0x8c48, 0x8c48, 0x8c48, 
  0x8c48, 0x8c48, 0x8c48, 0x8c48, 0x8c48, 0x8c48, 0x8c48, 0x8c48, 0x8c48, 0x8c48, 0x8c48, 0x8c48, 
  0x8c48, 0x8c48, 0x8c48, 0x8c48, 0x8c48, 0x8c48, 0x8c48, 0x8c48, 0x8c48, 0x8c48, 0x8c48, 0x8c48, 
  0x8c48, 0x8c48, 0x8c48, 0x8c48, 0x8c48, 0x8c48, 0x8c48, 0x8c48, 0x8c48, 0x8c48, 0x8c48, 0x8c48, 
  0x8c48, 0x8c48, 0x8c48, 0x8c48, 0x8c48, 0x8c48, 0x8c48, 0x8c48, 0x8c48, 0x8c48, 0x8c48, 0x8c48, 
  0x8c48, 0x8c48, 0x8c48, 0x8c48, 0x8c48, 0x8c48, 0x8c48, 0x8c48, 0x8c48, 0x8c48, 0x8c48, 0x8c48, 
  0x8c48, 0x8c48, 0x8c48, 0x8c48, 0x8c48, 0x8c48, 0x8c48, 0x8c48, 0x8c48, 0x8c48, 0x8c48, 0x8c48, 
  0x8c48, 0x8c48, 0x8c48, 0x8c48, 0x8c48, 0x8c48, 0x94a9, 0x94a9, 0x8c48, 0x8c48, 0x8c48, 0x8c48, 
  0x8c48, 0x8c48, 0x8c48, 0x8c48, 0x8c48, 0x8c48, 0x8c48, 0x8c48, 0x8c48, 0x8c48, 0x8c48, 0x8c48, 
  0x8c48, 0x8c48, 0x8c48, 0x8c48, 0x8c48, 0x8c48, 0x8c48, 0x8c48, 0x8c48, 0x8c48, 0x8c48, 0x8c48, 
  0x8c48, 0x8c48, 0x8c48, 0x8c48, 0x8c48, 0x8c48, 0x8c48, 0x8c48, 0x8c48, 0x8c48, 0x8c48, 0x8c48, 
  0x8c48, 0x8c48, 0x8c48, 0x8c48, 0x8c48, 0x8c48, 0x8c48, 0x8c48, 0x8c48, 0x8c48, 0x8c48, 0x8c48, 
  0x8c48, 0x8c48, 0x8c48, 0x8c48, 0x8c48, 0x8c48, 0x8c48, 0x8c48, 0x8c48, 0x8c48, 0x8c48, 0x8c48, 
  0x8c48, 0x8c48, 0x8c48, 0x8c48, 0x8c48, 0x8c48, 0x8c48, 0x8c48, 0x8c48, 0x8c48, 0x8c48, 0x8c48, 
  0x8c48, 0x8c48, 0x8c48, 0x8c48, 0x8c48, 0x8c48, 0x8c48, 0x8c48, 0x8c48, 0x8c48, 0x8c48, 0x8c48, 
  0x8c48, 0x8c48, 0x8c48, 0x8c48, 0x8c48, 0x8c48, 0x8c48, 0x8c48, 0x8c48, 0x8c48, 0x8c48, 0x8c48, 
  0x8c48, 0x8c48, 0x8c48, 0x8c48, 0x8c48, 0x8c48, 0x8c48, 0x8c48, 0x8c48, 0x8c48, 0x8c48, 0x8c48, 
  0x8c48, 0x8c48, 0x8c48, 0x8c48, 0x8c48, 0x8c48, 0x8c48, 0x8c48, 0x8c48, 0x8c48, 0x8c48, 0x8c48, 
  0x8c48, 0x8c48, 0x8c48, 0x8c48, 0x8c48, 0x8c48, 0x8c48, 0x8c48, 0x8c48, 0x8c48, 0x8c48, 0x8c48, 
  0x8c48, 0x8c48, 0x8c48, 0x8c48, 0x8c48, 0x8c48, 0x8c48, 0x8c48, 0x8c48, 0x8c48, 0x8c48, 0x8c48, 
  0x8c48, 0x8c48, 0x8c48, 0x8c48, 0x8c48, 0x8c48, 0x8c48, 0x8c48, 0x8c48, 0x8c48, 0x8c48, 0x8c48, 
  0x8c48, 0x8c48, 0x8c48, 0x8c48, 0x8c48, 0x8c48, 0x8c48, 0x8c48, 0x8c48, 0x8c48, 0x8c48, 0x8c48, 
  0x8c48, 0x8c48, 0x8c48, 0x8c48, 0x8c48, 0x8c48, 0x8c48, 0x8c48, 0x8c48, 0x8c48, 0x8c48, 0x8c48, 
  0x8c48, 0x8c48, 0x8c48, 0x8c48, 0x8c48, 0x8c48, 0x8c48, 0x8c48, 0x8c48, 0x8c48, 0x8c48, 0x8c48, 
  0x8c48, 0x8c48, 0x8c48, 0x8c48, 0x8c48, 0x8c48, 0x8c48, 0x8c48, 0x8c48, 0x8c48, 0x8c48, 0x8c48, 
  0x8c48, 0x8c48, 0x8c48, 0x8c48, 0x8c48, 0x8c48, 0x8c48, 0x8c48, 0x8c48, 0x8c48, 0x8c48, 0x8c48, 
  0x8c48, 0x8c48, 0x8c48, 0x8c48, 0x8c48, 0x8c48, 0x8c48, 0x8c48, 0x8c48, 0x8c48, 0x8c48, 0x8c48, 
  0x8c48, 0x8c48, 0x8c48, 0x8c48, 0x8c48, 0x8c48, 0x8c48, 0x8c48, 0x8c48, 0x8c48, 0x8c48, 0x8c48, 
  0x8c48, 0x8c48, 0x8c48, 0x8c48, 0x8c48, 0x8c48, 0x8c48, 0x8c48, 0x8c48, 0x8c48, 0x8c48, 0x8c48, 
  0x8c48, 0x8c48, 0x8c48, 0x8c48, 0x8c48, 0x8c48, 0x8c48, 0x8c48, 0x8c88, 0x8c88, 0x94a9, 0x94a9, 
  0x94a9, 0x94a9, 0x8c48, 0x8c48, 0x8c48, 0x8c48, 0x8c48, 0x8c48, 0x94a9, 0x94a9, 0x8c48, 0x8c48, 
  0x8c48, 0x8c48, 0x8c48, 0x8c48, 0x8c48, 0x8c48, 0x8c48, 0x8c48, 0x8c48, 0x8c48, 0x8c48, 0x8c48, 
  0x8c48, 0x8c48, 0x8c48, 0x8c48, 0x8c48, 0x8c48, 0x8c48, 0x8c48, 0x8c48, 0x8c48, 0x8c48, 0x8c48, 
  0x8c48, 0x8c48, 0x8c48, 0x8c48, 0x8c48, 0x8c48, 0x8c48, 0x8c48, 0x8c48, 0x8c48, 0x8c48, 0x8c48, 
  0x8c48, 0x8c48, 0x8c48, 0x8c48, 0x8c48, 0x8c48, 0x8c48, 0x8c48, 0x8c48, 0x8c48, 0x8c48, 0x8c48, 
  0x8c48, 0x8c48, 0x8c48, 0x8c48, 0x8c48, 0x8c48, 0x8c48, 0x8c48, 0x8c48, 0x8c48, 0x8c48, 0x8c48, 
  0x8c48, 0x8c48, 0x8c48, 0x8c48, 0x8c48, 0x8c48, 0x8c48, 0x8c48, 0x8c48, 0x8c48, 0x8c48, 0x8c48, 
  0x8c48, 0x8c48, 0x8c48, 0x8c48, 0x8c48, 0x8c48, 0x8c48, 0x8c48, 0x8c48, 0x8c48, 0x8c48, 0x8c48, 
  0x8c48, 0x8c48, 0x8c48, 0x8c48, 0x8c48, 0x8c48, 0x8c48, 0x8c48, 0x8c48, 0x8c48, 0x8c48, 0x8c48, 
  0x8c48, 0x8c48, 0x8c48, 0x8c48, 0x8c48, 0x8c48, 0x8c48, 0x8c48, 0x8c48, 0x8c48, 0x8c48, 0x8c48, 
  0x8c48, 0x8c48, 0x8c48, 0x8c48, 0x8c48, 0x8c48, 0x8c48, 0x8c48, 0x8c48, 0x8c48, 0x8c48, 0x8c48, 
  0x8c48, 0x8c48, 0x8c48, 0x8c48, 0x8c48, 0x8c48, 0x8c48, 0x8c48, 0x8c48, 0x8c48, 0x8c48, 0x8c48, 
  0x8c48, 0x8c48, 0x8c48, 0x8c48, 0x8c48, 0x8c48, 0x8c48, 0x8c48, 0x8c48, 0x8c48, 0x8c48, 0x8c48, 
  0x8c48, 0x8c48, 0x8c48, 0x8c48, 0x8c48, 0x8c48, 0x8c48, 0x8c48, 0x8c48, 0x8c48, 0x8c48, 0x8c48, 
  0x8c48, 0x8c48, 0x8c48, 0x8c48, 0x8c48, 0x8c48, 0x8c48, 0x8c48, 0x8c48, 0x8c48, 0x8c48, 0x8c48, 
  0x8c48, 0x8c48, 0x8c48, 0x8c48, 0x8c48, 0x8c48, 0x8c48, 0x8c48, 0x8c48, 0x8c48, 0x8c48, 0x8c48, 
  0x8c48, 0x8c48, 0x8c48, 0x8c48, 0x8c48, 0x8c48, 0x8c48, 0x8c48, 0x8c48, 0x8c48, 0x8c48, 0x8c48, 
  0x8c48, 0x8c48, 0x8c48, 0x8c48, 0x8c48, 0x8c48, 0x8c48, 0x8c48, 0x8c48, 0x8c48, 0x8c48, 0x8c48, 
  0x8c48, 0x8c48, 0x8c48, 0x8c48, 0x8c48, 0x8c48, 0x8c48, 0x8c48, 0x8c48, 0x8c48, 0x8c48, 0x8c48, 
  0x8c48, 0x8c48, 0x8c48, 0x8c48, 0x8c48, 0x8c48, 0x8c48, 0x8c48, 0x8c48, 0x8c48, 0x8c48, 0x8c48, 
  0x8c48, 0x8c48, 0x8c48, 0x8c48, 0x8c48, 0x8c48, 0x8c48, 0x8c48, 0x8c48, 0x8c48, 0x8c48, 0x8c48, 
  0x8c48, 0x8c48, 0x8c48, 0x8c48, 0x8c48, 0x8c48, 0x8c48, 0x8c48, 0x8c48, 0x8c48, 0x8c48, 0x8c48, 
  0x8c48, 0x8c48, 0x8c48, 0x8c48, 0x8c48, 0x8c48, 0x8c48, 0x8c48, 0x8c48, 0x8c48, 0x8c48, 0x8c48, 
  0x8c88, 0x8c88, 0x94a9, 0x94a9, 0x94a9, 0x94a9, 0x8c48, 0x8c48, 0x8c48, 0x8c48, 0x8c48, 0x8c48, 
  0x94a9, 0x94a9, 0x8c48, 0x8c48, 0x8c48, 0x8c48, 0x8c48, 0x8c48, 0x8c48, 0x8c48, 0x8c48, 0x8c48, 
  0x8c48, 0x8c48, 0x8c48, 0x8c48, 0x8c48, 0x8c48, 0x8c48, 0x8c48, 0x8c48, 0x8c48, 0x8c48, 0x8c48, 
  0x8c48, 0x8c48, 0x8c48, 0x8c48, 0x8c48, 0x8c48, 0x8c48, 0x8c48, 0x8c48, 0x8c48, 0x8c48, 0x8c48, 
  0x8c48, 0x8c48, 0x8c48, 0x8c48, 0x8c48, 0x8c48, 0x8c48, 0x8c48, 0x8c48, 0x8c48, 0x8c48, 0x8c48, 
  0x8c48, 0x8c48, 0x8c48, 0x8c48, 0x8c48, 0x8c48, 0x8c48, 0x8c48, 0x8c48, 0x8c48, 0x8c48, 0x8c48, 
  0x8c48, 0x8c48, 0x8c48, 0x8c48, 0x8c48, 0x8c48, 0x8c48, 0x8c48, 0x8c48, 0x8c48, 0x8c48, 0x8c48, 
  0x8c48, 0x8c48, 0x8c48, 0x8c48, 0x8c48, 0x8c48, 0x8c48, 0x8c48, 0x8c48, 0x8c48, 0x8c48, 0x8c48, 
  0x8c48, 0x8c48, 0x8c48, 0x8c48, 0x8c48, 0x8c48, 0x8c48, 0x8c48, 0x8c48, 0x8c48, 0x8c48, 0x8c48, 
  0x8c48, 0x8c48, 0x8c48, 0x8c48, 0x8c48, 0x8c48, 0x8c48, 0x8c48, 0x8c48, 0x8c48, 0x8c48, 0x8c48, 
  0x8c48, 0x8c48, 0x8c48, 0x8c48, 0x8c48, 0x8c48, 0x8c48, 0x8c48, 0x8c48, 0x8c48, 0x8c48, 0x8c48, 
  0x8c48, 0x8c48, 0x8c48, 0x8c48, 0x8c48, 0x8c48, 0x8c48, 0x8c48, 0x8c48, 0x8c48, 0x8c48, 0x8c48, 
  0x8c48, 0x8c48, 0x8c48, 0x8c48, 0x8c48, 0x8c48, 0x8c48, 0x8c48, 0x8c48, 0x8c48, 0x8c48, 0x8c48, 
  0x8c48, 0x8c48, 0x8c48, 0x8c48, 0x8c48, 0x8c48, 0x8c48, 0x8c48, 0x8c48, 0x8c48, 0x8c48, 0x8c48, 
  0x8c48, 0x8c48, 0x8c48, 0x8c48, 0x8c48, 0x8c48, 0x8c48, 0x8c48, 0x8c48, 0x8c48, 0x8c48, 0x8c48, 
  0x8c48, 0x8c48, 0x8c48, 0x8c48, 0x8c48, 0x8c48, 0x8c48, 0x8c48, 0x8c48, 0x8c48, 0x8c48, 0x8c48, 
  0x8c48, 0x8c48, 0x8c48, 0x8c48, 0x8c48, 0x8c48, 0x8c48, 0x8c48, 0x8c48, 0x8c48, 0x8c48, 0x8c48, 
  0x8c48, 0x8c48, 0x8c48, 0x8c48, 0x8c48, 0x8c48, 0x8c48, 0x8c48, 0x8c48, 0x8c48, 0x8c48, 0x8c48, 
  0x8c48, 0x8c48, 0x8c48, 0x8c48, 0x8c48, 0x8c48, 0x8c48, 0x8c48, 0x8c48, 0x8c48, 0x8c48, 0x8c48, 
  0x8c48, 0x8c48, 0x8c48, 0x8c48, 0x8c48, 0x8c48, 0x8c48, 0x8c48, 0x8c48, 0x8c48, 0x8c48, 0x8c48, 
  0x8c48, 0x8c48, 0x8c48, 0x8c48, 0x8c48, 0x8c48, 0x8c48, 0x8c48, 0x8c48, 0x8c48, 0x8c48, 0x8c48, 
  0x8c48, 0x8c48, 0x8c48, 0x8c48, 0x8c48, 0x8c48, 0x8c48, 0x8c48, 0x8c48, 0x8c48, 0x8c48, 0x8c48, 
  0x8c48, 0x8c48, 0x8c48, 0x8c48, 0x8c48, 0x8c48, 0x8c48, 0x8c48, 0x8c48, 0x8c48, 0x8c48, 0x8c48, 
  0x8c48, 0x8c48, 0x8c48, 0x8c48, 0x8c48, 0x8c48, 0x94a9, 0x94a9, 0x8c88, 0x8c88, 0x8c88, 0x8c88, 
  0x8c48, 0x8c48, 0x94a9, 0x94a9, 0x94a9, 0x94a9, 0x8c48, 0x8c48, 0x8c48, 0x8c48, 0x8c48, 0x8c48, 
  0x8c48, 0x8c48, 0x8c48, 0x8c48, 0x8c48, 0x8c48, 0x8c48, 0x8c48, 0x8c48, 0x8c48, 0x8c48, 0x8c48, 
  0x8c48, 0x8c48, 0x8c48, 0x8c48, 0x8c48, 0x8c48, 0x8c48, 0x8c48, 0x8c48, 0x8c48, 0x8c48, 0x8c48, 
  0x8c48, 0x8c48, 0x8c48, 0x8c48, 0x8c48, 0x8c48, 0x8c48, 0x8c48, 0x8c48, 0x8c48, 0x8c48, 0x8c48, 
  0x8c48, 0x8c48, 0x8c48, 0x8c48, 0x8c48, 0x8c48, 0x8c48, 0x8c48, 0x8c48, 0x8c48, 0x8c48, 0x8c48, 
  0x8c48, 0x8c48, 0x8c48, 0x8c48, 0x8c48, 0x8c48, 0x8c48, 0x8c48, 0x8c48, 0x8c48, 0x8c48, 0x8c48, 
  0x8c48, 0x8c48, 0x8c48, 0x8c48, 0x8c48, 0x8c48, 0x8c48, 0x8c48, 0x8c48, 0x8c48, 0x8c48, 0x8c48, 
  0x8c48, 0x8c48, 0x8c48, 0x8c48, 0x8c48, 0x8c48, 0x8c48, 0x8c48, 0x8c48, 0x8c48, 0x8c48, 0x8c48, 
  0x8c48, 0x8c48, 0x8c48, 0x8c48, 0x8c48, 0x8c48, 0x8c48, 0x8c48, 0x8c48, 0x8c48, 0x8c48, 0x8c48, 
  0x8c48, 0x8c48, 0x8c48, 0x8c48, 0x8c48, 0x8c48, 0x8c48, 0x8c48, 0x8c48, 0x8c48, 0x8c48, 0x8c48, 
  0x8c48, 0x8c48, 0x8c48, 0x8c48, 0x8c48, 0x8c48, 0x8c48, 0x8c48, 0x8c48, 0x8c48, 0x8c48, 0x8c48, 
  0x8c48, 0x8c48, 0x8c48, 0x8c48, 0x8c48, 0x8c48, 0x8c48, 0x8c48, 0x8c48, 0x8c48, 0x8c48, 0x8c48, 
  0x8c48, 0x8c48, 0x8c48, 0x8c48, 0x8c48, 0x8c48, 0x8c48, 0x8c48, 0x8c48, 0x8c48, 0x8c48, 0x8c48, 
  0x8c48, 0x8c48, 0x8c48, 0x8c48, 0x8c48, 0x8c48, 0x8c48, 0x8c48, 0x8c48, 0x8c48, 0x8c48, 0x8c48, 
  0x8c48, 0x8c48, 0x8c48, 0x8c48, 0x8c48, 0x8c48, 0x8c48, 0x8c48, 0x8c48, 0x8c48, 0x8c48, 0x8c48, 
  0x8c48, 0x8c48, 0x8c48, 0x8c48, 0x8c48, 0x8c48, 0x8c48, 0x8c48, 0x8c48, 0x8c48, 0x8c48, 0x8c48, 
  0x8c48, 0x8c48, 0x8c48, 0x8c48, 0x8c48, 0x8c48, 0x8c48, 0x8c48, 0x8c48, 0x8c48, 0x8c48, 0x8c48, 
  0x8c48, 0x8c48, 0x8c48, 0x8c48, 0x8c48, 0x8c48, 0x8c48, 0x8c48, 0x8c48, 0x8c48, 0x8c48, 0x8c48, 
  0x8c48, 0x8c48, 0x8c48, 0x8c48, 0x8c48, 0x8c48, 0x8c48, 0x8c48, 0x8c48, 0x8c48, 0x8c48, 0x8c48, 
  0x8c48, 0x8c48, 0x8c48, 0x8c48, 0x8c48, 0x8c48, 0x8c48, 0x8c48, 0x8c48, 0x8c48, 0x8c48, 0x8c48, 
  0x8c48, 0x8c48, 0x8c48, 0x8c48, 0x8c48, 0x8c48, 0x8c48, 0x8c48, 0x8c48, 0x8c48, 0x8c48, 0x8c48, 
  0x8c48, 0x8c48, 0x8c48, 0x8c48, 0x8c48, 0x8c48, 0x8c48, 0x8c48, 0x8c48, 0x8c48, 0x8c48, 0x8c48, 
  0x8c48, 0x8c48, 0x8c48, 0x8c48, 0x8c48, 0x8c48, 0x8c48, 0x8c48, 0x8c48, 0x8c48, 0x94a9, 0x94a9, 
  0x8c88, 0x8c88, 0x8c88, 0x8c88, 0x8c48, 0x8c48, 0x94a9, 0x94a9, 0x94a9, 0x94a9, 0x8c48, 0x8c48, 
  0x8c48, 0x8c48, 0x8c48, 0x8c48, 0x8c48, 0x8c48, 0x8c48, 0x8c48, 0x8c48, 0x8c48, 0x8c48, 0x8c48, 
  0x8c48, 0x8c48, 0x8c48, 0x8c48, 0x8c48, 0x8c48, 0x8c48, 0x8c48, 0x8c48, 0x8c48, 0x8c48, 0x8c48, 
  0x8c48, 0x8c48, 0x8c48, 0x8c48, 0x8c48, 0x8c48, 0x8c48, 0x8c48, 0x8c48, 0x8c48, 0x8c48, 0x8c48, 
  0x8c48, 0x8c48, 0x8c48, 0x8c48, 0x8c48, 0x8c48, 0x8c48, 0x8c48, 0x8c48, 0x8c48, 0x8c48, 0x8c48, 
  0x8c48, 0x8c48, 0x8c48, 0x8c48, 0x8c48, 0x8c48, 0x8c48, 0x8c48, 0x8c48, 0x8c48, 0x8c48, 0x8c48, 
  0x8c48, 0x8c48, 0x8c48, 0x8c48, 0x8c48, 0x8c48, 0x8c48, 0x8c48, 0x8c48, 0x8c48, 0x8c48, 0x8c48, 
  0x8c48, 0x8c48, 0x8c48, 0x8c48, 0x8c48, 0x8c48, 0x8c48, 0x8c48, 0x8c48, 0x8c48, 0x8c48, 0x8c48, 
  0x8c48, 0x8c48, 0x8c48, 0x8c48, 0x8c48, 0x8c48, 0x8c48, 0x8c48, 0x8c48, 0x8c48, 0x8c48, 0x8c48, 
  0x8c48, 0x8c48, 0x8c48, 0x8c48, 0x8c48, 0x8c48, 0x8c48, 0x8c48, 0x8c48, 0x8c48, 0x8c48, 0x8c48, 
  0x8c48, 0x8c48, 0x8c48, 0x8c48, 0x8c48, 0x8c48, 0x8c48, 0x8c48, 0x8c48, 0x8c48, 0x8c48, 0x8c48, 
  0x8c48, 0x8c48, 0x8c48, 0x8c48, 0x8c48, 0x8c48, 0x8c48, 0x8c48, 0x8c48, 0x8c48, 0x8c48, 0x8c48, 
  0x8c48, 0x8c48, 0x8c48, 0x8c48, 0x8c48, 0x8c48, 0x8c48, 0x8c48, 0x8c48, 0x8c48, 0x8c48, 0x8c48, 
  0x8c48, 0x8c48, 0x8c48, 0x8c48, 0x8c48, 0x8c48, 0x8c48, 0x8c48, 0x8c48, 0x8c48, 0x8c48, 0x8c48, 
  0x8c48, 0x8c48, 0x8c48, 0x8c48, 0x8c48, 0x8c48, 0x8c48, 0x8c48, 0x8c48, 0x8c48, 0x8c48, 0x8c48, 
  0x8c48, 0x8c48, 0x8c48, 0x8c48, 0x8c48, 0x8c48, 0x8c48, 0x8c48, 0x8c48, 0x8c48, 0x8c48, 0x8c48, 
  0x8c48, 0x8c48, 0x8c48, 0x8c48, 0x8c48, 0x8c48, 0x8c48, 0x8c48, 0x8c48, 0x8c48, 0x8c48, 0x8c48, 
  0x8c48, 0x8c48, 0x8c48, 0x8c48, 0x8c48, 0x8c48, 0x8c48, 0x8c48, 0x8c48, 0x8c48, 0x8c48, 0x8c48, 
  0x8c48, 0x8c48, 0x8c48, 0x8c48, 0x8c48, 0x8c48, 0x8c48, 0x8c48, 0x8c48, 0x8c48, 0x8c48, 0x8c48, 
  0x8c48, 0x8c48, 0x8c48, 0x8c48, 0x8c48, 0x8c48, 0x8c48, 0x8c48, 0x8c48, 0x8c48, 0x8c48, 0x8c48, 
  0x8c48, 0x8c48, 0x8c48, 0x8c48, 0x8c48, 0x8c48, 0x8c48, 0x8c48, 0x8c48, 0x8c48, 0x8c48, 0x8c48, 
  0x8c48, 0x8c48, 0x8c48, 0x8c48, 0x8c48, 0x8c48, 0x8c48, 0x8c48, 0x8c48, 0x8c48, 0x8c48, 0x8c48, 
  0x8c48, 0x8c48, 0x8c48, 0x8c48, 0x8c48, 0x8c48, 0x8c48, 0x8c48, 0x8c48, 0x8c48, 0x8c48, 0x8c48, 
  0x8c48, 0x8c48, 0x7c27, 0x7c27, 0x8c88, 0x8c88, 0x8c88, 0x8c88, 0x8c48, 0x8c48, 0x8c88, 0x8c88, 
  0x8c88, 0x8c88, 0x8c48, 0x8c48, 0x8c48, 0x8c48, 0x8c48, 0x8c48, 0x8c48, 0x8c48, 0x8c48, 0x8c48, 
  0x8c48, 0x8c48, 0x8c48, 0x8c48, 0x8c48, 0x8c48, 0x8c48, 0x8c48, 0x8c48, 0x8c48, 0x8c48, 0x8c48, 
  0x8c48, 0x8c48, 0x8c48, 0x8c48, 0x8c48, 0x8c48, 0x8c48, 0x8c48, 0x8c48, 0x8c48, 0x8c48, 0x8c48, 
  0x8c48, 0x8c48, 0x8c48, 0x8c48, 0x8c48, 0x8c48, 0x8c48, 0x8c48, 0x8c48, 0x8c48, 0x8c48, 0x8c48, 
  0x8c48, 0x8c48, 0x8c48, 0x8c48, 0x8c48, 0x8c48, 0x8c48, 0x8c48, 0x8c48, 0x8c48, 0x8c48, 0x8c48, 
  0x8c48, 0x8c48, 0x8c48, 0x8c48, 0x8c48, 0x8c48, 0x8c48, 0x8c48, 0x8c48, 0x8c48, 0x8c48, 0x8c48, 
  0x8c48, 0x8c48, 0x8c48, 0x8c48, 0x8c48, 0x8c48, 0x8c48, 0x8c48, 0x8c48, 0x8c48, 0x8c48, 0x8c48, 
  0x8c48, 0x8c48, 0x8c48, 0x8c48, 0x8c48, 0x8c48, 0x8c48, 0x8c48, 0x8c48, 0x8c48, 0x8c48, 0x8c48, 
  0x8c48, 0x8c48, 0x8c48, 0x8c48, 0x8c48, 0x8c48, 0x8c48, 0x8c48, 0x8c48, 0x8c48, 0x8c48, 0x8c48, 
  0x8c48, 0x8c48, 0x8c48, 0x8c48, 0x8c48, 0x8c48, 0x8c48, 0x8c48, 0x8c48, 0x8c48, 0x8c48, 0x8c48, 
  0x8c48, 0x8c48, 0x8c48, 0x8c48, 0x8c48, 0x8c48, 0x8c48, 0x8c48, 0x8c48, 0x8c48, 0x8c48, 0x8c48, 
  0x8c48, 0x8c48, 0x8c48, 0x8c48, 0x8c48, 0x8c48, 0x8c48, 0x8c48, 0x8c48, 0x8c48, 0x8c48, 0x8c48, 
  0x8c48, 0x8c48, 0x8c48, 0x8c48, 0x8c48, 0x8c48, 0x8c48, 0x8c48, 0x8c48, 0x8c48, 0x8c48, 0x8c48, 
  0x8c48, 0x8c48, 0x8c48, 0x8c48, 0x8c48, 0x8c48, 0x8c48, 0x8c48, 0x8c48, 0x8c48, 0x8c48, 0x8c48, 
  0x8c48, 0x8c48, 0x8c48, 0x8c48, 0x8c48, 0x8c48, 0x8c48, 0x8c48, 0x8c48, 0x8c48, 0x8c48, 0x8c48, 
  0x8c48, 0x8c48, 0x8c48, 0x8c48, 0x8c48, 0x8c48, 0x8c48, 0x8c48, 0x8c48, 0x8c48, 0x8c48, 0x8c48, 
  0x8c48, 0x8c48, 0x8c48, 0x8c48, 0x8c48, 0x8c48, 0x8c48, 0x8c48, 0x8c48, 0x8c48, 0x8c48, 0x8c48, 
  0x8c48, 0x8c48, 0x8c48, 0x8c48, 0x8c48, 0x8c48, 0x8c48, 0x8c48, 0x8c48, 0x8c48, 0x8c48, 0x8c48, 
  0x8c48, 0x8c48, 0x8c48, 0x8c48, 0x8c48, 0x8c48, 0x8c48, 0x8c48, 0x8c48, 0x8c48, 0x8c48, 0x8c48, 
  0x8c48, 0x8c48, 0x8c48, 0x8c48, 0x8c48, 0x8c48, 0x8c48, 0x8c48, 0x8c48, 0x8c48, 0x8c48, 0x8c48, 
  0x8c48, 0x8c48, 0x8c48, 0x8c48, 0x8c48, 0x8c48, 0x8c48, 0x8c48, 0x8c48, 0x8c48, 0x8c48, 0x8c48, 
  0x8c48, 0x8c48, 0x8c48, 0x8c48, 0x8c48, 0x8c48, 0x8c48, 0x8c48, 0x8c48, 0x8c48, 0x8c48, 0x8c48, 
  0x8c48, 0x8c48, 0x8c48, 0x8c48, 0x8c48, 0x8c48, 0x7c27, 0x7c27, 0x8c88, 0x8c88, 0x8c88, 0x8c88, 
  0x8c48, 0x8c48, 0x8c88, 0x8c88, 0x8c88, 0x8c88, 0x8c48, 0x8c48, 0x8c48, 0x8c48, 0x8c48, 0x8c48, 
  0x8c48, 0x8c48, 0x8c48, 0x8c48, 0x8c48, 0x8c48, 0x8c48, 0x8c48, 0x8c48, 0x8c48, 0x8c48, 0x8c48, 
  0x8c48, 0x8c48, 0x8c48, 0x8c48, 0x8c48, 0x8c48, 0x8c48, 0x8c48, 0x8c48, 0x8c48, 0x8c48, 0x8c48, 
  0x8c48, 0x8c48, 0x8c48, 0x8c48, 0x8c48, 0x8c48, 0x8c48, 0x8c48, 0x8c48, 0x8c48, 0x8c48, 0x8c48, 
  0x8c48, 0x8c48, 0x8c48, 0x8c48, 0x8c48, 0x8c48, 0x8c48, 0x8c48, 0x8c48, 0x8c48, 0x8c48, 0x8c48, 
  0x8c48, 0x8c48, 0x8c48, 0x8c48, 0x8c48, 0x8c48, 0x8c48, 0x8c48, 0x8c48, 0x8c48, 0x8c48, 0x8c48, 
  0x8c48, 0x8c48, 0x8c48, 0x8c48, 0x8c48, 0x8c48, 0x8c48, 0x8c48, 0x8c48, 0x8c48, 0x8c48, 0x8c48, 
  0x8c48, 0x8c48, 0x8c48, 0x8c48, 0x8c48, 0x8c48, 0x8c48, 0x8c48, 0x8c48, 0x8c48, 0x8c48, 0x8c48, 
  0x8c48, 0x8c48, 0x8c48, 0x8c48, 0x8c48, 0x8c48, 0x8c48, 0x8c48, 0x8c48, 0x8c48, 0x8c48, 0x8c48, 
  0x8c48, 0x8c48, 0x8c48, 0x8c48, 0x8c48, 0x8c48, 0x8c48, 0x8c48, 0x8c48, 0x8c48, 0x8c48, 0x8c48, 
  0x8c48, 0x8c48, 0x8c48, 0x8c48, 0x8c48, 0x8c48, 0x8c48, 0x8c48, 0x8c48, 0x8c48, 0x8c48, 0x8c48, 
  0x8c48, 0x8c48, 0x8c48, 0x8c48, 0x8c48, 0x8c48, 0x8c48, 0x8c48, 0x8c48, 0x8c48, 0x8c48, 0x8c48, 
  0x8c48, 0x8c48, 0x8c48, 0x8c48, 0x8c48, 0x8c48, 0x8c48, 0x8c48, 0x8c48, 0x8c48, 0x8c48, 0x8c48, 
  0x8c48, 0x8c48, 0x8c48, 0x8c48, 0x8c48, 0x8c48, 0x8c48, 0x8c48, 0x8c48, 0x8c48, 0x8c48, 0x8c48, 
  0x8c48, 0x8c48, 0x8c48, 0x8c48, 0x8c48, 0x8c48, 0x8c48, 0x8c48, 0x8c48, 0x8c48, 0x8c48, 0x8c48, 
  0x8c48, 0x8c48, 0x8c48, 0x8c48, 0x8c48, 0x8c48, 0x8c48, 0x8c48, 0x8c48, 0x8c48, 0x8c48, 0x8c48, 
  0x8c48, 0x8c48, 0x8c48, 0x8c48, 0x8c48, 0x8c48, 0x8c48, 0x8c48, 0x8c48, 0x8c48, 0x8c48, 0x8c48, 
  0x8c48, 0x8c48, 0x8c48, 0x8c48, 0x8c48, 0x8c48, 0x8c48, 0x8c48, 0x8c48, 0x8c48, 0x8c48, 0x8c48, 
  0x8c48, 0x8c48, 0x8c48, 0x8c48, 0x8c48, 0x8c48, 0x8c48, 0x8c48, 0x8c48, 0x8c48, 0x8c48, 0x8c48, 
  0x8c48, 0x8c48, 0x8c48, 0x8c48, 0x8c48, 0x8c48, 0x8c48, 0x8c48, 0x8c48, 0x8c48, 0x8c48, 0x8c48, 
  0x8c48, 0x8c48, 0x8c48, 0x8c48, 0x8c48, 0x8c48, 0x8c48, 0x8c48, 0x8c48, 0x8c48, 0x8c48, 0x8c48, 
  0x8c48, 0x8c48, 0x8c48, 0x8c48, 0x8c48, 0x8c48, 0x8c48, 0x8c48, 0x8c48, 0x8c48, 0x8c48, 0x8c48, 
  0x8c48, 0x8c48, 0x8c48, 0x8c48, 0x8c48, 0x8c48, 0x8c48, 0x8c48, 0x8c48, 0x8c48, 0x8c48, 0x8c48, 
  0x7c27, 0x7c27, 0x8c88, 0x8c88, 0x8c48, 0x8c48, 0x8c88, 0x8c88, 0x7c27, 0x7c27, 0x8c48, 0x8c48, 
  0x8c48, 0x8c48, 0x8c48, 0x8c48, 0x8c48, 0x8c48, 0x8c48, 0x8c48, 0x8c48, 0x8c48, 0x8c48, 0x8c48, 
  0x8c48, 0x8c48, 0x8c48, 0x8c48, 0x8c48, 0x8c48, 0x8c48, 0x8c48, 0x8c48, 0x8c48, 0x8c48, 0x8c48, 
  0x8c48, 0x8c48, 0x8c48, 0x8c48, 0x8c48, 0x8c48, 0x8c48, 0x8c48, 0x8c48, 0x8c48, 0x8c48, 0x8c48, 
  0x8c48, 0x8c48, 0x8c48, 0x8c48, 0x8c48, 0x8c48, 0x8c48, 0x8c48, 0x8c48, 0x8c48, 0x8c48, 0x8c48, 
  0x8c48, 0x8c48, 0x8c48, 0x8c48, 0x8c48, 0x8c48, 0x8c48, 0x8c48, 0x8c48, 0x8c48, 0x8c48, 0x8c48, 
  0x8c48, 0x8c48, 0x8c48, 0x8c48, 0x8c48, 0x8c48, 0x8c48, 0x8c48, 0x8c48, 0x8c48, 0x8c48, 0x8c48, 
  0x8c48, 0x8c48, 0x8c48, 0x8c48, 0x8c48, 0x8c48, 0x8c48, 0x8c48, 0x8c48, 0x8c48, 0x8c48, 0x8c48, 
  0x8c48, 0x8c48, 0x8c48, 0x8c48, 0x8c48, 0x8c48, 0x8c48, 0x8c48, 0x8c48, 0x8c48, 0x8c48, 0x8c48, 
  0x8c48, 0x8c48, 0x8c48, 0x8c48, 0x8c48, 0x8c48, 0x8c48, 0x8c48, 0x8c48, 0x8c48, 0x8c48, 0x8c48, 
  0x8c48, 0x8c48, 0x8c48, 0x8c48, 0x8c48, 0x8c48, 0x8c48, 0x8c48, 0x8c48, 0x8c48, 0x8c48, 0x8c48, 
  0x8c48, 0x8c48, 0x8c48, 0x8c48, 0x8c48, 0x8c48, 0x8c48, 0x8c48, 0x8c48, 0x8c48, 0x8c48, 0x8c48, 
  0x8c48, 0x8c48, 0x8c48, 0x8c48, 0x8c48, 0x8c48, 0x8c48, 0x8c48, 0x8c48, 0x8c48, 0x8c48, 0x8c48, 
  0x8c48, 0x8c48, 0x8c48, 0x8c48, 0x8c48, 0x8c48, 0x8c48, 0x8c48, 0x8c48, 0x8c48, 0x8c48, 0x8c48, 
  0x8c48, 0x8c48, 0x8c48, 0x8c48, 0x8c48, 0x8c48, 0x8c48, 0x8c48, 0x8c48, 0x8c48, 0x8c48, 0x8c48, 
  0x8c48, 0x8c48, 0x8c48, 0x8c48, 0x8c48, 0x8c48, 0x8c48, 0x8c48, 0x8c48, 0x8c48, 0x8c48, 0x8c48, 
  0x8c48, 0x8c48, 0x8c48, 0x8c48, 0x8c48, 0x8c48, 0x8c48, 0x8c48, 0x8c48, 0x8c48, 0x8c48, 0x8c48, 
  0x8c48, 0x8c48, 0x8c48, 0x8c48, 0x8c48, 0x8c48, 0x8c48, 0x8c48, 0x8c48, 0x8c48, 0x8c48, 0x8c48, 
  0x8c48, 0x8c48, 0x8c48, 0x8c48, 0x8c48, 0x8c48, 0x8c48, 0x8c48, 0x8c48, 0x8c48, 0x8c48, 0x8c48, 
  0x8c48, 0x8c48, 0x8c48, 0x8c48, 0x8c48, 0x8c48, 0x8c48, 0x8c48, 0x8c48, 0x8c48, 0x8c48, 0x8c48, 
  0x8c48, 0x8c48, 0x8c48, 0x8c48, 0x8c48, 0x8c48, 0x8c48, 0x8c48, 0x8c48, 0x8c48, 0x8c48, 0x8c48, 
  0x8c48, 0x8c48, 0x8c48, 0x8c48, 0x8c48, 0x8c48, 0x8c48, 0x8c48, 0x8c48, 0x8c48, 0x8c48, 0x8c48, 
  0x8c48, 0x8c48, 0x8c48, 0x8c48, 0x8c48, 0x8c48, 0x8c48, 0x8c48, 0x8c48, 0x8c48, 0x8c48, 0x8c48, 
  0x8c48, 0x8c48, 0x8c48, 0x8c48, 0x7c27, 0x7c27, 0x8c88, 0x8c88, 0x8c48, 0x8c48, 0x8c88, 0x8c88, 
  0x7c27, 0x7c27, 0x8c48, 0x8c48, 0x8c48, 0x8c48, 0x8c48, 0x8c48, 0x8c48, 0x8c48, 0x8c48, 0x8c48, 
  0x8c48, 0x8c48, 0x8c48, 0x8c48, 0x8c48, 0x8c48, 0x8c48, 0x8c48, 0x8c48, 0x8c48, 0x8c48, 0x8c48, 
  0x8c48, 0x8c48, 0x8c48, 0x8c48, 0x8c48, 0x8c48, 0x8c48, 0x8c48, 0x8c48, 0x8c48, 0x8c48, 0x8c48, 
  0x8c48, 0x8c48, 0x8c48, 0x8c48, 0x8c48, 0x8c48, 0x8c48, 0x8c48, 0x8c48, 0x8c48, 0x8c48, 0x8c48, 
  0x8c48, 0x8c48, 0x8c48, 0x8c48, 0x8c48, 0x8c48, 0x8c48, 0x8c48, 0x8c48, 0x8c48, 0x8c48, 0x8c48, 
  0x8c48, 0x8c48, 0x8c48, 0x8c48, 0x8c48, 0x8c48, 0x8c48, 0x8c48, 0x8c48, 0x8c48, 0x8c48, 0x8c48, 
  0x8c48, 0x8c48, 0x8c48, 0x8c48, 0x8c48, 0x8c48, 0x8c48, 0x8c48, 0x8c48, 0x8c48, 0x8c48, 0x8c48, 
  0x8c48, 0x8c48, 0x8c48, 0x8c48, 0x8c48, 0x8c48, 0x8c48, 0x8c48, 0x8c48, 0x8c48, 0x8c48, 0x8c48, 
  0x8c48, 0x8c48, 0x8c48, 0x8c48, 0x8c48, 0x8c48, 0x8c48, 0x8c48, 0x8c48, 0x8c48, 0x8c48, 0x8c48, 
  0x8c48, 0x8c48, 0x8c48, 0x8c48, 0x8c48, 0x8c48, 0x8c48, 0x8c48, 0x8c48, 0x8c48, 0x8c48, 0x8c48, 
  0x8c48, 0x8c48, 0x8c48, 0x8c48, 0x8c48, 0x8c48, 0x8c48, 0x8c48, 0x8c48, 0x8c48, 0x8c48, 0x8c48, 
  0x8c48, 0x8c48, 0x8c48, 0x8c48, 0x8c48, 0x8c48, 0x8c48, 0x8c48, 0x8c48, 0x8c48, 0x8c48, 0x8c48, 
  0x8c48, 0x8c48, 0x8c48, 0x8c48, 0x8c48, 0x8c48, 0x8c48, 0x8c48, 0x8c48, 0x8c48, 0x8c48, 0x8c48, 
  0x8c48, 0x8c48, 0x8c48, 0x8c48, 0x8c48, 0x8c48, 0x8c48, 0x8c48, 0x8c48, 0x8c48, 0x8c48, 0x8c48, 
  0x8c48, 0x8c48, 0x8c48, 0x8c48, 0x8c48, 0x8c48, 0x8c48, 0x8c48, 0x8c48, 0x8c48, 0x8c48, 0x8c48, 
  0x8c48, 0x8c48, 0x8c48, 0x8c48, 0x8c48, 0x8c48, 0x8c48, 0x8c48, 0x8c48, 0x8c48, 0x8c48, 0x8c48, 
  0x8c48, 0x8c48, 0x8c48, 0x8c48, 0x8c48, 0x8c48, 0x8c48, 0x8c48, 0x8c48, 0x8c48, 0x8c48, 0x8c48, 
  0x8c48, 0x8c48, 0x8c48, 0x8c48, 0x8c48, 0x8c48, 0x8c48, 0x8c48, 0x8c48, 0x8c48, 0x8c48, 0x8c48, 
  0x8c48, 0x8c48, 0x8c48, 0x8c48, 0x8c48, 0x8c48, 0x8c48, 0x8c48, 0x8c48, 0x8c48, 0x8c48, 0x8c48, 
  0x8c48, 0x8c48, 0x8c48, 0x8c48, 0x8c48, 0x8c48, 0x8c48, 0x8c48, 0x8c48, 0x8c48, 0x8c48, 0x8c48, 
  0x8c48, 0x8c48, 0x8c48, 0x8c48, 0x8c48, 0x8c48, 0x8c48, 0x8c48, 0x8c48, 0x8c48, 0x8c48, 0x8c48, 
  0x8c48, 0x8c48, 0x8c48, 0x8c48, 0x8c48, 0x8c48, 0x8c48, 0x8c48, 0x8c48, 0x8c48, 0x8c48, 0x8c48, 
  0x8c48, 0x8c48, 0x8c48, 0x8c48, 0x8c48, 0x8c48, 0x8c48, 0x8c48, 0x8c48, 0x8c48, 0x7c27, 0x7c27, 
  0x8c48, 0x8c48, 0x7c27, 0x7c27, 0x8c48, 0x8c48, 0x8c48, 0x8c48, 0x8c48, 0x8c48, 0x8c48, 0x8c48, 
  0x8c48, 0x8c48, 0x8c48, 0x8c48, 0x8c48, 0x8c48, 0x8c48, 0x8c48, 0x8c48, 0x8c48, 0x8c48, 0x8c48, 
  0x8c48, 0x8c48, 0x8c48, 0x8c48, 0x8c48, 0x8c48, 0x8c48, 0x8c48, 0x8c48, 0x8c48, 0x8c48, 0x8c48, 
  0x8c48, 0x8c48, 0x8c48, 0x8c48, 0x8c48, 0x8c48, 0x8c48, 0x8c48, 0x8c48, 0x8c48, 0x8c48, 0x8c48, 
  0x8c48, 0x8c48, 0x8c48, 0x8c48, 0x8c48, 0x8c48, 0x8c48, 0x8c48, 0x8c48, 0x8c48, 0x8c48, 0x8c48, 
  0x8c48, 0x8c48, 0x8c48, 0x8c48, 0x8c48, 0x8c48, 0x8c48, 0x8c48, 0x8c48, 0x8c48, 0x8c48, 0x8c48, 
  0x8c48, 0x8c48, 0x8c48, 0x8c48, 0x8c48, 0x8c48, 0x8c48, 0x8c48, 0x8c48, 0x8c48, 0x8c48, 0x8c48, 
  0x8c48, 0x8c48, 0x8c48, 0x8c48, 0x8c48, 0x8c48, 0x8c48, 0x8c48, 0x8c48, 0x8c48, 0x8c48, 0x8c48, 
  0x8c48, 0x8c48, 0x8c48, 0x8c48, 0x8c48, 0x8c48, 0x8c48, 0x8c48, 0x8c48, 0x8c48, 0x8c48, 0x8c48, 
  0x8c48, 0x8c48, 0x8c48, 0x8c48, 0x8c48, 0x8c48, 0x8c48, 0x8c48, 0x8c48, 0x8c48, 0x8c48, 0x8c48, 
  0x8c48, 0x8c48, 0x8c48, 0x8c48, 0x8c48, 0x8c48, 0x8c48, 0x8c48, 0x8c48, 0x8c48, 0x8c48, 0x8c48, 
  0x8c48, 0x8c48, 0x8c48, 0x8c48, 0x8c48, 0x8c48, 0x8c48, 0x8c48, 0x8c48, 0x8c48, 0x8c48, 0x8c48, 
  0x8c48, 0x8c48, 0x8c48, 0x8c48, 0x8c48, 0x8c48, 0x8c48, 0x8c48, 0x8c48, 0x8c48, 0x8c48, 0x8c48, 
  0x8c48, 0x8c48, 0x8c48, 0x8c48, 0x8c48, 0x8c48, 0x8c48, 0x8c48, 0x8c48, 0x8c48, 0x8c48, 0x8c48, 
  0x8c48, 0x8c48, 0x8c48, 0x8c48, 0x8c48, 0x8c48, 0x8c48, 0x8c48, 0x8c48, 0x8c48, 0x8c48, 0x8c48, 
  0x8c48, 0x8c48, 0x8c48, 0x8c48, 0x8c48, 0x8c48, 0x8c48, 0x8c48, 0x8c48, 0x8c48, 0x8c48, 0x8c48, 
  0x8c48, 0x8c48, 0x8c48, 0x8c48, 0x8c48, 0x8c48, 0x8c48, 0x8c48, 0x8c48, 0x8c48, 0x8c48, 0x8c48, 
  0x8c48, 0x8c48, 0x8c48, 0x8c48, 0x8c48, 0x8c48, 0x8c48, 0x8c48, 0x8c48, 0x8c48, 0x8c48, 0x8c48, 
  0x8c48, 0x8c48, 0x8c48, 0x8c48, 0x8c48, 0x8c48, 0x8c48, 0x8c48, 0x8c48, 0x8c48, 0x8c48, 0x8c48, 
  0x8c48, 0x8c48, 0x8c48, 0x8c48, 0x8c48, 0x8c48, 0x8c48, 0x8c48, 0x8c48, 0x8c48, 0x8c48, 0x8c48, 
  0x8c48, 0x8c48, 0x8c48, 0x8c48, 0x8c48, 0x8c48, 0x8c48, 0x8c48, 0x8c48, 0x8c48, 0x8c48, 0x8c48, 
  0x8c48, 0x8c48, 0x8c48, 0x8c48, 0x8c48, 0x8c48, 0x8c48, 0x8c48, 0x8c48, 0x8c48, 0x8c48, 0x8c48, 
  0x8c48, 0x8c48, 0x8c48, 0x8c48, 0x8c48, 0x8c48, 0x8c48, 0x8c48, 0x8c48, 0x8c48, 0x8c48, 0x8c48, 
  0x8c48, 0x8c48, 0x7c27, 0x7c27, 0x8c48, 0x8c48, 0x7c27, 0x7c27, 0x8c48, 0x8c48, 0x8c48, 0x8c48, 
  0x8c48, 0x8c48, 0x8c48, 0x8c48, 0x8c48, 0x8c48, 0x8c48, 0x8c48, 0x8c48, 0x8c48, 0x8c48, 0x8c48, 
  0x8c48, 0x8c48, 0x8c48, 0x8c48, 0x8c48, 0x8c48, 0x8c48, 0x8c48, 0x8c48, 0x8c48, 0x8c48, 0x8c48, 
  0x8c48, 0x8c48, 0x8c48, 0x8c48, 0x8c48, 0x8c48, 0x8c48, 0x8c48, 0x8c48, 0x8c48, 0x8c48, 0x8c48, 
  0x8c48, 0x8c48, 0x8c48, 0x8c48, 0x8c48, 0x8c48, 0x8c48, 0x8c48, 0x8c48, 0x8c48, 0x8c48, 0x8c48, 
  0x8c48, 0x8c48, 0x8c48, 0x8c48, 0x8c48, 0x8c48, 0x8c48, 0x8c48, 0x8c48, 0x8c48, 0x8c48, 0x8c48, 
  0x8c48, 0x8c48, 0x8c48, 0x8c48, 0x8c48, 0x8c48, 0x8c48, 0x8c48, 0x8c48, 0x8c48, 0x8c48, 0x8c48, 
  0x8c48, 0x8c48, 0x8c48, 0x8c48, 0x8c48, 0x8c48, 0x8c48, 0x8c48, 0x8c48, 0x8c48, 0x8c48, 0x8c48, 
  0x8c48, 0x8c48, 0x8c48, 0x8c48, 0x8c48, 0x8c48, 0x8c48, 0x8c48, 0x8c48, 0x8c48, 0x8c48, 0x8c48, 
  0x8c48, 0x8c48, 0x8c48, 0x8c48, 0x8c48, 0x8c48, 0x8c48, 0x8c48, 0x8c48, 0x8c48, 0x8c48, 0x8c48, 
  0x8c48, 0x8c48, 0x8c48, 0x8c48, 0x8c48, 0x8c48, 0x8c48, 0x8c48, 0x8c48, 0x8c48, 0x8c48, 0x8c48, 
  0x8c48, 0x8c48, 0x8c48, 0x8c48, 0x8c48, 0x8c48, 0x8c48, 0x8c48, 0x8c48, 0x8c48, 0x8c48, 0x8c48, 
  0x8c48, 0x8c48, 0x8c48, 0x8c48, 0x8c48, 0x8c48, 0x8c48, 0x8c48, 0x8c48, 0x8c48, 0x8c48, 0x8c48, 
  0x8c48, 0x8c48, 0x8c48, 0x8c48, 0x8c48, 0x8c48, 0x8c48, 0x8c48, 0x8c48, 0x8c48, 0x8c48, 0x8c48, 
  0x8c48, 0x8c48, 0x8c48, 0x8c48, 0x8c48, 0x8c48, 0x8c48, 0x8c48, 0x8c48, 0x8c48, 0x8c48, 0x8c48, 
  0x8c48, 0x8c48, 0x8c48, 0x8c48, 0x8c48, 0x8c48, 0x8c48, 0x8c48, 0x8c48, 0x8c48, 0x8c48, 0x8c48, 
  0x8c48, 0x8c48, 0x8c48, 0x8c48, 0x8c48, 0x8c48, 0x8c48, 0x8c48, 0x8c48, 0x8c48, 0x8c48, 0x8c48, 
  0x8c48, 0x8c48, 0x8c48, 0x8c48, 0x8c48, 0x8c48, 0x8c48, 0x8c48, 0x8c48, 0x8c48, 0x8c48, 0x8c48, 
  0x8c48, 0x8c48, 0x8c48, 0x8c48, 0x8c48, 0x8c48, 0x8c48, 0x8c48, 0x8c48, 0x8c48, 0x8c48, 0x8c48, 
  0x8c48, 0x8c48, 0x8c48, 0x8c48, 0x8c48, 0x8c48, 0x8c48, 0x8c48, 0x8c48, 0x8c48, 0x8c48, 0x8c48, 
  0x8c48, 0x8c48, 0x8c48, 0x8c48, 0x8c48, 0x8c48, 0x8c48, 0x8c48, 0x8c48, 0x8c48, 0x8c48, 0x8c48, 
  0x8c48, 0x8c48, 0x8c48, 0x8c48, 0x8c48, 0x8c48, 0x8c48, 0x8c48, 0x8c48, 0x8c48, 0x8c48, 0x8c48, 
  0x8c48, 0x8c48, 0x8c48, 0x8c48, 0x8c48, 0x8c48, 0x8c48, 0x8c48, 0x8c48, 0x8c48, 0x8c48, 0x8c48, 
  0x8c48, 0x8c48, 0x8c48, 0x8c48, 0x8c48, 0x8c48, 0x8c48, 0x8c48, 0x8c48, 0x8c48, 0x8c48, 0x8c48, 
  0x8c48, 0x8c48, 0x8c48, 0x8c48, 0x8c48, 0x8c48, 0x8c48, 0x8c48, 0x8c48, 0x8c48, 0x8c48, 0x8c48, 
  0x8c48, 0x8c48, 0x8c48, 0x8c48, 0x8c48, 0x8c48, 0x8c48, 0x8c48, 0x8c48, 0x8c48, 0x8c48, 0x8c48, 
  0x8c48, 0x8c48, 0x8c48, 0x8c48, 0x8c48, 0x8c48, 0x8c48, 0x8c48, 0x8c48, 0x8c48, 0x8c48, 0x8c48, 
  0x8c48, 0x8c48, 0x8c48, 0x8c48, 0x8c48, 0x8c48, 0x8c48, 0x8c48, 0x8c48, 0x8c48, 0x8c48, 0x8c48, 
  0x8c48, 0x8c48, 0x8c48, 0x8c48, 0x8c48, 0x8c48, 0x8c48, 0x8c48, 0x8c48, 0x8c48, 0x8c48, 0x8c48, 
  0x8c48, 0x8c48, 0x8c48, 0x8c48, 0x8c48, 0x8c48, 0x8c48, 0x8c48, 0x8c48, 0x8c48, 0x8c48, 0x8c48, 
  0x8c48, 0x8c48, 0x8c48, 0x8c48, 0x8c48, 0x8c48, 0x8c48, 0x8c48, 0x8c48, 0x8c48, 0x8c48, 0x8c48, 
  0x8c48, 0x8c48, 0x8c48, 0x8c48, 0x8c48, 0x8c48, 0x8c48, 0x8c48, 0x8c48, 0x8c48, 0x8c48, 0x8c48, 
  0x8c48, 0x8c48, 0x8c48, 0x8c48, 0x8c48, 0x8c48, 0x8c48, 0x8c48, 0x8c48, 0x8c48, 0x8c48, 0x8c48, 
  0x8c48, 0x8c48, 0x8c48, 0x8c48, 0x8c48, 0x8c48, 0x8c48, 0x8c48, 0x8c48, 0x8c48, 0x8c48, 0x8c48, 
  0x8c48, 0x8c48, 0x8c48, 0x8c48, 0x8c48, 0x8c48, 0x8c48, 0x8c48, 0x8c48, 0x8c48, 0x8c48, 0x8c48, 
  0x8c48, 0x8c48, 0x8c48, 0x8c48, 0x8c48, 0x8c48, 0x8c48, 0x8c48, 0x8c48, 0x8c48, 0x8c48, 0x8c48, 
  0x8c48, 0x8c48, 0x8c48, 0x8c48, 0x8c48, 0x8c48, 0x8c48, 0x8c48, 0x8c48, 0x8c48, 0x8c48, 0x8c48, 
  0x8c48, 0x8c48, 0x8c48, 0x8c48, 0x8c48, 0x8c48, 0x8c48, 0x8c48, 0x8c48, 0x8c48, 0x8c48, 0x8c48, 
  0x8c48, 0x8c48, 0x8c48, 0x8c48, 0x8c48, 0x8c48, 0x8c48, 0x8c48, 0x8c48, 0x8c48, 0x8c48, 0x8c48, 
  0x8c48, 0x8c48, 0x8c48, 0x8c48, 0x8c48, 0x8c48, 0x8c48, 0x8c48, 0x8c48, 0x8c48, 0x8c48, 0x8c48, 
  0x8c48, 0x8c48, 0x8c48, 0x8c48, 0x8c48, 0x8c48, 0x8c48, 0x8c48, 0x8c48, 0x8c48, 0x8c48, 0x8c48, 
  0x8c48, 0x8c48, 0x8c48, 0x8c48, 0x8c48, 0x8c48, 0x8c48, 0x8c48, 0x8c48, 0x8c48, 0x8c48, 0x8c48, 
  0x8c48, 0x8c48, 0x8c48, 0x8c48, 0x8c48, 0x8c48, 0x8c48, 0x8c48, 0x8c48, 0x8c48, 0x8c48, 0x8c48, 
  0x8c48, 0x8c48, 0x8c48, 0x8c48, 0x8c48, 0x8c48, 0x8c48, 0x8c48, 0x8c48, 0x8c48, 0x8c48, 0x8c48, 
  0x8c48, 0x8c48, 0x8c48, 0x8c48, 0x8c48, 0x8c48, 0x8c48, 0x8c48, 0x8c48, 0x8c48, 0x8c48, 0x8c48, 
  0x8c48, 0x8c48, 0x8c48, 0x8c48, 0x8c48, 0x8c48, 0x8c48, 0x8c48, 0x8c48, 0x8c48, 0x8c48, 0x8c48, 
  0x8c48, 0x8c48, 0x8c48, 0x8c48, 0x8c48, 0x8c48, 0x8c48, 0x8c48, 0x8c48, 0x8c48, 0x8c48, 0x8c48, 
  0x8c48, 0x8c48, 0x8c48, 0x8c48, 0x8c48, 0x8c48, 0x8c48, 0x8c48, 0x8c48, 0x8c48, 0x8c48, 0x8c48, 
  0x8c48, 0x8c48, 0x8c48, 0x8c48, 0x8c48, 0x8c48, 0x8c48, 0x8c48, 0x8c48, 0x8c48, 0x8c48, 0x8c48, 
  0x8c48, 0x8c48, 0x8c48, 0x8c48, 0x8c48, 0x8c48, 0x8c48, 0x8c48, 0x8c48, 0x8c48, 0x8c48, 0x8c48, 
  0x8c48, 0x8c48, 0x8c48, 0x8c48, 0x8c48, 0x8c48, 0x8c48, 0x8c48, 0x8c48, 0x8c48, 0x8c48, 0x8c48, 
  0x8c48, 0x8c48, 0x8c48, 0x8c48, 0x8c48, 0x8c48, 0x8c48, 0x8c48, 0x8c48, 0x8c48, 0x8c48, 0x8c48, 
  0x8c48, 0x8c48, 0x8c48, 0x8c48, 0x8c48, 0x8c48, 0x8c48, 0x8c48, 0x8c48, 0x8c48, 0x8c48, 0x8c48, 
  0x8c48, 0x8c48, 0x8c48, 0x8c48, 0x8c48, 0x8c48, 0x8c48, 0x8c48, 0x8c48, 0x8c48, 0x8c48, 0x8c48, 
  0x8c48, 0x8c48, 0x8c48, 0x8c48, 0x8c48, 0x8c48, 0x8c48, 0x8c48, 0x8c48, 0x8c48, 0x8c48, 0x8c48, 
  0x8c48, 0x8c48, 0x8c48, 0x8c48, 0x8c48, 0x8c48, 0x8c48, 0x8c48, 0x8c48, 0x8c48, 0x8c48, 0x8c48, 
  0x8c48, 0x8c48, 0x8c48, 0x8c48, 0x8c48, 0x8c48, 0x8c48, 0x8c48, 0x8c48, 0x8c48, 0x8c48, 0x8c48, 
  0x8c48, 0x8c48, 0x8c48, 0x8c48, 0x8c48, 0x8c48, 0x8c48, 0x8c48, 0x8c48, 0x8c48, 0x8c48, 0x8c48, 
  0x8c48, 0x8c48, 0x8c48, 0x8c48, 0x8c48, 0x8c48, 0x8c48, 0x8c48, 0x8c48, 0x8c48, 0x8c48, 0x8c48, 
  0x8c48, 0x8c48, 0x8c48, 0x8c48, 0x8c48, 0x8c48, 0x8c48, 0x8c48, 0x8c48, 0x8c48, 0x8c48, 0x8c48, 
  0x8c48, 0x8c48, 0x8c48, 0x8c48, 0x8c48, 0x8c48, 0x8c48, 0x8c48, 0x8c48, 0x8c48, 0x8c48, 0x8c48, 
  0x8c48, 0x8c48, 0x8c48, 0x8c48, 0x8c48, 0x8c48, 0x8c48, 0x8c48, 0x8c48, 0x8c48, 0x8c48, 0x8c48, 
  0x8c48, 0x8c48, 0x8c48, 0x8c48, 0x8c48, 0x8c48, 0x8c48, 0x8c48, 0x8c48, 0x8c48, 0x8c48, 0x8c48, 
  0x8c48, 0x8c48, 0x8c48, 0x8c48, 0x8c48, 0x8c48, 0x8c48, 0x8c48, 0x8c48, 0x8c48, 0x8c48, 0x8c48, 
  0x8c48, 0x8c48, 0x8c48, 0x8c48, 0x8c48, 0x8c48, 0x8c48, 0x8c48, 0x8c48, 0x8c48, 0x8c48, 0x8c48, 
  0x8c48, 0x8c48, 0x8c48, 0x8c48, 0x8c48, 0x8c48, 0x8c48, 0x8c48, 0x8c48, 0x8c48, 0x8c48, 0x8c48, 
  0x8c48, 0x8c48, 0x8c48, 0x8c48, 0x8c48, 0x8c48, 0x8c48, 0x8c48, 0x8c48, 0x8c48, 0x8c48, 0x8c48, 
  0x8c48, 0x8c48, 0x8c48, 0x8c48, 0x8c48, 0x8c48, 0x8c48, 0x8c48, 0x8c48, 0x8c48, 0x8c48, 0x8c48, 
  0x8c48, 0x8c48, 0x8c48, 0x8c48, 0x8c48, 0x8c48, 0x8c48, 0x8c48, 0x8c48, 0x8c48, 0x8c48, 0x8c48, 
  0x8c48, 0x8c48, 0x8c48, 0x8c48, 0x8c48, 0x8c48, 0x8c48, 0x8c48, 0x8c48, 0x8c48, 0x8c48, 0x8c48, 
  0x8c48, 0x8c48, 0x8c48, 0x8c48, 0x8c48, 0x8c48, 0x8c48, 0x8c48, 0x8c48, 0x8c48, 0x8c48, 0x8c48, 
  0x8c48, 0x8c48, 0x8c48, 0x8c48, 0x8c48, 0x8c48, 0x8c48, 0x8c48, 0x8c48, 0x8c48, 0x8c48, 0x8c48, 
  0x8c48, 0x8c48, 0x8c48, 0x8c48, 0x8c48, 0x8c48, 0x8c48, 0x8c48, 0x8c48, 0x8c48, 0x8c48, 0x8c48, 
  0x8c48, 0x8c48, 0x8c48, 0x8c48, 0x8c48, 0x8c48, 0x8c48, 0x8c48, 0x8c48, 0x8c48, 0x8c48, 0x8c48, 
  0x8c48, 0x8c48, 0x8c48, 0x8c48, 0x8c48, 0x8c48, 0x8c48, 0x8c48, 0x8c48, 0x8c48, 0x8c48, 0x8c48, 
  0x8c48, 0x8c48, 0x8c48, 0x8c48, 0x8c48, 0x8c48, 0x8c48, 0x8c48, 0x8c48, 0x8c48, 0x8c48, 0x8c48, 
  0x8c48, 0x8c48, 0x8c48, 0x8c48, 0x8c48, 0x8c48, 0x8c48, 0x8c48, 0x8c48, 0x8c48, 0x8c48, 0x8c48, 
  0x8c48, 0x8c48, 0x8c48, 0x8c48, 0x8c48, 0x8c48, 0x8c48, 0x8c48, 0x8c48, 0x8c48, 0x8c48, 0x8c48, 
  0x8c48, 0x8c48, 0x8c48, 0x8c48, 0x8c48, 0x8c48, 0x8c48, 0x8c48, 0x8c48, 0x8c48, 0x8c48, 0x8c48, 
  0x8c48, 0x8c48, 0x8c48, 0x8c48, 0x8c48, 0x8c48, 0x8c48, 0x8c48, 0x8c48, 0x8c48, 0x8c48, 0x8c48, 
  0x8c48, 0x8c48, 0x8c48, 0x8c48, 0x8c48, 0x8c48, 0x8c48, 0x8c48, 0x8c48, 0x8c48, 0x8c48, 0x8c48, 
  0x8c48, 0x8c48, 0x8c48, 0x8c48, 0x8c48, 0x8c48, 0x8c48, 0x8c48, 0x8c48, 0x8c48, 0x8c48, 0x8c48, 
  0x8c48, 0x8c48, 0x8c48, 0x8c48, 0x8c48, 0x8c48, 0x8c48, 0x8c48, 0x8c48, 0x8c48, 0x8c48, 0x8c48, 
  0x8c48, 0x8c48, 0x8c48, 0x8c48, 0x8c48, 0x8c48, 0x8c48, 0x8c48, 0x8c48, 0x8c48, 0x8c48, 0x8c48, 
  0x8c48, 0x8c48, 0x8c48, 0x8c48, 0x8c48, 0x8c48, 0x8c48, 0x8c48, 0x8c48, 0x8c48, 0x8c48, 0x8c48, 
  0x8c48, 0x8c48, 0x8c48, 0x8c48, 0x8c48, 0x8c48, 0x8c48, 0x8c48, 0x8c48, 0x8c48, 0x8c48, 0x8c48, 
  0x8c48, 0x8c48, 0x8c48, 0x8c48, 0x8c48, 0x8c48, 0x8c48, 0x8c48, 0x8c48, 0x8c48, 0x8c48, 0x8c48, 
  0x8c48, 0x8c48, 0x8c48, 0x8c48, 0x8c48, 0x8c48, 0x8c48, 0x8c48, 0x8c48, 0x8c48, 0x8c48, 0x8c48, 
  0x8c48, 0x8c48, 0x8c48, 0x8c48, 0x8c48, 0x8c48, 0x8c48, 0x8c48, 0x8c48, 0x8c48, 0x8c48, 0x8c48, 
  0x8c48, 0x8c48, 0x8c48, 0x8c48, 0x8c48, 0x8c48, 0x8c48, 0x8c48, 0x8c48, 0x8c48, 0x8c48, 0x8c48, 
  0x8c48, 0x8c48, 0x8c48, 0x8c48, 0x8c48, 0x8c48, 0x8c48, 0x8c48, 0x8c48, 0x8c48, 0x8c48, 0x8c48, 
  0x8c48, 0x8c48, 0x8c48, 0x8c48, 0x8c48, 0x8c48, 0x8c48, 0x8c48, 0x8c48, 0x8c48, 0x8c48, 0x8c48, 
  0x8c48, 0x8c48, 0x8c48, 0x8c48, 0x8c48, 0x8c48, 0x8c48, 0x8c48, 0x8c48, 0x8c48, 0x8c48, 0x8c48, 
  0x8c48, 0x8c48, 0x8c48, 0x8c48, 0x8c48, 0x8c48, 0x8c48, 0x8c48, 0x8c48, 0x8c48, 0x8c48, 0x8c48, 
  0x8c48, 0x8c48, 0x8c48, 0x8c48, 0x8c48, 0x8c48, 0x8c48, 0x8c48, 0x8c48, 0x8c48, 0x8c48, 0x8c48, 
  0x8c48, 0x8c48, 0x8c48, 0x8c48, 0x8c48, 0x8c48, 0x8c48, 0x8c48, 0x8c48, 0x8c48, 0x8c48, 0x8c48, 
  0x8c48, 0x8c48, 0x8c48, 0x8c48, 0x8c48, 0x8c48, 0x8c48, 0x8c48, 0x8c48, 0x8c48, 0x8c48, 0x8c48, 
  0x8c48, 0x8c48, 0x8c48, 0x8c48, 0x8c48, 0x8c48, 0x8c48, 0x8c48, 0x8c48, 0x8c48, 0x8c48, 0x8c48, 
  0x8c48, 0x8c48, 0x8c48, 0x8c48, 0x8c48, 0x8c48, 0x8c48, 0x8c48, 0x8c48, 0x8c48, 0x8c48, 0x8c48, 
  0x8c48, 0x8c48, 0x8c48, 0x8c48, 0x8c48, 0x8c48, 0x8c48, 0x8c48, 0x8c48, 0x8c48, 0x8c48, 0x8c48, 
  0x8c48, 0x8c48, 0x8c48, 0x8c48, 0x8c48, 0x8c48, 0x8c48, 0x8c48, 0x8c48, 0x8c48, 0x8c48, 0x8c48, 
  0x8c48, 0x8c48, 0x8c48, 0x8c48, 0x8c48, 0x8c48, 0x8c48, 0x8c48, 0x8c48, 0x8c48, 0x8c48, 0x8c48, 
  0x8c48, 0x8c48, 0x8c48, 0x8c48, 0x8c48, 0x8c48, 0x8c48, 0x8c48, 0x8c48, 0x8c48, 0x8c48, 0x8c48, 
  0x8c48, 0x8c48, 0x8c48, 0x8c48, 0x8c48, 0x8c48, 0x8c48, 0x8c48, 0x8c48, 0x8c48, 0x8c48, 0x8c48, 
  0x8c48, 0x8c48, 0x8c48, 0x8c48, 0x8c48, 0x8c48, 0x8c48, 0x8c48, 0x8c48, 0x8c48, 0x8c48, 0x8c48, 
  0x8c48, 0x8c48, 0x8c48, 0x8c48, 0x8c48, 0x8c48, 0x8c48, 0x8c48, 0x8c48, 0x8c48, 0x8c48, 0x8c48, 
  0x8c48, 0x8c48, 0x8c48, 0x8c48, 0x8c48, 0x8c48, 0x8c48, 0x8c48, 0x8c48, 0x8c48, 0x8c48, 0x8c48, 
  0x8c48, 0x8c48, 0x8c48, 0x8c48, 0x8c48, 0x8c48, 0x8c48, 0x8c48, 0x8c48, 0x8c48, 0x8c48, 0x8c48, 
  0x8c48, 0x8c48, 0x8c48, 0x8c48, 0x8c48, 0x8c48, 0x8c48, 0x8c48, 0x8c48, 0x8c48, 0x8c48, 0x8c48, 
  0x8c48, 0x8c48, 0x8c48, 0x8c48, 0x8c48, 0x8c48, 0x8c48, 0x8c48, 0x8c48, 0x8c48, 0x8c48, 0x8c48, 
  0x8c48, 0x8c48, 0x8c48, 0x8c48, 0x8c48, 0x8c48, 0x8c48, 0x8c48, 0x8c48, 0x8c48, 0x8c48, 0x8c48, 
  0x8c48, 0x8c48, 0x8c48, 0x8c48, 0x8c48, 0x8c48, 0x8c48, 0x8c48, 0x8c48, 0x8c48, 0x8c48, 0x8c48, 
  0x8c48, 0x8c48, 0x8c48, 0x8c48, 0x8c48, 0x8c48, 0x8c48, 0x8c48, 0x8c48, 0x8c48, 0x8c48, 0x8c48, 
  0x8c48, 0x8c48, 0x8c48, 0x8c48, 0x8c48, 0x8c48, 0x8c48, 0x8c48, 0x8c48, 0x8c48, 0x8c48, 0x8c48, 
  0x8c48, 0x8c48, 0x8c48, 0x8c48, 0x8c48, 0x8c48, 0x8c48, 0x8c48, 0x8c48, 0x8c48, 0x8c48, 0x8c48, 
  0x8c48, 0x8c48, 0x8c48, 0x8c48, 0x8c48, 0x8c48, 0x8c48, 0x8c48, 0x8c48, 0x8c48, 0x8c48, 0x8c48, 
  0x8c48, 0x8c48, 0x8c48, 0x8c48, 0x8c48, 0x8c48, 0x8c48, 0x8c48, 0x8c48, 0x8c48, 0x8c48, 0x8c48, 
  0x8c48, 0x8c48, 0x8c48, 0x8c48, 0x8c48, 0x8c48, 0x8c48, 0x8c48, 0x8c48, 0x8c48, 0x8c48, 0x8c48, 
  0x8c48, 0x8c48, 0x8c48, 0x8c48, 0x8c48, 0x8c48, 0x8c48, 0x8c48, 0x8c48, 0x8c48, 0x8c48, 0x8c48, 
  0x8c48, 0x8c48, 0x8c48, 0x8c48, 0x8c48, 0x8c48, 0x8c48, 0x8c48, 0x8c48, 0x8c48, 0x8c48, 0x8c48, 
  0x8c48, 0x8c48, 0x8c48, 0x8c48, 0x8c48, 0x8c48, 0x8c48, 0x8c48, 0x8c48, 0x8c48, 0x8c48, 0x8c48, 
  0x8c48, 0x8c48, 0x8c48, 0x8c48, 0x8c48, 0x8c48, 0x8c48, 0x8c48, 0x8c48, 0x8c48, 0x8c48, 0x8c48, 
  0x8c48, 0x8c48, 0x8c48, 0x8c48, 0x8c48, 0x8c48, 0x8c48, 0x8c48, 0x8c48, 0x8c48, 0x8c48, 0x8c48, 
  0x8c48, 0x8c48, 0x8c48, 0x8c48, 0x8c48, 0x8c48, 0x8c48, 0x8c48, 0x8c48, 0x8c48, 0x8c48, 0x8c48, 
  0x8c48, 0x8c48, 0x8c48, 0x8c48, 0x8c48, 0x8c48, 0x8c48, 0x8c48, 0x8c48, 0x8c48, 0x8c48, 0x8c48, 
  0x8c48, 0x8c48, 0x8c48, 0x8c48, 0x8c48, 0x8c48, 0x8c48, 0x8c48, 0x8c48, 0x8c48, 0x8c48, 0x8c48, 
  0x8c48, 0x8c48, 0x8c48, 0x8c48, 0x8c48, 0x8c48, 0x8c48, 0x8c48, 0x8c48, 0x8c48, 0x8c48, 0x8c48, 
  0x8c48, 0x8c48, 0x8c48, 0x8c48, 0x8c48, 0x8c48, 0x8c48, 0x8c48, 0x8c48, 0x8c48, 0x8c48, 0x8c48, 
  0x8c48, 0x8c48, 0x8c48, 0x8c48, 0x8c48, 0x8c48, 0x8c48, 0x8c48, 0x8c48, 0x8c48, 0x8c48, 0x8c48, 
  0x8c48, 0x8c48, 0x8c48, 0x8c48, 0x8c48, 0x8c48, 0x8c48, 0x8c48, 0x8c48, 0x8c48, 0x8c48, 0x8c48, 
  0x8c48, 0x8c48, 0x8c48, 0x8c48, 0x8c48, 0x8c48, 0x8c48, 0x8c48, 0x8c48, 0x8c48, 0x8c48, 0x8c48, 
  0x8c48, 0x8c48, 0x8c48, 0x8c48, 0x8c48, 0x8c48, 0x8c48, 0x8c48, 0x8c48, 0x8c48, 0x8c48, 0x8c48, 
  0x8c48, 0x8c48, 0x8c48, 0x8c48, 0x8c48, 0x8c48, 0x8c48, 0x8c48, 0x8c48, 0x8c48, 0x8c48, 0x8c48, 
  0x8c48, 0x8c48, 0x8c48, 0x8c48, 0x8c48, 0x8c48, 0x8c48, 0x8c48, 0x8c48, 0x8c48, 0x8c48, 0x8c48, 
  0x8c48, 0x8c48, 0x8c48, 0x8c48, 0x8c48, 0x8c48, 0x8c48, 0x8c48, 0x8c48, 0x8c48, 0x8c48, 0x8c48, 
  0x8c48, 0x8c48, 0x8c48, 0x8c48, 0x8c48, 0x8c48, 0x8c48, 0x8c48, 0x8c48, 0x8c48, 0x8c48, 0x8c48, 
  0x8c48, 0x8c48, 0x8c48, 0x8c48, 0x8c48, 0x8c48, 0x8c48, 0x8c48, 0x8c48, 0x8c48, 0x8c48, 0x8c48, 
  0x8c48, 0x8c48, 0x8c48, 0x8c48, 0x8c48, 0x8c48, 0x8c48, 0x8c48, 0x8c48, 0x8c48, 0x8c48, 0x8c48, 
  0x8c48, 0x8c48, 0x8c48, 0x8c48, 0x8c48, 0x8c48, 0x8c48, 0x8c48, 0x8c48, 0x8c48, 0x8c48, 0x8c48, 
  0x8c48, 0x8c48, 0x8c48, 0x8c48, 0x8c48, 0x8c48, 0x8c48, 0x8c48, 0x8c48, 0x8c48, 0x8c48, 0x8c48, 
  0x8c48, 0x8c48, 0x8c48, 0x8c48, 0x8c48, 0x8c48, 0x8c48, 0x8c48, 0x8c48, 0x8c48, 0x8c48, 0x8c48, 
  0x8c48, 0x8c48, 0x8c48, 0x8c48, 0x8c48, 0x8c48, 0x8c48, 0x8c48, 0x8c48, 0x8c48, 0x8c48, 0x8c48, 
  0x8c48, 0x8c48, 0x8c48, 0x8c48, 0x8c48, 0x8c48, 0x8c48, 0x8c48, 0x8c48, 0x8c48, 0x8c48, 0x8c48, 
  0x8c48, 0x8c48, 0x8c48, 0x8c48, 0x8c48, 0x8c48, 0x8c48, 0x8c48, 0x8c48, 0x8c48, 0x8c48, 0x8c48, 
  0x8c48, 0x8c48, 0x8c48, 0x8c48, 0x8c48, 0x8c48, 0x8c48, 0x8c48, 0x8c48, 0x8c48, 0x8c48, 0x8c48, 
  0x8c48, 0x8c48, 0x8c48, 0x8c48, 0x8c48, 0x8c48, 0x8c48, 0x8c48, 0x8c48, 0x8c48, 0x8c48, 0x8c48, 
  0x8c48, 0x8c48, 0x8c48, 0x8c48, 0x8c48, 0x8c48, 0x8c48, 0x8c48, 0x8c48, 0x8c48, 0x8c48, 0x8c48, 
  0x8c48, 0x8c48, 0x8c48, 0x8c48, 0x8c48, 0x8c48, 0x8c48, 0x8c48, 0x8c48, 0x8c48, 0x8c48, 0x8c48, 
  0x8c48, 0x8c48, 0x8c48, 0x8c48, 0x8c48, 0x8c48, 0x8c48, 0x8c48, 0x8c48, 0x8c48, 0x8c48, 0x8c48, 
  0x8c48, 0x8c48, 0x8c48, 0x8c48, 0x8c48, 0x8c48, 0x8c48, 0x8c48, 0x8c48, 0x8c48, 0x8c48, 0x8c48, 
  0x8c48, 0x8c48, 0x8c48, 0x8c48, 0x8c48, 0x8c48, 0x8c48, 0x8c48, 0x8c48, 0x8c48, 0x8c48, 0x8c48, 
  0x8c48, 0x8c48, 0x8c48, 0x8c48, 0x8c48, 0x8c48, 0x8c48, 0x8c48, 0x8c48, 0x8c48, 0x8c48, 0x8c48, 
  0x8c48, 0x8c48, 0x8c48, 0x8c48, 0x8c48, 0x8c48, 0x8c48, 0x8c48, 0x8c48, 0x8c48, 0x8c48, 0x8c48, 
  0x8c48, 0x8c48, 0x8c48, 0x8c48, 0x8c48, 0x8c48, 0x8c48, 0x8c48, 0x8c48, 0x8c48, 0x8c48, 0x8c48, 
  0x8c48, 0x8c48, 0x8c48, 0x8c48, 0x8c48, 0x8c48, 0x8c48, 0x8c48, 0x8c48, 0x8c48, 0x8c48, 0x8c48, 
  0x8c48, 0x8c48, 0x8c48, 0x8c48, 0x8c48, 0x8c48, 0x8c48, 0x8c48, 0x8c48, 0x8c48, 0x8c48, 0x8c48, 
  0x8c48, 0x8c48, 0x8c48, 0x8c48, 0x8c48, 0x8c48, 0x8c48, 0x8c48, 0x8c48, 0x8c48, 0x8c48, 0x8c48, 
  0x8c48, 0x8c48, 0x8c48, 0x8c48, 0x8c48, 0x8c48, 0x8c48, 0x8c48, 0x8c48, 0x8c48, 0x8c48, 0x8c48, 
  0x8c48, 0x8c48, 0x8c48, 0x8c48, 0x8c48, 0x8c48, 0x8c48, 0x8c48, 0x8c48, 0x8c48, 0x8c48, 0x8c48, 
  0x8c48, 0x8c48, 0x8c48, 0x8c48, 0x8c48, 0x8c48, 0x8c48, 0x8c48, 0x8c48, 0x8c48, 0x8c48, 0x8c48, 
  0x8c48, 0x8c48, 0x8c48, 0x8c48, 0x8c48, 0x8c48, 0x8c48, 0x8c48, 0x8c48, 0x8c48, 0x8c48, 0x8c48, 
  0x8c48, 0x8c48, 0x8c48, 0x8c48, 0x8c48, 0x8c48, 0x8c48, 0x8c48, 0x8c48, 0x8c48, 0x8c48, 0x8c48, 
  0x8c48, 0x8c48, 0x8c48, 0x8c48, 0x8c48, 0x8c48, 0x8c48, 0x8c48, 0x8c48, 0x8c48, 0x8c48, 0x8c48, 
  0x8c48, 0x8c48, 0x8c48, 0x8c48, 0x8c48, 0x8c48, 0x8c48, 0x8c48, 0x8c48, 0x8c48, 0x8c48, 0x8c48, 
  0x8c48, 0x8c48, 0x8c48, 0x8c48, 0x8c48, 0x8c48, 0x8c48, 0x8c48, 0x8c48, 0x8c48, 0x8c48, 0x8c48, 
  0x8c48, 0x8c48, 0x8c48, 0x8c48, 0x8c48, 0x8c48, 0x8c48, 0x8c48, 0x8c48, 0x8c48, 0x8c48, 0x8c48, 
  0x8c48, 0x8c48, 0x8c48, 0x8c48, 0x8c48, 0x8c48, 0x8c48, 0x8c48, 0x8c48, 0x8c48, 0x8c48, 0x8c48, 
  0x8c48, 0x8c48, 0x8c48, 0x8c48, 0x8c48, 0x8c48, 0x8c48, 0x8c48, 0x8c48, 0x8c48, 0x8c48, 0x8c48, 
  0x8c48, 0x8c48, 0x8c48, 0x8c48, 0x8c48, 0x8c48, 0x8c48, 0x8c48, 0x8c48, 0x8c48, 0x8c48, 0x8c48, 
  0x8c48, 0x8c48, 0x8c48, 0x8c48, 0x8c48, 0x8c48, 0x8c48, 0x8c48, 0x8c48, 0x8c48, 0x8c48, 0x8c48, 
  0x8c48, 0x8c48, 0x8c48, 0x8c48, 0x8c48, 0x8c48, 0x8c48, 0x8c48, 0x8c48, 0x8c48, 0x8c48, 0x8c48, 
  0x8c48, 0x8c48, 0x8c48, 0x8c48, 0x8c48, 0x8c48, 0x8c48, 0x8c48, 0x8c48, 0x8c48, 0x8c48, 0x8c48, 
  0x8c48, 0x8c48, 0x8c48, 0x8c48, 0x8c48, 0x8c48, 0x8c48, 0x8c48, 0x8c48, 0x8c48, 0x8c48, 0x8c48, 
  0x8c48, 0x8c48, 0x8c48, 0x8c48, 0x8c48, 0x8c48, 0x8c48, 0x8c48, 0x8c48, 0x8c48, 0x8c48, 0x8c48, 
  0x8c48, 0x8c48, 0x8c48, 0x8c48, 0x8c48, 0x8c48, 0x8c48, 0x8c48, 0x8c48, 0x8c48, 0x8c48, 0x8c48, 
  0x8c48, 0x8c48, 0x8c48, 0x8c48, 0x8c48, 0x8c48, 0x8c48, 0x8c48, 0x8c48, 0x8c48, 0x8c48, 0x8c48, 
  0x8c48, 0x8c48, 0x8c48, 0x8c48, 0x8c48, 0x8c48, 0x8c48, 0x8c48, 0x8c48, 0x8c48, 0x8c48, 0x8c48, 
  0x8c48, 0x8c48, 0x8c48, 0x8c48, 0x8c48, 0x8c48, 0x8c48, 0x8c48, 0x8c48, 0x8c48, 0x8c48, 0x8c48, 
  0x8c48, 0x8c48, 0x8c48, 0x8c48, 0x8c48, 0x8c48, 0x8c48, 0x8c48, 0x8c48, 0x8c48, 0x8c48, 0x8c48, 
  0x8c48, 0x8c48, 0x8c48, 0x8c48, 0x8c48, 0x8c48, 0x8c48, 0x8c48, 0x8c48, 0x8c48, 0x8c48, 0x8c48, 
  0x8c48, 0x8c48, 0x8c48, 0x8c48, 0x8c48, 0x8c48, 0x8c48, 0x8c48, 0x8c48, 0x8c48, 0x8c48, 0x8c48, 
  0x8c48, 0x8c48, 0x8c48, 0x8c48, 0x8c48, 0x8c48, 0x8c48, 0x8c48, 0x8c48, 0x8c48, 0x8c48, 0x8c48, 
  0x8c48, 0x8c48, 0x8c48, 0x8c48, 0x8c48, 0x8c48, 0x8c48, 0x8c48, 0x8c48, 0x8c48, 0x8c48, 0x8c48, 
  0x8c48, 0x8c48, 0x8c48, 0x8c48, 0x8c48, 0x8c48, 0x8c48, 0x8c48, 0x8c48, 0x8c48, 0x8c48, 0x8c48, 
  0x8c48, 0x8c48, 0x8c48, 0x8c48, 0x8c48, 0x8c48, 0x8c48, 0x8c48, 0x8c48, 0x8c48, 0x8c48, 0x8c48, 
  0x8c48, 0x8c48, 0x8c48, 0x8c48, 0x8c48, 0x8c48, 0x8c48, 0x8c48, 0x8c48, 0x8c48, 0x8c48, 0x8c48, 
  0x8c48, 0x8c48, 0x8c48, 0x8c48, 0x8c48, 0x8c48, 0x8c48, 0x8c48, 0x8c48, 0x8c48, 0x8c48, 0x8c48, 
  0x8c48, 0x8c48, 0x8c48, 0x8c48, 0x8c48, 0x8c48, 0x8c48, 0x8c48, 0x8c48, 0x8c48, 0x8c48, 0x8c48, 
  0x8c48, 0x8c48, 0x8c48, 0x8c48, 0x8c48, 0x8c48, 0x8c48, 0x8c48, 0x8c48, 0x8c48, 0x8c48, 0x8c48, 
  0x8c48, 0x8c48, 0x8c48, 0x8c48, 0x8c48, 0x8c48, 0x8c48, 0x8c48, 0x8c48, 0x8c48, 0x8c48, 0x8c48, 
  0x8c48, 0x8c48, 0x8c48, 0x8c48, 0x8c48, 0x8c48, 0x8c48, 0x8c48, 0x8c48, 0x8c48, 0x8c48, 0x8c48, 
  0x8c48, 0x8c48, 0x8c48, 0x8c48, 0x8c48, 0x8c48, 0x8c48, 0x8c48, 0x8c48, 0x8c48, 0x8c48, 0x8c48, 
  0x8c48, 0x8c48, 0x8c48, 0x8c48, 0x8c48, 0x8c48, 0x8c48, 0x8c48, 0x8c48, 0x8c48, 0x8c48, 0x8c48, 
  0x8c48, 0x8c48, 0x8c48, 0x8c48, 0x8c48, 0x8c48, 0x8c48, 0x8c48, 0x8c48, 0x8c48, 0x8c48, 0x8c48, 
  0x8c48, 0x8c48, 0x8c48, 0x8c48, 0x8c48, 0x8c48, 0x8c48, 0x8c48, 0x8c48, 0x8c48, 0x8c48, 0x8c48, 
  0x8c48, 0x8c48, 0x8c48, 0x8c48, 0x8c48, 0x8c48, 0x8c48, 0x8c48, 0x8c48, 0x8c48, 0x8c48, 0x8c48, 
  0x8c48, 0x8c48, 0x8c48, 0x8c48, 0x8c48, 0x8c48, 0x8c48, 0x8c48, 0x8c48, 0x8c48, 0x8c48, 0x8c48, 
  0x8c48, 0x8c48, 0x8c48, 0x8c48, 0x8c48, 0x8c48, 0x8c48, 0x8c48, 0x8c48, 0x8c48, 0x8c48, 0x8c48, 
  0x8c48, 0x8c48, 0x8c48, 0x8c48, 0x8c48, 0x8c48, 0x8c48, 0x8c48, 0x8c48, 0x8c48, 0x8c48, 0x8c48, 
  0x8c48, 0x8c48, 0x8c48, 0x8c48, 0x8c48, 0x8c48, 0x8c48, 0x8c48, 0x8c48, 0x8c48, 0x8c48, 0x8c48, 
  0x8c48, 0x8c48, 0x8c48, 0x8c48, 0x8c48, 0x8c48, 0x8c48, 0x8c48, 0x8c48, 0x8c48, 0x8c48, 0x8c48, 
  0x8c48, 0x8c48, 0x8c48, 0x8c48, 0x8c48, 0x8c48, 0x8c48, 0x8c48, 0x8c48, 0x8c48, 0x8c48, 0x8c48, 
  0x8c48, 0x8c48, 0x8c48, 0x8c48, 0x8c48, 0x8c48, 0x8c48, 0x8c48, 0x8c48, 0x8c48, 0x8c48, 0x8c48, 
  0x8c48, 0x8c48, 0x8c48, 0x8c48, 0x8c48, 0x8c48, 0x8c48, 0x8c48, 0x8c48, 0x8c48, 0x8c48, 0x8c48, 
  0x8c48, 0x8c48, 0x8c48, 0x8c48, 0x8c48, 0x8c48, 0x8c48, 0x8c48, 0x8c48, 0x8c48, 0x8c48, 0x8c48, 
  0x8c48, 0x8c48, 0x8c48, 0x8c48, 0x8c48, 0x8c48, 0x8c48, 0x8c48, 0x8c48, 0x8c48, 0x8c48, 0x8c48, 
  0x8c48, 0x8c48, 0x8c48, 0x8c48, 0x8c48, 0x8c48, 0x8c48, 0x8c48, 0x8c48, 0x8c48, 0x8c48, 0x8c48, 
  0x8c48, 0x8c48, 0x8c48, 0x8c48, 0x8c48, 0x8c48, 0x8c48, 0x8c48, 0x8c48, 0x8c48, 0x8c48, 0x8c48, 
  0x8c48, 0x8c48, 0x8c48, 0x8c48, 0x8c48, 0x8c48, 0x8c48, 0x8c48, 0x8c48, 0x8c48, 0x8c48, 0x8c48, 
  0x8c48, 0x8c48, 0x8c48, 0x8c48, 0x8c48, 0x8c48, 0x8c48, 0x8c48, 0x8c48, 0x8c48, 0x8c48, 0x8c48, 
  0x8c48, 0x8c48, 0x8c48, 0x8c48, 0x8c48, 0x8c48, 0x8c48, 0x8c48, 0x8c48, 0x8c48, 0x8c48, 0x8c48, 
  0x8c48, 0x8c48, 0x8c48, 0x8c48, 0x8c48, 0x8c48, 0x8c48, 0x8c48, 0x8c48, 0x8c48, 0x8c48, 0x8c48, 
  0x8c48, 0x8c48, 0x8c48, 0x8c48, 0x8c48, 0x8c48, 0x8c48, 0x8c48, 0x8c48, 0x8c48, 0x8c48, 0x8c48, 
  0x8c48, 0x8c48, 0x8c48, 0x8c48, 0x8c48, 0x8c48, 0x8c48, 0x8c48, 0x8c48, 0x8c48, 0x8c48, 0x8c48, 
  0x8c48, 0x8c48, 0x8c48, 0x8c48, 0x8c48, 0x8c48, 0x8c48, 0x8c48, 0x8c48, 0x8c48, 0x8c48, 0x8c48, 
  0x8c48, 0x8c48, 0x8c48, 0x8c48, 0x8c48, 0x8c48, 0x8c48, 0x8c48, 0x8c48, 0x8c48, 0x8c48, 0x8c48, 
  0x8c48, 0x8c48, 0x8c48, 0x8c48, 0x8c48, 0x8c48, 0x8c48, 0x8c48, 0x8c48, 0x8c48, 0x8c48, 0x8c48, 
  0x8c48, 0x8c48, 0x8c48, 0x8c48, 0x8c48, 0x8c48, 0x8c48, 0x8c48, 0x8c48, 0x8c48, 0x8c48, 0x8c48, 
  0x8c48, 0x8c48, 0x8c48, 0x8c48, 0x8c48, 0x8c48, 0x8c48, 0x8c48, 0x8c48, 0x8c48, 0x8c48, 0x8c48, 
  0x8c48, 0x8c48, 0x8c48, 0x8c48, 0x8c48, 0x8c48, 0x8c48, 0x8c48, 0x8c48, 0x8c48, 0x8c48, 0x8c48, 
  0x8c48, 0x8c48, 0x8c48, 0x8c48, 0x8c48, 0x8c48, 0x8c48, 0x8c48, 0x8c48, 0x8c48, 0x8c48, 0x8c48, 
  0x8c48, 0x8c48, 0x8c48, 0x8c48, 0x8c48, 0x8c48, 0x8c48, 0x8c48, 0x8c48, 0x8c48, 0x8c48, 0x8c48, 
  0x8c48, 0x8c48, 0x8c48, 0x8c48, 0x8c48, 0x8c48, 0x8c48, 0x8c48, 0x8c48, 0x8c48, 0x8c48, 0x8c48, 
  0x8c48, 0x8c48, 0x8c48, 0x8c48, 0x8c48, 0x8c48, 0x8c48, 0x8c48, 0x8c48, 0x8c48, 0x8c48, 0x8c48, 
  0x8c48, 0x8c48, 0x8c48, 0x8c48, 0x8c48, 0x8c48, 0x8c48, 0x8c48, 0x8c48, 0x8c48, 0x8c48, 0x8c48, 
  0x8c48, 0x8c48, 0x8c48, 0x8c48, 0x8c48, 0x8c48, 0x8c48, 0x8c48, 0x8c48, 0x8c48, 0x8c48, 0x8c48, 
  0x8c48, 0x8c48, 0x8c48, 0x8c48, 0x8c48, 0x8c48, 0x8c48, 0x8c48, 0x8c48, 0x8c48, 0x8c48, 0x8c48, 
  0x8c48, 0x8c48, 0x8c48, 0x8c48, 0x8c48, 0x8c48, 0x8c48, 0x8c48, 0x8c48, 0x8c48, 0x8c48, 0x8c48, 
  0x8c48, 0x8c48, 0x8c48, 0x8c48, 0x8c48, 0x8c48, 0x8c48, 0x8c48, 0x8c48, 0x8c48, 0x8c48, 0x8c48, 
  0x8c48, 0x8c48, 0x8c48, 0x8c48, 0x8c48, 0x8c48, 0x8c48, 0x8c48, 0x8c48, 0x8c48, 0x8c48, 0x8c48, 
  0x8c48, 0x8c48, 0x8c48, 0x8c48, 0x8c48, 0x8c48, 0x8c48, 0x8c48, 0x8c48, 0x8c48, 0x8c48, 0x8c48, 
  0x8c48, 0x8c48, 0x8c48, 0x8c48, 0x8c48, 0x8c48, 0x8c48, 0x8c48, 0x8c48, 0x8c48, 0x8c48, 0x8c48, 
  0x8c48, 0x8c48, 0x8c48, 0x8c48, 0x8c48, 0x8c48, 0x8c48, 0x8c48, 0x8c48, 0x8c48, 0x8c48, 0x8c48, 
  0x8c48, 0x8c48, 0x8c48, 0x8c48, 0x8c48, 0x8c48, 0x8c48, 0x8c48, 0x8c48, 0x8c48, 0x8c48, 0x8c48, 
  0x8c48, 0x8c48, 0x8c48, 0x8c48, 0x8c48, 0x8c48, 0x8c48, 0x8c48, 0x8c48, 0x8c48, 0x8c48, 0x8c48, 
  0x8c48, 0x8c48, 0x8c48, 0x8c48, 0x8c48, 0x8c48, 0x8c48, 0x8c48, 0x8c48, 0x8c48, 0x8c48, 0x8c48, 
  0x8c48, 0x8c48, 0x8c48, 0x8c48, 0x8c48, 0x8c48, 0x8c48, 0x8c48, 0x8c48, 0x8c48, 0x8c48, 0x8c48, 
  0x8c48, 0x8c48, 0x8c48, 0x8c48, 0x8c48, 0x8c48, 0x8c48, 0x8c48, 0x8c48, 0x8c48, 0x8c48, 0x8c48, 
  0x8c48, 0x8c48, 0x8c48, 0x8c48, 0x8c48, 0x8c48, 0x8c48, 0x8c48, 0x8c48, 0x8c48, 0x8c48, 0x8c48, 
  0x8c48, 0x8c48, 0x8c48, 0x8c48, 0x8c48, 0x8c48, 0x8c48, 0x8c48, 0x8c48, 0x8c48, 0x8c48, 0x8c48, 
  0x8c48, 0x8c48, 0x8c48, 0x8c48, 0x8c48, 0x8c48, 0x8c48, 0x8c48, 0x8c48, 0x8c48, 0x8c48, 0x8c48, 
  0x8c48, 0x8c48, 0x8c48, 0x8c48, 0x8c48, 0x8c48, 0x8c48, 0x8c48, 0x8c48, 0x8c48, 0x8c48, 0x8c48, 
  0x8c48, 0x8c48, 0x8c48, 0x8c48, 0x8c48, 0x8c48, 0x8c48, 0x8c48, 0x8c48, 0x8c48, 0x8c48, 0x8c48, 
  0x8c48, 0x8c48, 0x8c48, 0x8c48, 0x8c48, 0x8c48, 0x8c48, 0x8c48, 0x8c48, 0x8c48, 0x8c48, 0x8c48, 
  0x8c48, 0x8c48, 0x8c48, 0x8c48, 0x8c48, 0x8c48, 0x8c48, 0x8c48, 0x8c48, 0x8c48, 0x8c48, 0x8c48, 
  0x8c48, 0x8c48, 0x8c48, 0x8c48, 0x8c48, 0x8c48, 0x8c48, 0x8c48, 0x8c48, 0x8c48, 0x8c48, 0x8c48, 
  0x8c48, 0x8c48, 0x8c48, 0x8c48, 0x8c48, 0x8c48, 0x8c48, 0x8c48, 0x8c48, 0x8c48, 0x8c48, 0x8c48, 
  0x8c48, 0x8c48, 0x8c48, 0x8c48, 0x8c48, 0x8c48, 0x8c48, 0x8c48, 0x8c48, 0x8c48, 0x8c48, 0x8c48, 
  0x8c48, 0x8c48, 0x8c48, 0x8c48, 0x8c48, 0x8c48, 0x8c48, 0x8c48, 0x8c48, 0x8c48, 0x8c48, 0x8c48, 
  0x8c48, 0x8c48, 0x8c48, 0x8c48, 0x8c48, 0x8c48, 0x8c48, 0x8c48, 0x8c48, 0x8c48, 0x8c48, 0x8c48, 
  0x8c48, 0x8c48, 0x8c48, 0x8c48, 0x8c48, 0x8c48, 0x8c48, 0x8c48, 0x8c48, 0x8c48, 0x8c48, 0x8c48, 
  0x8c48, 0x8c48, 0x8c48, 0x8c48, 0x8c48, 0x8c48, 0x8c48, 0x8c48, 0x8c48, 0x8c48, 0x8c48, 0x8c48, 
  0x8c48, 0x8c48, 0x8c48, 0x8c48, 0x8c48, 0x8c48, 0x8c48, 0x8c48, 0x8c48, 0x8c48, 0x8c48, 0x8c48, 
  0x8c48, 0x8c48, 0x8c48, 0x8c48, 0x8c48, 0x8c48, 0x8c48, 0x8c48, 0x8c48, 0x8c48, 0x8c48, 0x8c48, 
  0x8c48, 0x8c48, 0x8c48, 0x8c48, 0x8c48, 0x8c48, 0x8c48, 0x8c48, 0x8c48, 0x8c48, 0x8c48, 0x8c48, 
  0x8c48, 0x8c48, 0x8c48, 0x8c48, 0x8c48, 0x8c48, 0x8c48, 0x8c48, 0x8c48, 0x8c48, 0x8c48, 0x8c48, 
  0x8c48, 0x8c48, 0x8c48, 0x8c48, 0x8c48, 0x8c48, 0x8c48, 0x8c48, 0x8c48, 0x8c48, 0x8c48, 0x8c48, 
  0x8c48, 0x8c48, 0x8c48, 0x8c48, 0x8c48, 0x8c48, 0x8c48, 0x8c48, 0x8c48, 0x8c48, 0x8c48, 0x8c48, 
  0x8c48, 0x8c48, 0x8c48, 0x8c48, 0x8c48, 0x8c48, 0x8c48, 0x8c48, 0x8c48, 0x8c48, 0x8c48, 0x8c48, 
  0x8c48, 0x8c48, 0x8c48, 0x8c48, 0x8c48, 0x8c48, 0x8c48, 0x8c48, 0x8c48, 0x8c48, 0x8c48, 0x8c48, 
  0x8c48, 0x8c48, 0x8c48, 0x8c48, 0x8c48, 0x8c48, 0x8c48, 0x8c48, 0x8c48, 0x8c48, 0x8c48, 0x8c48, 
  0x8c48, 0x8c48, 0x8c48, 0x8c48, 0x8c48, 0x8c48, 0x8c48, 0x8c48, 0x8c48, 0x8c48, 0x8c48, 0x8c48, 
  0x8c48, 0x8c48, 0x8c48, 0x8c48, 0x8c48, 0x8c48, 0x8c48, 0x8c48, 0x8c48, 0x8c48, 0x8c48, 0x8c48, 
  0x8c48, 0x8c48, 0x8c48, 0x8c48, 0x8c48, 0x8c48, 0x8c48, 0x8c48, 0x8c48, 0x8c48, 0x8c48, 0x8c48, 
  0x8c48, 0x8c48, 0x8c48, 0x8c48, 0x8c48, 0x8c48, 0x8c48, 0x8c48, 0x8c48, 0x8c48, 0x8c48, 0x8c48, 
  0x8c48, 0x8c48, 0x8c48, 0x8c48, 0x8c48, 0x8c48, 0x8c48, 0x8c48, 0x8c48, 0x8c48, 0x8c48, 0x8c48, 
  0x8c48, 0x8c48, 0x8c48, 0x8c48, 0x8c48, 0x8c48, 0x8c48, 0x8c48, 0x8c48, 0x8c48, 0x8c48, 0x8c48, 
  0x8c48, 0x8c48, 0x8c48, 0x8c48, 0x8c48, 0x8c48, 0x8c48, 0x8c48, 0x8c48, 0x8c48, 0x8c48, 0x8c48, 
  0x8c48, 0x8c48, 0x8c48, 0x8c48, 0x8c48, 0x8c48, 0x8c48, 0x8c48, 0x8c48, 0x8c48, 0x8c48, 0x8c48, 
  0x8c48, 0x8c48, 0x8c48, 0x8c48, 0x8c48, 0x8c48, 0x8c48, 0x8c48, 0x8c48, 0x8c48, 0x8c48, 0x8c48, 
  0x8c48, 0x8c48, 0x8c48, 0x8c48, 0x8c48, 0x8c48, 0x8c48, 0x8c48, 0x8c48, 0x8c48, 0x8c48, 0x8c48, 
  0x8c48, 0x8c48, 0x8c48, 0x8c48, 0x8c48, 0x8c48, 0x8c48, 0x8c48, 0x8c48, 0x8c48, 0x8c48, 0x8c48, 
  0x8c48, 0x8c48, 0x8c48, 0x8c48, 0x8c48, 0x8c48, 0x8c48, 0x8c48, 0x8c48, 0x8c48, 0x8c48, 0x8c48, 
  0x8c48, 0x8c48, 0x8c48, 0x8c48, 0x8c48, 0x8c48, 0x8c48, 0x8c48, 0x8c48, 0x8c48, 0x8c48, 0x8c48, 
  0x8c48, 0x8c48, 0x8c48, 0x8c48, 0x8c48, 0x8c48, 0x8c48, 0x8c48, 0x8c48, 0x8c48, 0x8c48, 0x8c48, 
  0x8c48, 0x8c48, 0x8c48, 0x8c48, 0x8c48, 0x8c48, 0x8c48, 0x8c48, 0x8c48, 0x8c48, 0x8c48, 0x8c48, 
  0x8c48, 0x8c48, 0x8c48, 0x8c48, 0x8c48, 0x8c48, 0x8c48, 0x8c48, 0x8c48, 0x8c48, 0x8c48, 0x8c48, 
  0x8c48, 0x8c48, 0x8c48, 0x8c48, 0x8c48, 0x8c48, 0x8c48, 0x8c48, 0x8c48, 0x8c48, 0x8c48, 0x8c48, 
  0x8c48, 0x8c48, 0x8c48, 0x8c48, 0x8c48, 0x8c48, 0x8c48, 0x8c48, 0x8c48, 0x8c48, 0x8c48, 0x8c48, 
  0x8c48, 0x8c48, 0x8c48, 0x8c48, 0x8c48, 0x8c48, 0x8c48, 0x8c48, 0x8c48, 0x8c48, 0x8c48, 0x8c48, 
  0x8c48, 0x8c48, 0x8c48, 0x8c48, 0x8c48, 0x8c48, 0x8c48, 0x8c48, 0x8c48, 0x8c48, 0x8c48, 0x8c48, 
  0x8c48, 0x8c48, 0x8c48, 0x8c48, 0x8c48, 0x8c48, 0x8c48, 0x8c48, 0x8c48, 0x8c48, 0x8c48, 0x8c48, 
  0x8c48, 0x8c48, 0x8c48, 0x8c48, 0x8c48, 0x8c48, 0x8c48, 0x8c48, 0x8c48, 0x8c48, 0x8c48, 0x8c48, 
  0x8c48, 0x8c48, 0x8c48, 0x8c48, 0x8c48, 0x8c48, 0x8c48, 0x8c48, 0x8c48, 0x8c48, 0x8c48, 0x8c48, 
  0x8c48, 0x8c48, 0x8c48, 0x8c48, 0x8c48, 0x8c48, 0x8c48, 0x8c48, 0x8c48, 0x8c48, 0x8c48, 0x8c48, 
  0x8c48, 0x8c48, 0x8c48, 0x8c48, 0x8c48, 0x8c48, 0x8c48, 0x8c48, 0x8c48, 0x8c48, 0x8c48, 0x8c48, 
  0x8c48, 0x8c48, 0x8c48, 0x8c48, 0x8c48, 0x8c48, 0x8c48, 0x8c48, 0x8c48, 0x8c48, 0x8c48, 0x8c48, 
  0x8c48, 0x8c48, 0x8c48, 0x8c48, 0x8c48, 0x8c48, 0x8c48, 0x8c48, 0x8c48, 0x8c48, 0x8c48, 0x8c48, 
  0x8c48, 0x8c48, 0x8c48, 0x8c48, 0x8c48, 0x8c48, 0x8c48, 0x8c48, 0x8c48, 0x8c48, 0x8c48, 0x8c48, 
  0x8c48, 0x8c48, 0x8c48, 0x8c48, 0x8c48, 0x8c48, 0x8c48, 0x8c48, 0x8c48, 0x8c48, 0x8c48, 0x8c48, 
  0x8c48, 0x8c48, 0x8c48, 0x8c48, 0x8c48, 0x8c48, 0x8c48, 0x8c48, 0x8c48, 0x8c48, 0x8c48, 0x8c48, 
  0x8c48, 0x8c48, 0x8c48, 0x8c48, 0x8c48, 0x8c48, 0x8c48, 0x8c48, 0x8c48, 0x8c48, 0x8c48, 0x8c48, 
  0x8c48, 0x8c48, 0x8c48, 0x8c48, 0x8c48, 0x8c48, 0x8c48, 0x8c48, 0x8c48, 0x8c48, 0x8c48, 0x8c48, 
  0x8c48, 0x8c48, 0x8c48, 0x8c48, 0x8c48, 0x8c48, 0x8c48, 0x8c48, 0x8c48, 0x8c48, 0x8c48, 0x8c48, 
  0x8c48, 0x8c48, 0x8c48, 0x8c48, 0x8c48, 0x8c48, 0x8c48, 0x8c48, 0x8c48, 0x8c48, 0x8c48, 0x8c48, 
  0x8c48, 0x8c48, 0x8c48, 0x8c48, 0x8c48, 0x8c48, 0x8c48, 0x8c48, 0x8c48, 0x8c48, 0x8c48, 0x8c48, 
  0x8c48, 0x8c48, 0x8c48, 0x8c48, 0x8c48, 0x8c48, 0x8c48, 0x8c48, 0x8c48, 0x8c48, 0x8c48, 0x8c48, 
  0x8c48, 0x8c48, 0x8c48, 0x8c48, 0x8c48, 0x8c48, 0x8c48, 0x8c48, 0x8c48, 0x8c48, 0x8c48, 0x8c48, 
  0x8c48, 0x8c48, 0x8c48, 0x8c48, 0x8c48, 0x8c48, 0x8c48, 0x8c48, 0x8c48, 0x8c48, 0x8c48, 0x8c48, 
  0x8c48, 0x8c48, 0x8c48, 0x8c48, 0x8c48, 0x8c48, 0x8c48, 0x8c48, 0x8c48, 0x8c48, 0x8c48, 0x8c48, 
  0x8c48, 0x8c48, 0x8c48, 0x8c48, 0x8c48, 0x8c48, 0x8c48, 0x8c48, 0x8c48, 0x8c48, 0x8c48, 0x8c48, 
  0x8c48, 0x8c48, 0x8c48, 0x8c48, 0x8c48, 0x8c48, 0x8c48, 0x8c48, 0x8c48, 0x8c48, 0x8c48, 0x8c48, 
  0x8c48, 0x8c48, 0x8c48, 0x8c48, 0x8c48, 0x8c48, 0x8c48, 0x8c48, 0x8c48, 0x8c48, 0x8c48, 0x8c48, 
  0x8c48, 0x8c48, 0x8c48, 0x8c48, 0x8c48, 0x8c48, 0x8c48, 0x8c48, 0x8c48, 0x8c48, 0x8c48, 0x8c48, 
  0x8c48, 0x8c48, 0x8c48, 0x8c48, 0x8c48, 0x8c48, 0x8c48, 0x8c48, 0x8c48, 0x8c48, 0x8c48, 0x8c48, 
  0x8c48, 0x8c48, 0x8c48, 0x8c48, 0x8c48, 0x8c48, 0x8c48, 0x8c48, 0x8c48, 0x8c48, 0x8c48, 0x8c48, 
  0x8c48, 0x8c48, 0x8c48, 0x8c48, 0x8c48, 0x8c48, 0x8c48, 0x8c48, 0x8c48, 0x8c48, 0x8c48, 0x8c48, 
  0x8c48, 0x8c48, 0x8c48, 0x8c48, 0x8c48, 0x8c48, 0x8c48, 0x8c48, 0x8c48, 0x8c48, 0x8c48, 0x8c48, 
  0x8c48, 0x8c48, 0x8c48, 0x8c48, 0x8c48, 0x8c48, 0x8c48, 0x8c48, 0x8c48, 0x8c48, 0x8c48, 0x8c48, 
  0x8c48, 0x8c48, 0x8c48, 0x8c48, 0x8c48, 0x8c48, 0x8c48, 0x8c48, 0x8c48, 0x8c48, 0x8c48, 0x8c48, 
  0x8c48, 0x8c48, 0x8c48, 0x8c48, 0x8c48, 0x8c48, 0x8c48, 0x8c48, 0x8c48, 0x8c48, 0x8c48, 0x8c48, 
  0x8c48, 0x8c48, 0x8c48, 0x8c48, 0x8c48, 0x8c48, 0x8c48, 0x8c48, 0x8c48, 0x8c48, 0x8c48, 0x8c48, 
  0x8c48, 0x8c48, 0x8c48, 0x8c48, 0x8c48, 0x8c48, 0x8c48, 0x8c48, 0x8c48, 0x8c48, 0x8c48, 0x8c48, 
  0x8c48, 0x8c48, 0x8c48, 0x8c48, 0x8c48, 0x8c48, 0x8c48, 0x8c48, 0x8c48, 0x8c48, 0x8c48, 0x8c48, 
  0x8c48, 0x8c48, 0x8c48, 0x8c48, 0x8c48, 0x8c48, 0x8c48, 0x8c48, 0x8c48, 0x8c48, 0x8c48, 0x8c48, 
  0x8c48, 0x8c48, 0x8c48, 0x8c48, 0x8c48, 0x8c48, 0x8c48, 0x8c48, 0x8c48, 0x8c48, 0x8c48, 0x8c48, 
  0x8c48, 0x8c48, 0x8c48, 0x8c48, 0x8c48, 0x8c48, 0x8c48, 0x8c48, 0x8c48, 0x8c48, 0x8c48, 0x8c48, 
  0x8c48, 0x8c48, 0x8c48, 0x8c48, 0x8c48, 0x8c48, 0x8c48, 0x8c48, 0x8c48, 0x8c48, 0x8c48, 0x8c48, 
  0x8c48, 0x8c48, 0x8c48, 0x8c48, 0x8c48, 0x8c48, 0x8c48, 0x8c48, 0x8c48, 0x8c48, 0x8c48, 0x8c48, 
  0x8c48, 0x8c48, 0x8c48, 0x8c48, 0x8c48, 0x8c48, 0x8c48, 0x8c48, 0x8c48, 0x8c48, 0x8c48, 0x8c48, 
  0x8c48, 0x8c48, 0x8c48, 0x8c48, 0x8c48, 0x8c48, 0x8c48, 0x8c48, 0x8c48, 0x8c48, 0x8c48, 0x8c48, 
  0x8c48, 0x8c48, 0x8c48, 0x8c48, 0x8c48, 0x8c48, 0x8c48, 0x8c48, 0x8c48, 0x8c48, 0x8c48, 0x8c48, 
  0x8c48, 0x8c48, 0x8c48, 0x8c48, 0x8c48, 0x8c48, 0x8c48, 0x8c48, 0x8c48, 0x8c48, 0x8c48, 0x8c48, 
  0x8c48, 0x8c48, 0x8c48, 0x8c48, 0x8c48, 0x8c48, 0x8c48, 0x8c48, 0x8c48, 0x8c48, 0x8c48, 0x8c48, 
  0x8c48, 0x8c48, 0x8c48, 0x8c48, 0x8c48, 0x8c48, 0x8c48, 0x8c48, 0x8c48, 0x8c48, 0x8c48, 0x8c48, 
  0x8c48, 0x8c48, 0x8c48, 0x8c48, 0x8c48, 0x8c48, 0x8c48, 0x8c48, 0x8c48, 0x8c48, 0x8c48, 0x8c48, 
  0x8c48, 0x8c48, 0x8c48, 0x8c48, 0x8c48, 0x8c48, 0x8c48, 0x8c48, 0x8c48, 0x8c48, 0x8c48, 0x8c48, 
  0x8c48, 0x8c48, 0x8c48, 0x8c48, 0x8c48, 0x8c48, 0x8c48, 0x8c48, 0x8c48, 0x8c48, 0x8c48, 0x8c48, 
  0x8c48, 0x8c48, 0x8c48, 0x8c48, 0x8c48, 0x8c48, 0x8c48, 0x8c48, 0x8c48, 0x8c48, 0x8c48, 0x8c48, 
  0x8c48, 0x8c48, 0x8c48, 0x8c48, 0x8c48, 0x8c48, 0x8c48, 0x8c48, 0x8c48, 0x8c48, 0x8c48, 0x8c48, 
  0x8c48, 0x8c48, 0x8c48, 0x8c48, 0x8c48, 0x8c48, 0x8c48, 0x8c48, 0x8c48, 0x8c48, 0x8c48, 0x8c48, 
  0x8c48, 0x8c48, 0x8c48, 0x8c48, 0x8c48, 0x8c48, 0x8c48, 0x8c48, 0x8c48, 0x8c48, 0x8c48, 0x8c48, 
  0x8c48, 0x8c48, 0x8c48, 0x8c48, 0x8c48, 0x8c48, 0x8c48, 0x8c48, 0x8c48, 0x8c48, 0x8c48, 0x8c48, 
  0x8c48, 0x8c48, 0x8c48, 0x8c48, 0x8c48, 0x8c48, 0x8c48, 0x8c48, 0x8c48, 0x8c48, 0x8c48, 0x8c48, 
  0x8c48, 0x8c48, 0x8c48, 0x8c48, 0x8c48, 0x8c48, 0x8c48, 0x8c48, 0x8c48, 0x8c48, 0x8c48, 0x8c48, 
  0x8c48, 0x8c48, 0x8c48, 0x8c48, 0x8c48, 0x8c48, 0x8c48, 0x8c48, 0x8c48, 0x8c48, 0x8c48, 0x8c48, 
  0x8c48, 0x8c48, 0x8c48, 0x8c48, 0x8c48, 0x8c48, 0x8c48, 0x8c48, 0x8c48, 0x8c48, 0x8c48, 0x8c48, 
  0x8c48, 0x8c48, 0x8c48, 0x8c48, 0x8c48, 0x8c48, 0x8c48, 0x8c48, 0x8c48, 0x8c48, 0x8c48, 0x8c48, 
  0x8c48, 0x8c48, 0x8c48, 0x8c48, 0x8c48, 0x8c48, 0x8c48, 0x8c48, 0x8c48, 0x8c48, 0x8c48, 0x8c48, 
  0x8c48, 0x8c48, 0x8c48, 0x8c48, 0x8c48, 0x8c48, 0x8c48, 0x8c48, 0x8c48, 0x8c48, 0x8c48, 0x8c48, 
  0x8c48, 0x8c48, 0x8c48, 0x8c48, 0x8c48, 0x8c48, 0x8c48, 0x8c48, 0x8c48, 0x8c48, 0x8c48, 0x8c48, 
  0x8c48, 0x8c48, 0x8c48, 0x8c48, 0x8c48, 0x8c48, 0x8c48, 0x8c48, 0x8c48, 0x8c48, 0x8c48, 0x8c48, 
  0x8c48, 0x8c48, 0x8c48, 0x8c48, 0x8c48, 0x8c48, 0x8c48, 0x8c48, 0x8c48, 0x8c48, 0x8c48, 0x8c48, 
  0x8c48, 0x8c48, 0x8c48, 0x8c48, 0x8c48, 0x8c48, 0x8c48, 0x8c48, 0x8c48, 0x8c48, 0x8c48, 0x8c48, 
  0x8c48, 0x8c48, 0x8c48, 0x8c48, 0x8c48, 0x8c48, 0x8c48, 0x8c48, 0x8c48, 0x8c48, 0x8c48, 0x8c48, 
  0x8c48, 0x8c48, 0x8c48, 0x8c48, 0x8c48, 0x8c48, 0x8c48, 0x8c48, 0x8c48, 0x8c48, 0x8c48, 0x8c48, 
  0x8c48, 0x8c48, 0x8c48, 0x8c48, 0x8c48, 0x8c48, 0x8c48, 0x8c48, 0x8c48, 0x8c48, 0x8c48, 0x8c48, 
  0x8c48, 0x8c48, 0x8c48, 0x8c48, 0x8c48, 0x8c48, 0x8c48, 0x8c48, 0x8c48, 0x8c48, 0x8c48, 0x8c48, 
  0x8c48, 0x8c48, 0x8c48, 0x8c48, 0x8c48, 0x8c48, 0x8c48, 0x8c48, 0x8c48, 0x8c48, 0x8c48, 0x8c48, 
  0x8c48, 0x8c48, 0x8c48, 0x8c48, 0x8c48, 0x8c48, 0x8c48, 0x8c48, 0x8c48, 0x8c48, 0x8c48, 0x8c48, 
  0x8c48, 0x8c48, 0x8c48, 0x8c48, 0x8c48, 0x8c48, 0x8c48, 0x8c48, 0x8c48, 0x8c48, 0x8c48, 0x8c48, 
  0x8c48, 0x8c48, 0x8c48, 0x8c48, 0x8c48, 0x8c48, 0x8c48, 0x8c48, 0x8c48, 0x8c48, 0x8c48, 0x8c48, 
  0x8c48, 0x8c48, 0x8c48, 0x8c48, 0x8c48, 0x8c48, 0x8c48, 0x8c48, 0x8c48, 0x8c48, 0x8c48, 0x8c48, 
  0x8c48, 0x8c48, 0x8c48, 0x8c48, 0x8c48, 0x8c48, 0x8c48, 0x8c48, 0x8c48, 0x8c48, 0x8c48, 0x8c48, 
  0x8c48, 0x8c48, 0x8c48, 0x8c48, 0x8c48, 0x8c48, 0x8c48, 0x8c48, 0x8c48, 0x8c48, 0x8c48, 0x8c48, 
  0x8c48, 0x8c48, 0x8c48, 0x8c48, 0x8c48, 0x8c48, 0x8c48, 0x8c48, 0x8c48, 0x8c48, 0x8c48, 0x8c48, 
  0x8c48, 0x8c48, 0x8c48, 0x8c48, 0x8c48, 0x8c48, 0x8c48, 0x8c48, 0x8c48, 0x8c48, 0x8c48, 0x8c48, 
  0x8c48, 0x8c48, 0x8c48, 0x8c48, 0x8c48, 0x8c48, 0x8c48, 0x8c48, 0x8c48, 0x8c48, 0x8c48, 0x8c48, 
  0x8c48, 0x8c48, 0x8c48, 0x8c48, 0x8c48, 0x8c48, 0x8c48, 0x8c48, 0x8c48, 0x8c48, 0x8c48, 0x8c48, 
  0x8c48, 0x8c48, 0x8c48, 0x8c48, 0x8c48, 0x8c48, 0x8c48, 0x8c48, 0x8c48, 0x8c48, 0x8c48, 0x8c48, 
  0x8c48, 0x8c48, 0x8c48, 0x8c48, 0x8c48, 0x8c48, 0x8c48, 0x8c48, 0x8c48, 0x8c48, 0x8c48, 0x8c48, 
  0x8c48, 0x8c48, 0x8c48, 0x8c48, 0x8c48, 0x8c48, 0x8c48, 0x8c48, 0x8c48, 0x8c48, 0x8c48, 0x8c48, 
  0x8c48, 0x8c48, 0x8c48, 0x8c48, 0x8c48, 0x8c48, 0x8c48, 0x8c48, 0x8c48, 0x8c48, 0x8c48, 0x8c48, 
  0x8c48, 0x8c48, 0x8c48, 0x8c48, 0x8c48, 0x8c48, 0x8c48, 0x8c48, 0x8c48, 0x8c48, 0x8c48, 0x8c48, 
  0x8c48, 0x8c48, 0x8c48, 0x8c48, 0x8c48, 0x8c48, 0x8c48, 0x8c48, 0x8c48, 0x8c48, 0x8c48, 0x8c48, 
  0x8c48, 0x8c48, 0x8c48, 0x8c48, 0x8c48, 0x8c48, 0x8c48, 0x8c48, 0x8c48, 0x8c48, 0x8c48, 0x8c48, 
  0x8c48, 0x8c48, 0x8c48, 0x8c48, 0x8c48, 0x8c48, 0x8c48, 0x8c48, 0x8c48, 0x8c48, 0x8c48, 0x8c48, 
  0x8c48, 0x8c48, 0x8c48, 0x8c48, 0x8c48, 0x8c48, 0x8c48, 0x8c48, 0x8c48, 0x8c48, 0x8c48, 0x8c48, 
  0x8c48, 0x8c48, 0x8c48, 0x8c48, 0x8c48, 0x8c48, 0x8c48, 0x8c48, 0x8c48, 0x8c48, 0x8c48, 0x8c48, 
  0x8c48, 0x8c48, 0x8c48, 0x8c48, 0x8c48, 0x8c48, 0x8c48, 0x8c48, 0x8c48, 0x8c48, 0x8c48, 0x8c48, 
  0x8c48, 0x8c48, 0x8c48, 0x8c48, 0x8c48, 0x8c48, 0x8c48, 0x8c48, 0x8c48, 0x8c48, 0x8c48, 0x8c48, 
  0x8c48, 0x8c48, 0x8c48, 0x8c48, 0x8c48, 0x8c48, 0x8c48, 0x8c48, 0x8c48, 0x8c48, 0x8c48, 0x8c48, 
  0x8c48, 0x8c48, 0x8c48, 0x8c48, 0x8c48, 0x8c48, 0x8c48, 0x8c48, 0x8c48, 0x8c48, 0x8c48, 0x8c48, 
  0x8c48, 0x8c48, 0x8c48, 0x8c48, 0x8c48, 0x8c48, 0x8c48, 0x8c48, 0x8c48, 0x8c48, 0x8c48, 0x8c48, 
  0x8c48, 0x8c48, 0x8c48, 0x8c48, 0x8c48, 0x8c48, 0x8c48, 0x8c48, 0x8c48, 0x8c48, 0x8c48, 0x8c48, 
  0x8c48, 0x8c48, 0x8c48, 0x8c48, 0x8c48, 0x8c48, 0x8c48, 0x8c48, 0x8c48, 0x8c48, 0x8c48, 0x8c48, 
  0x8c48, 0x8c48, 0x8c48, 0x8c48, 0x8c48, 0x8c48, 0x8c48, 0x8c48, 0x8c48, 0x8c48, 0x8c48, 0x8c48, 
  0x8c48, 0x8c48, 0x8c48, 0x8c48, 0x8c48, 0x8c48, 0x8c48, 0x8c48, 0x8c48, 0x8c48, 0x8c48, 0x8c48, 
  0x8c48, 0x8c48, 0x8c48, 0x8c48, 0x8c48, 0x8c48, 0x8c48, 0x8c48, 0x8c48, 0x8c48, 0x8c48, 0x8c48, 
  0x8c48, 0x8c48, 0x8c48, 0x8c48, 0x8c48, 0x8c48, 0x8c48, 0x8c48, 0x8c48, 0x8c48, 0x8c48, 0x8c48, 
  0x8c48, 0x8c48, 0x8c48, 0x8c48, 0x8c48, 0x8c48, 0x8c48, 0x8c48, 0x8c48, 0x8c48, 0x8c48, 0x8c48, 
  0x8c48, 0x8c48, 0x8c48, 0x8c48, 0x8c48, 0x8c48, 0x8c48, 0x8c48, 0x8c48, 0x8c48, 0x8c48, 0x8c48, 
  0x8c48, 0x8c48, 0x8c48, 0x8c48, 0x8c48, 0x8c48, 0x8c48, 0x8c48, 0x8c48, 0x8c48, 0x8c48, 0x8c48, 
  0x8c48, 0x8c48, 0x8c48, 0x8c48, 0x8c48, 0x8c48, 0x8c48, 0x8c48, 0x8c48, 0x8c48, 0x8c48, 0x8c48, 
  0x8c48, 0x8c48, 0x8c48, 0x8c48, 0x8c48, 0x8c48, 0x8c48, 0x8c48, 0x8c48, 0x8c48, 0x8c48, 0x8c48, 
  0x8c48, 0x8c48, 0x8c48, 0x8c48, 0x8c48, 0x8c48, 0x8c48, 0x8c48, 0x8c48, 0x8c48, 0x8c48, 0x8c48, 
  0x8c48, 0x8c48, 0x8c48, 0x8c48, 0x8c48, 0x8c48, 0x8c48, 0x8c48, 0x8c48, 0x8c48, 0x8c48, 0x8c48, 
  0x8c48, 0x8c48, 0x8c48, 0x8c48, 0x8c48, 0x8c48, 0x8c48, 0x8c48, 0x8c48, 0x8c48, 0x8c48, 0x8c48, 
  0x8c48, 0x8c48, 0x8c48, 0x8c48, 0x8c48, 0x8c48, 0x8c48, 0x8c48, 0x8c48, 0x8c48, 0x8c48, 0x8c48, 
  0x8c48, 0x8c48, 0x8c48, 0x8c48, 0x8c48, 0x8c48, 0x8c48, 0x8c48, 0x8c48, 0x8c48, 0x8c48, 0x8c48, 
  0x8c48, 0x8c48, 0x8c48, 0x8c48, 0x8c48, 0x8c48, 0x8c48, 0x8c48, 0x8c48, 0x8c48, 0x8c48, 0x8c48, 
  0x8c48, 0x8c48, 0x8c48, 0x8c48, 0x94a9, 0x94a9, 0x94a9, 0x94a9, 0x8c48, 0x8c48, 0x8c48, 0x8c48, 
  0x8c48, 0x8c48, 0x8c48, 0x8c48, 0x8c48, 0x8c48, 0x8c48, 0x8c48, 0x8c48, 0x8c48, 0x8c48, 0x8c48, 
  0x8c48, 0x8c48, 0x8c48, 0x8c48, 0x8c48, 0x8c48, 0x8c48, 0x8c48, 0x8c48, 0x8c48, 0x8c48, 0x8c48, 
  0x8c48, 0x8c48, 0x8c48, 0x8c48, 0x8c48, 0x8c48, 0x8c48, 0x8c48, 0x8c48, 0x8c48, 0x8c48, 0x8c48, 
  0x8c48, 0x8c48, 0x8c48, 0x8c48, 0x8c48, 0x8c48, 0x8c48, 0x8c48, 0x8c48, 0x8c48, 0x8c48, 0x8c48, 
  0x8c48, 0x8c48, 0x8c48, 0x8c48, 0x8c48, 0x8c48, 0x8c48, 0x8c48, 0x8c48, 0x8c48, 0x8c48, 0x8c48, 
  0x8c48, 0x8c48, 0x8c48, 0x8c48, 0x8c48, 0x8c48, 0x8c48, 0x8c48, 0x8c48, 0x8c48, 0x8c48, 0x8c48, 
  0x8c48, 0x8c48, 0x8c48, 0x8c48, 0x8c48, 0x8c48, 0x8c48, 0x8c48, 0x8c48, 0x8c48, 0x8c48, 0x8c48, 
  0x8c48, 0x8c48, 0x8c48, 0x8c48, 0x8c48, 0x8c48, 0x8c48, 0x8c48, 0x8c48, 0x8c48, 0x8c48, 0x8c48, 
  0x8c48, 0x8c48, 0x8c48, 0x8c48, 0x8c48, 0x8c48, 0x8c48, 0x8c48, 0x8c48, 0x8c48, 0x8c48, 0x8c48, 
  0x8c48, 0x8c48, 0x8c48, 0x8c48, 0x8c48, 0x8c48, 0x8c48, 0x8c48, 0x8c48, 0x8c48, 0x8c48, 0x8c48, 
  0x8c48, 0x8c48, 0x8c48, 0x8c48, 0x8c48, 0x8c48, 0x8c48, 0x8c48, 0x8c48, 0x8c48, 0x8c48, 0x8c48, 
  0x8c48, 0x8c48, 0x8c48, 0x8c48, 0x8c48, 0x8c48, 0x8c48, 0x8c48, 0x8c48, 0x8c48, 0x8c48, 0x8c48, 
  0x8c48, 0x8c48, 0x8c48, 0x8c48, 0x8c48, 0x8c48, 0x8c48, 0x8c48, 0x8c48, 0x8c48, 0x8c48, 0x8c48, 
  0x8c48, 0x8c48, 0x8c48, 0x8c48, 0x8c48, 0x8c48, 0x8c48, 0x8c48, 0x8c48, 0x8c48, 0x8c48, 0x8c48, 
  0x8c48, 0x8c48, 0x8c48, 0x8c48, 0x8c48, 0x8c48, 0x8c48, 0x8c48, 0x8c48, 0x8c48, 0x8c48, 0x8c48, 
  0x8c48, 0x8c48, 0x8c48, 0x8c48, 0x8c48, 0x8c48, 0x8c48, 0x8c48, 0x8c48, 0x8c48, 0x8c48, 0x8c48, 
  0x8c48, 0x8c48, 0x8c48, 0x8c48, 0x8c48, 0x8c48, 0x8c48, 0x8c48, 0x8c48, 0x8c48, 0x8c48, 0x8c48, 
  0x8c48, 0x8c48, 0x8c48, 0x8c48, 0x8c48, 0x8c48, 0x8c48, 0x8c48, 0x8c48, 0x8c48, 0x8c48, 0x8c48, 
  0x8c48, 0x8c48, 0x8c48, 0x8c48, 0x8c48, 0x8c48, 0x8c48, 0x8c48, 0x8c48, 0x8c48, 0x8c48, 0x8c48, 
  0x8c48, 0x8c48, 0x8c48, 0x8c48, 0x8c48, 0x8c48, 0x8c48, 0x8c48, 0x8c48, 0x8c48, 0x8c48, 0x8c48, 
  0x8c48, 0x8c48, 0x8c48, 0x8c48, 0x8c48, 0x8c48, 0x8c48, 0x8c48, 0x8c48, 0x8c48, 0x8c48, 0x8c48, 
  0x8c48, 0x8c48, 0x8c48, 0x8c48, 0x8c48, 0x8c48, 0x8c48, 0x8c48, 0x8c48, 0x8c48, 0x8c48, 0x8c48, 
  0x8c48, 0x8c48, 0x8c48, 0x8c48, 0x8c48, 0x8c48, 0x8c48, 0x8c48, 0x94a9, 0x94a9, 0x94a9, 0x94a9, 
  0x8c48, 0x8c48, 0x8c48, 0x8c48, 0x8c48, 0x8c48, 0x8c48, 0x8c48, 0x8c48, 0x8c48, 0x8c48, 0x8c48, 
  0x8c48, 0x8c48, 0x8c48, 0x8c48, 0x8c48, 0x8c48, 0x8c48, 0x8c48, 0x8c48, 0x8c48, 0x8c48, 0x8c48, 
  0x8c48, 0x8c48, 0x8c48, 0x8c48, 0x8c48, 0x8c48, 0x8c48, 0x8c48, 0x8c48, 0x8c48, 0x8c48, 0x8c48, 
  0x8c48, 0x8c48, 0x8c48, 0x8c48, 0x8c48, 0x8c48, 0x8c48, 0x8c48, 0x8c48, 0x8c48, 0x8c48, 0x8c48, 
  0x8c48, 0x8c48, 0x8c48, 0x8c48, 0x8c48, 0x8c48, 0x8c48, 0x8c48, 0x8c48, 0x8c48, 0x8c48, 0x8c48, 
  0x8c48, 0x8c48, 0x8c48, 0x8c48, 0x8c48, 0x8c48, 0x8c48, 0x8c48, 0x8c48, 0x8c48, 0x8c48, 0x8c48, 
  0x8c48, 0x8c48, 0x8c48, 0x8c48, 0x8c48, 0x8c48, 0x8c48, 0x8c48, 0x8c48, 0x8c48, 0x8c48, 0x8c48, 
  0x8c48, 0x8c48, 0x8c48, 0x8c48, 0x8c48, 0x8c48, 0x8c48, 0x8c48, 0x8c48, 0x8c48, 0x8c48, 0x8c48, 
  0x8c48, 0x8c48, 0x8c48, 0x8c48, 0x8c48, 0x8c48, 0x8c48, 0x8c48, 0x8c48, 0x8c48, 0x8c48, 0x8c48, 
  0x8c48, 0x8c48, 0x8c48, 0x8c48, 0x8c48, 0x8c48, 0x8c48, 0x8c48, 0x8c48, 0x8c48, 0x8c48, 0x8c48, 
  0x8c48, 0x8c48, 0x8c48, 0x8c48, 0x8c48, 0x8c48, 0x8c48, 0x8c48, 0x8c48, 0x8c48, 0x8c48, 0x8c48, 
  0x8c48, 0x8c48, 0x8c48, 0x8c48, 0x8c48, 0x8c48, 0x8c48, 0x8c48, 0x8c48, 0x8c48, 0x8c48, 0x8c48, 
  0x8c48, 0x8c48, 0x8c48, 0x8c48, 0x8c48, 0x8c48, 0x8c48, 0x8c48, 0x8c48, 0x8c48, 0x8c48, 0x8c48, 
  0x8c48, 0x8c48, 0x8c48, 0x8c48, 0x8c48, 0x8c48, 0x8c48, 0x8c48, 0x8c48, 0x8c48, 0x8c48, 0x8c48, 
  0x8c48, 0x8c48, 0x8c48, 0x8c48, 0x8c48, 0x8c48, 0x8c48, 0x8c48, 0x8c48, 0x8c48, 0x8c48, 0x8c48, 
  0x8c48, 0x8c48, 0x8c48, 0x8c48, 0x8c48, 0x8c48, 0x8c48, 0x8c48, 0x8c48, 0x8c48, 0x8c48, 0x8c48, 
  0x8c48, 0x8c48, 0x8c48, 0x8c48, 0x8c48, 0x8c48, 0x8c48, 0x8c48, 0x8c48, 0x8c48, 0x8c48, 0x8c48, 
  0x8c48, 0x8c48, 0x8c48, 0x8c48, 0x8c48, 0x8c48, 0x8c48, 0x8c48, 0x8c48, 0x8c48, 0x8c48, 0x8c48, 
  0x8c48, 0x8c48, 0x8c48, 0x8c48, 0x8c48, 0x8c48, 0x8c48, 0x8c48, 0x8c48, 0x8c48, 0x8c48, 0x8c48, 
  0x8c48, 0x8c48, 0x8c48, 0x8c48, 0x8c48, 0x8c48, 0x8c48, 0x8c48, 0x8c48, 0x8c48, 0x8c48, 0x8c48, 
  0x8c48, 0x8c48, 0x8c48, 0x8c48, 0x8c48, 0x8c48, 0x8c48, 0x8c48, 0x8c48, 0x8c48, 0x8c48, 0x8c48, 
  0x8c48, 0x8c48, 0x8c48, 0x8c48, 0x8c48, 0x8c48, 0x8c48, 0x8c48, 0x8c48, 0x8c48, 0x8c48, 0x8c48, 
  0x8c48, 0x8c48, 0x8c48, 0x8c48, 0x8c48, 0x8c48, 0x8c48, 0x8c48, 0x8c48, 0x8c48, 0x8c48, 0x8c48, 
  0x8c48, 0x8c48, 0x94a9, 0x94a9, 0x8c88, 0x8c88, 0x8c48, 0x8c48, 0x8c48, 0x8c48, 0x8c48, 0x8c48, 
  0x8c48, 0x8c48, 0x94a9, 0x94a9, 0x8c48, 0x8c48, 0x8c48, 0x8c48, 0x8c48, 0x8c48, 0x8c48, 0x8c48, 
  0x8c48, 0x8c48, 0x8c48, 0x8c48, 0x8c48, 0x8c48, 0x8c48, 0x8c48, 0x8c48, 0x8c48, 0x8c48, 0x8c48, 
  0x8c48, 0x8c48, 0x8c48, 0x8c48, 0x8c48, 0x8c48, 0x8c48, 0x8c48, 0x8c48, 0x8c48, 0x8c48, 0x8c48, 
  0x8c48, 0x8c48, 0x8c48, 0x8c48, 0x8c48, 0x8c48, 0x8c48, 0x8c48, 0x8c48, 0x8c48, 0x8c48, 0x8c48, 
  0x8c48, 0x8c48, 0x8c48, 0x8c48, 0x8c48, 0x8c48, 0x8c48, 0x8c48, 0x8c48, 0x8c48, 0x8c48, 0x8c48, 
  0x8c48, 0x8c48, 0x8c48, 0x8c48, 0x8c48, 0x8c48, 0x8c48, 0x8c48, 0x8c48, 0x8c48, 0x8c48, 0x8c48, 
  0x8c48, 0x8c48, 0x8c48, 0x8c48, 0x8c48, 0x8c48, 0x8c48, 0x8c48, 0x8c48, 0x8c48, 0x8c48, 0x8c48, 
  0x8c48, 0x8c48, 0x8c48, 0x8c48, 0x8c48, 0x8c48, 0x8c48, 0x8c48, 0x8c48, 0x8c48, 0x8c48, 0x8c48, 
  0x8c48, 0x8c48, 0x8c48, 0x8c48, 0x8c48, 0x8c48, 0x8c48, 0x8c48, 0x8c48, 0x8c48, 0x8c48, 0x8c48, 
  0x8c48, 0x8c48, 0x8c48, 0x8c48, 0x8c48, 0x8c48, 0x8c48, 0x8c48, 0x8c48, 0x8c48, 0x8c48, 0x8c48, 
  0x8c48, 0x8c48, 0x8c48, 0x8c48, 0x8c48, 0x8c48, 0x8c48, 0x8c48, 0x8c48, 0x8c48, 0x8c48, 0x8c48, 
  0x8c48, 0x8c48, 0x8c48, 0x8c48, 0x8c48, 0x8c48, 0x8c48, 0x8c48, 0x8c48, 0x8c48, 0x8c48, 0x8c48, 
  0x8c48, 0x8c48, 0x8c48, 0x8c48, 0x8c48, 0x8c48, 0x8c48, 0x8c48, 0x8c48, 0x8c48, 0x8c48, 0x8c48, 
  0x8c48, 0x8c48, 0x8c48, 0x8c48, 0x8c48, 0x8c48, 0x8c48, 0x8c48, 0x8c48, 0x8c48, 0x8c48, 0x8c48, 
  0x8c48, 0x8c48, 0x8c48, 0x8c48, 0x8c48, 0x8c48, 0x8c48, 0x8c48, 0x8c48, 0x8c48, 0x8c48, 0x8c48, 
  0x8c48, 0x8c48, 0x8c48, 0x8c48, 0x8c48, 0x8c48, 0x8c48, 0x8c48, 0x8c48, 0x8c48, 0x8c48, 0x8c48, 
  0x8c48, 0x8c48, 0x8c48, 0x8c48, 0x8c48, 0x8c48, 0x8c48, 0x8c48, 0x8c48, 0x8c48, 0x8c48, 0x8c48, 
  0x8c48, 0x8c48, 0x8c48, 0x8c48, 0x8c48, 0x8c48, 0x8c48, 0x8c48, 0x8c48, 0x8c48, 0x8c48, 0x8c48, 
  0x8c48, 0x8c48, 0x8c48, 0x8c48, 0x8c48, 0x8c48, 0x8c48, 0x8c48, 0x8c48, 0x8c48, 0x8c48, 0x8c48, 
  0x8c48, 0x8c48, 0x8c48, 0x8c48, 0x8c48, 0x8c48, 0x8c48, 0x8c48, 0x8c48, 0x8c48, 0x8c48, 0x8c48, 
  0x8c48, 0x8c48, 0x8c48, 0x8c48, 0x8c48, 0x8c48, 0x8c48, 0x8c48, 0x8c48, 0x8c48, 0x8c48, 0x8c48, 
  0x8c48, 0x8c48, 0x8c48, 0x8c48, 0x8c48, 0x8c48, 0x8c48, 0x8c48, 0x8c48, 0x8c48, 0x8c48, 0x8c48, 
  0x8c48, 0x8c48, 0x8c48, 0x8c48, 0x8c48, 0x8c48, 0x94a9, 0x94a9, 0x8c88, 0x8c88, 0x8c48, 0x8c48, 
  0x8c48, 0x8c48, 0x8c48, 0x8c48, 0x8c48, 0x8c48, 0x94a9, 0x94a9, 0x8c48, 0x8c48, 0x8c48, 0x8c48, 
  0x8c48, 0x8c48, 0x8c48, 0x8c48, 0x8c48, 0x8c48, 0x8c48, 0x8c48, 0x8c48, 0x8c48, 0x8c48, 0x8c48, 
  0x8c48, 0x8c48, 0x8c48, 0x8c48, 0x8c48, 0x8c48, 0x8c48, 0x8c48, 0x8c48, 0x8c48, 0x8c48, 0x8c48, 
  0x8c48, 0x8c48, 0x8c48, 0x8c48, 0x8c48, 0x8c48, 0x8c48, 0x8c48, 0x8c48, 0x8c48, 0x8c48, 0x8c48, 
  0x8c48, 0x8c48, 0x8c48, 0x8c48, 0x8c48, 0x8c48, 0x8c48, 0x8c48, 0x8c48, 0x8c48, 0x8c48, 0x8c48, 
  0x8c48, 0x8c48, 0x8c48, 0x8c48, 0x8c48, 0x8c48, 0x8c48, 0x8c48, 0x8c48, 0x8c48, 0x8c48, 0x8c48, 
  0x8c48, 0x8c48, 0x8c48, 0x8c48, 0x8c48, 0x8c48, 0x8c48, 0x8c48, 0x8c48, 0x8c48, 0x8c48, 0x8c48, 
  0x8c48, 0x8c48, 0x8c48, 0x8c48, 0x8c48, 0x8c48, 0x8c48, 0x8c48, 0x8c48, 0x8c48, 0x8c48, 0x8c48, 
  0x8c48, 0x8c48, 0x8c48, 0x8c48, 0x8c48, 0x8c48, 0x8c48, 0x8c48, 0x8c48, 0x8c48, 0x8c48, 0x8c48, 
  0x8c48, 0x8c48, 0x8c48, 0x8c48, 0x8c48, 0x8c48, 0x8c48, 0x8c48, 0x8c48, 0x8c48, 0x8c48, 0x8c48, 
  0x8c48, 0x8c48, 0x8c48, 0x8c48, 0x8c48, 0x8c48, 0x8c48, 0x8c48, 0x8c48, 0x8c48, 0x8c48, 0x8c48, 
  0x8c48, 0x8c48, 0x8c48, 0x8c48, 0x8c48, 0x8c48, 0x8c48, 0x8c48, 0x8c48, 0x8c48, 0x8c48, 0x8c48, 
  0x8c48, 0x8c48, 0x8c48, 0x8c48, 0x8c48, 0x8c48, 0x8c48, 0x8c48, 0x8c48, 0x8c48, 0x8c48, 0x8c48, 
  0x8c48, 0x8c48, 0x8c48, 0x8c48, 0x8c48, 0x8c48, 0x8c48, 0x8c48, 0x8c48, 0x8c48, 0x8c48, 0x8c48, 
  0x8c48, 0x8c48, 0x8c48, 0x8c48, 0x8c48, 0x8c48, 0x8c48, 0x8c48, 0x8c48, 0x8c48, 0x8c48, 0x8c48, 
  0x8c48, 0x8c48, 0x8c48, 0x8c48, 0x8c48, 0x8c48, 0x8c48, 0x8c48, 0x8c48, 0x8c48, 0x8c48, 0x8c48, 
  0x8c48, 0x8c48, 0x8c48, 0x8c48, 0x8c48, 0x8c48, 0x8c48, 0x8c48, 0x8c48, 0x8c48, 0x8c48, 0x8c48, 
  0x8c48, 0x8c48, 0x8c48, 0x8c48, 0x8c48, 0x8c48, 0x8c48, 0x8c48, 0x8c48, 0x8c48, 0x94a9, 0x94a9, 
  0x8c48, 0x8c48, 0x8c48, 0x8c48, 0x8c48, 0x8c48, 0x8c48, 0x8c48, 0x8c48, 0x8c48, 0x8c48, 0x8c48, 
  0x8c48, 0x8c48, 0x8c48, 0x8c48, 0x8c48, 0x8c48, 0x8c48, 0x8c48, 0x8c48, 0x8c48, 0x8c48, 0x8c48, 
  0x8c48, 0x8c48, 0x8c48, 0x8c48, 0x8c48, 0x8c48, 0x8c48, 0x8c48, 0x8c48, 0x8c48, 0x8c48, 0x8c48, 
  0x8c48, 0x8c48, 0x8c48, 0x8c48, 0x8c48, 0x8c48, 0x8c48, 0x8c48, 0x8c48, 0x8c48, 0x8c48, 0x8c48, 
  0x8c48, 0x8c48, 0x8c48, 0x8c48, 0x8c48, 0x8c48, 0x8c48, 0x8c48, 0x8c48, 0x8c48, 0x8c88, 0x8c88, 
  0x8c88, 0x8c88, 0x8c88, 0x8c88, 0x8c48, 0x8c48, 0x8c88, 0x8c88, 0x94a9, 0x94a9, 0x8c48, 0x8c48, 
  0x8c48, 0x8c48, 0x8c48, 0x8c48, 0x8c48, 0x8c48, 0x8c48, 0x8c48, 0x8c48, 0x8c48, 0x8c48, 0x8c48, 
  0x8c48, 0x8c48, 0x8c48, 0x8c48, 0x8c48, 0x8c48, 0x8c48, 0x8c48, 0x8c48, 0x8c48, 0x8c48, 0x8c48, 
  0x8c48, 0x8c48, 0x8c48, 0x8c48, 0x8c48, 0x8c48, 0x8c48, 0x8c48, 0x8c48, 0x8c48, 0x8c48, 0x8c48, 
  0x8c48, 0x8c48, 0x8c48, 0x8c48, 0x8c48, 0x8c48, 0x8c48, 0x8c48, 0x8c48, 0x8c48, 0x8c48, 0x8c48, 
  0x8c48, 0x8c48, 0x8c48, 0x8c48, 0x8c48, 0x8c48, 0x8c48, 0x8c48, 0x8c48, 0x8c48, 0x8c48, 0x8c48, 
  0x8c48, 0x8c48, 0x8c48, 0x8c48, 0x8c48, 0x8c48, 0x8c48, 0x8c48, 0x8c48, 0x8c48, 0x8c48, 0x8c48, 
  0x8c48, 0x8c48, 0x8c48, 0x8c48, 0x8c48, 0x8c48, 0x8c48, 0x8c48, 0x8c48, 0x8c48, 0x8c48, 0x8c48, 
  0x8c48, 0x8c48, 0x8c48, 0x8c48, 0x8c48, 0x8c48, 0x8c48, 0x8c48, 0x8c48, 0x8c48, 0x8c48, 0x8c48, 
  0x8c48, 0x8c48, 0x8c48, 0x8c48, 0x8c48, 0x8c48, 0x8c48, 0x8c48, 0x8c48, 0x8c48, 0x8c48, 0x8c48, 
  0x8c48, 0x8c48, 0x8c48, 0x8c48, 0x8c48, 0x8c48, 0x8c48, 0x8c48, 0x8c48, 0x8c48, 0x8c48, 0x8c48, 
  0x8c48, 0x8c48, 0x8c48, 0x8c48, 0x8c48, 0x8c48, 0x8c48, 0x8c48, 0x8c48, 0x8c48, 0x8c48, 0x8c48, 
  0x8c48, 0x8c48, 0x8c48, 0x8c48, 0x8c48, 0x8c48, 0x8c48, 0x8c48, 0x8c48, 0x8c48, 0x8c48, 0x8c48, 
  0x8c48, 0x8c48, 0x8c48, 0x8c48, 0x8c48, 0x8c48, 0x8c48, 0x8c48, 0x8c48, 0x8c48, 0x8c48, 0x8c48, 
  0x8c48, 0x8c48, 0x8c48, 0x8c48, 0x8c48, 0x8c48, 0x8c48, 0x8c48, 0x8c48, 0x8c48, 0x8c48, 0x8c48, 
  0x8c48, 0x8c48, 0x8c48, 0x8c48, 0x8c48, 0x8c48, 0x8c48, 0x8c48, 0x8c48, 0x8c48, 0x8c48, 0x8c48, 
  0x8c48, 0x8c48, 0x8c48, 0x8c48, 0x8c48, 0x8c48, 0x8c48, 0x8c48, 0x8c48, 0x8c48, 0x8c48, 0x8c48, 
  0x8c48, 0x8c48, 0x8c48, 0x8c48, 0x8c48, 0x8c48, 0x8c48, 0x8c48, 0x8c48, 0x8c48, 0x8c48, 0x8c48, 
  0x8c48, 0x8c48, 0x94a9, 0x94a9, 0x8c48, 0x8c48, 0x8c48, 0x8c48, 0x8c48, 0x8c48, 0x8c48, 0x8c48, 
  0x8c48, 0x8c48, 0x8c48, 0x8c48, 0x8c48, 0x8c48, 0x8c48, 0x8c48, 0x8c48, 0x8c48, 0x8c48, 0x8c48, 
  0x8c48, 0x8c48, 0x8c48, 0x8c48, 0x8c48, 0x8c48, 0x8c48, 0x8c48, 0x8c48, 0x8c48, 0x8c48, 0x8c48, 
  0x8c48, 0x8c48, 0x8c48, 0x8c48, 0x8c48, 0x8c48, 0x8c48, 0x8c48, 0x8c48, 0x8c48, 0x8c48, 0x8c48, 
  0x8c48, 0x8c48, 0x8c48, 0x8c48, 0x8c48, 0x8c48, 0x8c48, 0x8c48, 0x8c48, 0x8c48, 0x8c48, 0x8c48, 
  0x8c48, 0x8c48, 0x8c88, 0x8c88, 0x8c88, 0x8c88, 0x8c88, 0x8c88, 0x8c48, 0x8c48, 0x8c88, 0x8c88, 
  0x94a9, 0x94a9, 0x8c48, 0x8c48, 0x8c48, 0x8c48, 0x8c48, 0x8c48, 0x8c48, 0x8c48, 0x8c48, 0x8c48, 
  0x8c48, 0x8c48, 0x8c48, 0x8c48, 0x8c48, 0x8c48, 0x8c48, 0x8c48, 0x8c48, 0x8c48, 0x8c48, 0x8c48, 
  0x8c48, 0x8c48, 0x8c48, 0x8c48, 0x8c48, 0x8c48, 0x8c48, 0x8c48, 0x8c48, 0x8c48, 0x8c48, 0x8c48, 
  0x8c48, 0x8c48, 0x8c48, 0x8c48, 0x8c48, 0x8c48, 0x8c48, 0x8c48, 0x8c48, 0x8c48, 0x8c48, 0x8c48, 
  0x8c48, 0x8c48, 0x8c48, 0x8c48, 0x8c48, 0x8c48, 0x8c48, 0x8c48, 0x8c48, 0x8c48, 0x8c48, 0x8c48, 
  0x8c48, 0x8c48, 0x8c48, 0x8c48, 0x8c48, 0x8c48, 0x8c48, 0x8c48, 0x8c48, 0x8c48, 0x8c48, 0x8c48, 
  0x8c48, 0x8c48, 0x8c48, 0x8c48, 0x8c48, 0x8c48, 0x8c48, 0x8c48, 0x8c48, 0x8c48, 0x8c48, 0x8c48, 
  0x8c48, 0x8c48, 0x8c48, 0x8c48, 0x8c48, 0x8c48, 0x8c48, 0x8c48, 0x8c48, 0x8c48, 0x8c48, 0x8c48, 
  0x8c48, 0x8c48, 0x8c48, 0x8c48, 0x8c48, 0x8c48, 0x8c48, 0x8c48, 0x8c48, 0x8c48, 0x8c48, 0x8c48, 
  0x8c48, 0x8c48, 0x8c48, 0x8c48, 0x8c48, 0x8c48, 0x8c48, 0x8c48, 0x8c48, 0x8c48, 0x8c48, 0x8c48, 
  0x8c48, 0x8c48, 0x8c48, 0x8c48, 0x8c48, 0x8c48, 0x8c48, 0x8c48, 0x8c48, 0x8c48, 0x8c48, 0x8c48, 
  0x8c48, 0x8c48, 0x8c48, 0x8c48, 0x8c48, 0x8c48, 0x8c48, 0x8c48, 0x8c48, 0x8c48, 0x8c48, 0x8c48, 
  0x8c48, 0x8c48, 0x8c48, 0x8c48, 0x8c48, 0x8c48, 0x8c48, 0x8c48, 0x8c48, 0x8c48, 0x8c48, 0x8c48, 
  0x8c48, 0x8c48, 0x8c48, 0x8c48, 0x8c48, 0x8c48, 0x8c48, 0x8c48, 0x8c48, 0x8c48, 0x8c48, 0x8c48, 
  0x8c48, 0x8c48, 0x8c48, 0x8c48, 0x8c48, 0x8c48, 0x8c48, 0x8c48, 0x8c48, 0x8c48, 0x8c48, 0x8c48, 
  0x8c48, 0x8c48, 0x8c48, 0x8c48, 0x8c48, 0x8c48, 0x8c48, 0x8c48, 0x8c48, 0x8c48, 0x8c48, 0x8c48, 
  0x8c48, 0x8c48, 0x8c48, 0x8c48, 0x8c48, 0x8c48, 0x8c48, 0x8c48, 0x94a9, 0x94a9, 0x94a9, 0x94a9, 
  0x8c88, 0x8c88, 0x8c48, 0x8c48, 0x8c48, 0x8c48, 0x8c88, 0x8c88, 0x8c88, 0x8c88, 0x8c48, 0x8c48, 
  0x8c48, 0x8c48, 0x8c48, 0x8c48, 0x8c48, 0x8c48, 0x8c48, 0x8c48, 0x8c48, 0x8c48, 0x8c48, 0x8c48, 
  0x8c48, 0x8c48, 0x8c48, 0x8c48, 0x8c48, 0x8c48, 0x8c48, 0x8c48, 0x8c48, 0x8c48, 0x8c48, 0x8c48, 
  0x8c48, 0x8c48, 0x8c48, 0x8c48, 0x8c48, 0x8c48, 0x8c48, 0x8c48, 0x8c48, 0x8c48, 0x8c48, 0x8c48, 
  0x8c48, 0x8c48, 0x8c48, 0x8c48, 0x8c48, 0x8c48, 0x8c48, 0x8c48, 0x8c48, 0x8c48, 0x8c48, 0x8c48, 
  0x94a9, 0x94a9, 0x8c88, 0x8c88, 0x8c88, 0x8c88, 0x7c27, 0x7c27, 0x8c88, 0x8c88, 0x8c88, 0x8c88, 
  0x8c88, 0x8c88, 0x8c88, 0x8c88, 0x7c27, 0x7c27, 0x8c48, 0x8c48, 0x8c48, 0x8c48, 0x8c48, 0x8c48, 
  0x8c48, 0x8c48, 0x8c48, 0x8c48, 0x8c48, 0x8c48, 0x8c48, 0x8c48, 0x8c48, 0x8c48, 0x8c48, 0x8c48, 
  0x8c48, 0x8c48, 0x8c48, 0x8c48, 0x8c48, 0x8c48, 0x8c48, 0x8c48, 0x8c48, 0x8c48, 0x8c48, 0x8c48, 
  0x8c48, 0x8c48, 0x8c48, 0x8c48, 0x8c48, 0x8c48, 0x8c48, 0x8c48, 0x8c48, 0x8c48, 0x8c48, 0x8c48, 
  0x8c48, 0x8c48, 0x8c48, 0x8c48, 0x8c48, 0x8c48, 0x8c48, 0x8c48, 0x8c48, 0x8c48, 0x8c48, 0x8c48, 
  0x8c48, 0x8c48, 0x8c48, 0x8c48, 0x8c48, 0x8c48, 0x8c48, 0x8c48, 0x8c48, 0x8c48, 0x8c48, 0x8c48, 
  0x8c48, 0x8c48, 0x8c48, 0x8c48, 0x8c48, 0x8c48, 0x8c48, 0x8c48, 0x8c48, 0x8c48, 0x8c48, 0x8c48, 
  0x8c48, 0x8c48, 0x8c48, 0x8c48, 0x8c48, 0x8c48, 0x8c48, 0x8c48, 0x8c48, 0x8c48, 0x8c48, 0x8c48, 
  0x8c48, 0x8c48, 0x8c48, 0x8c48, 0x8c48, 0x8c48, 0x8c48, 0x8c48, 0x8c48, 0x8c48, 0x8c48, 0x8c48, 
  0x8c48, 0x8c48, 0x8c48, 0x8c48, 0x8c48, 0x8c48, 0x8c48, 0x8c48, 0x8c48, 0x8c48, 0x8c48, 0x8c48, 
  0x8c48, 0x8c48, 0x8c48, 0x8c48, 0x8c48, 0x8c48, 0x8c48, 0x8c48, 0x8c48, 0x8c48, 0x8c48, 0x8c48, 
  0x8c48, 0x8c48, 0x8c48, 0x8c48, 0x8c48, 0x8c48, 0x8c48, 0x8c48, 0x8c48, 0x8c48, 0x8c48, 0x8c48, 
  0x8c48, 0x8c48, 0x8c48, 0x8c48, 0x8c48, 0x8c48, 0x8c48, 0x8c48, 0x8c48, 0x8c48, 0x8c48, 0x8c48, 
  0x8c48, 0x8c48, 0x8c48, 0x8c48, 0x8c48, 0x8c48, 0x8c48, 0x8c48, 0x8c48, 0x8c48, 0x8c48, 0x8c48, 
  0x8c48, 0x8c48, 0x8c48, 0x8c48, 0x8c48, 0x8c48, 0x8c48, 0x8c48, 0x8c48, 0x8c48, 0x8c48, 0x8c48, 
  0x8c48, 0x8c48, 0x8c48, 0x8c48, 0x8c48, 0x8c48, 0x8c48, 0x8c48, 0x8c48, 0x8c48, 0x8c48, 0x8c48, 
  0x8c48, 0x8c48, 0x8c48, 0x8c48, 0x8c48, 0x8c48, 0x8c48, 0x8c48, 0x8c48, 0x8c48, 0x8c48, 0x8c48, 
  0x94a9, 0x94a9, 0x94a9, 0x94a9, 0x8c88, 0x8c88, 0x8c48, 0x8c48, 0x8c48, 0x8c48, 0x8c88, 0x8c88, 
  0x8c88, 0x8c88, 0x8c48, 0x8c48, 0x8c48, 0x8c48, 0x8c48, 0x8c48, 0x8c48, 0x8c48, 0x8c48, 0x8c48, 
  0x8c48, 0x8c48, 0x8c48, 0x8c48, 0x8c48, 0x8c48, 0x8c48, 0x8c48, 0x8c48, 0x8c48, 0x8c48, 0x8c48, 
  0x8c48, 0x8c48, 0x8c48, 0x8c48, 0x8c48, 0x8c48, 0x8c48, 0x8c48, 0x8c48, 0x8c48, 0x8c48, 0x8c48, 
  0x8c48, 0x8c48, 0x8c48, 0x8c48, 0x8c48, 0x8c48, 0x8c48, 0x8c48, 0x8c48, 0x8c48, 0x8c48, 0x8c48, 
  0x8c48, 0x8c48, 0x8c48, 0x8c48, 0x94a9, 0x94a9, 0x8c88, 0x8c88, 0x8c88, 0x8c88, 0x7c27, 0x7c27, 
  0x8c88, 0x8c88, 0x8c88, 0x8c88, 0x8c88, 0x8c88, 0x8c88, 0x8c88, 0x7c27, 0x7c27, 0x8c48, 0x8c48, 
  0x8c48, 0x8c48, 0x8c48, 0x8c48, 0x8c48, 0x8c48, 0x8c48, 0x8c48, 0x8c48, 0x8c48, 0x8c48, 0x8c48, 
  0x8c48, 0x8c48, 0x8c48, 0x8c48, 0x8c48, 0x8c48, 0x8c48, 0x8c48, 0x8c48, 0x8c48, 0x8c48, 0x8c48, 
  0x8c48, 0x8c48, 0x8c48, 0x8c48, 0x8c48, 0x8c48, 0x8c48, 0x8c48, 0x8c48, 0x8c48, 0x8c48, 0x8c48, 
  0x8c48, 0x8c48, 0x8c48, 0x8c48, 0x8c48, 0x8c48, 0x8c48, 0x8c48, 0x8c48, 0x8c48, 0x8c48, 0x8c48, 
  0x8c48, 0x8c48, 0x8c48, 0x8c48, 0x8c48, 0x8c48, 0x8c48, 0x8c48, 0x8c48, 0x8c48, 0x8c48, 0x8c48, 
  0x8c48, 0x8c48, 0x8c48, 0x8c48, 0x8c48, 0x8c48, 0x8c48, 0x8c48, 0x8c48, 0x8c48, 0x8c48, 0x8c48, 
  0x8c48, 0x8c48, 0x8c48, 0x8c48, 0x8c48, 0x8c48, 0x8c48, 0x8c48, 0x8c48, 0x8c48, 0x8c48, 0x8c48, 
  0x8c48, 0x8c48, 0x8c48, 0x8c48, 0x8c48, 0x8c48, 0x8c48, 0x8c48, 0x8c48, 0x8c48, 0x8c48, 0x8c48, 
  0x8c48, 0x8c48, 0x8c48, 0x8c48, 0x8c48, 0x8c48, 0x8c48, 0x8c48, 0x8c48, 0x8c48, 0x8c48, 0x8c48, 
  0x8c48, 0x8c48, 0x8c48, 0x8c48, 0x8c48, 0x8c48, 0x8c48, 0x8c48, 0x8c48, 0x8c48, 0x8c48, 0x8c48, 
  0x8c48, 0x8c48, 0x8c48, 0x8c48, 0x8c48, 0x8c48, 0x8c48, 0x8c48, 0x8c48, 0x8c48, 0x8c48, 0x8c48, 
  0x8c48, 0x8c48, 0x8c48, 0x8c48, 0x8c48, 0x8c48, 0x8c48, 0x8c48, 0x8c48, 0x8c48, 0x8c48, 0x8c48, 
  0x8c48, 0x8c48, 0x8c48, 0x8c48, 0x8c48, 0x8c48, 0x8c48, 0x8c48, 0x8c48, 0x8c48, 0x8c48, 0x8c48, 
  0x8c48, 0x8c48, 0x8c48, 0x8c48, 0x8c48, 0x8c48, 0x8c48, 0x8c48, 0x8c48, 0x8c48, 0x8c48, 0x8c48, 
  0x8c48, 0x8c48, 0x8c48, 0x8c48, 0x8c48, 0x8c48, 0x8c48, 0x8c48, 0x8c48, 0x8c48, 0x8c48, 0x8c48, 
  0x8c48, 0x8c48, 0x8c48, 0x8c48, 0x8c48, 0x8c48, 0x8c48, 0x8c48, 0x8c48, 0x8c48, 0x8c48, 0x8c48, 
  0x8c48, 0x8c48, 0x8c48, 0x8c48, 0x8c48, 0x8c48, 0x94a9, 0x94a9, 0x8c88, 0x8c88, 0x8c88, 0x8c88, 
  0x8c48, 0x8c48, 0x7c27, 0x7c27, 0x8c88, 0x8c88, 0x8c48, 0x8c48, 0x8c48, 0x8c48, 0x94a9, 0x94a9, 
  0x8c48, 0x8c48, 0x8c48, 0x8c48, 0x8c48, 0x8c48, 0x8c48, 0x8c48, 0x8c48, 0x8c48, 0x8c48, 0x8c48, 
  0x8c48, 0x8c48, 0x8c48, 0x8c48, 0x8c48, 0x8c48, 0x8c48, 0x8c48, 0x8c48, 0x8c48, 0x8c48, 0x8c48, 
  0x8c48, 0x8c48, 0x8c48, 0x8c48, 0x8c48, 0x8c48, 0x8c48, 0x8c48, 0x8c48, 0x8c48, 0x8c48, 0x8c48, 
  0x8c48, 0x8c48, 0x8c48, 0x8c48, 0x8c48, 0x8c48, 0x8c48, 0x8c48, 0x8c48, 0x8c48, 0x8c88, 0x8c88, 
  0x8c88, 0x8c88, 0x8c88, 0x8c88, 0x7c27, 0x7c27, 0x7c27, 0x7c27, 0x8c88, 0x8c88, 0x8c88, 0x8c88, 
  0x7c27, 0x7c27, 0x8c48, 0x8c48, 0x8c48, 0x8c48, 0x8c48, 0x8c48, 0x8c48, 0x8c48, 0x8c48, 0x8c48, 
  0x8c48, 0x8c48, 0x8c48, 0x8c48, 0x8c48, 0x8c48, 0x8c48, 0x8c48, 0x8c48, 0x8c48, 0x8c48, 0x8c48, 
  0x8c48, 0x8c48, 0x8c48, 0x8c48, 0x8c48, 0x8c48, 0x8c48, 0x8c48, 0x8c48, 0x8c48, 0x8c48, 0x8c48, 
  0x8c48, 0x8c48, 0x8c48, 0x8c48, 0x8c48, 0x8c48, 0x8c48, 0x8c48, 0x8c48, 0x8c48, 0x8c48, 0x8c48, 
  0x8c48, 0x8c48, 0x8c48, 0x8c48, 0x8c48, 0x8c48, 0x8c48, 0x8c48, 0x8c48, 0x8c48, 0x8c48, 0x8c48, 
  0x8c48, 0x8c48, 0x8c48, 0x8c48, 0x8c48, 0x8c48, 0x8c48, 0x8c48, 0x8c48, 0x8c48, 0x8c48, 0x8c48, 
  0x8c48, 0x8c48, 0x8c48, 0x8c48, 0x8c48, 0x8c48, 0x8c48, 0x8c48, 0x8c48, 0x8c48, 0x8c48, 0x8c48, 
  0x8c48, 0x8c48, 0x8c48, 0x8c48, 0x8c48, 0x8c48, 0x8c48, 0x8c48, 0x8c48, 0x8c48, 0x8c48, 0x8c48, 
  0x8c48, 0x8c48, 0x8c48, 0x8c48, 0x8c48, 0x8c48, 0x8c48, 0x8c48, 0x8c48, 0x8c48, 0x8c48, 0x8c48, 
  0x8c48, 0x8c48, 0x8c48, 0x8c48, 0x8c48, 0x8c48, 0x8c48, 0x8c48, 0x8c48, 0x8c48, 0x8c48, 0x8c48, 
  0x8c48, 0x8c48, 0x8c48, 0x8c48, 0x8c48, 0x8c48, 0x8c48, 0x8c48, 0x8c48, 0x8c48, 0x8c48, 0x8c48, 
  0x8c48, 0x8c48, 0x8c48, 0x8c48, 0x8c48, 0x8c48, 0x8c48, 0x8c48, 0x8c48, 0x8c48, 0x8c48, 0x8c48, 
  0x8c48, 0x8c48, 0x8c48, 0x8c48, 0x8c48, 0x8c48, 0x8c48, 0x8c48, 0x8c48, 0x8c48, 0x8c48, 0x8c48, 
  0x8c48, 0x8c48, 0x8c48, 0x8c48, 0x8c48, 0x8c48, 0x8c48, 0x8c48, 0x8c48, 0x8c48, 0x8c48, 0x8c48, 
  0x8c48, 0x8c48, 0x8c48, 0x8c48, 0x8c48, 0x8c48, 0x8c48, 0x8c48, 0x8c48, 0x8c48, 0x8c48, 0x8c48, 
  0x8c48, 0x8c48, 0x8c48, 0x8c48, 0x8c48, 0x8c48, 0x8c48, 0x8c48, 0x8c48, 0x8c48, 0x8c48, 0x8c48, 
  0x8c48, 0x8c48, 0x8c48, 0x8c48, 0x8c48, 0x8c48, 0x8c48, 0x8c48, 0x8c48, 0x8c48, 0x94a9, 0x94a9, 
  0x8c88, 0x8c88, 0x8c88, 0x8c88, 0x8c48, 0x8c48, 0x7c27, 0x7c27, 0x8c88, 0x8c88, 0x8c48, 0x8c48, 
  0x8c48, 0x8c48, 0x94a9, 0x94a9, 0x8c48, 0x8c48, 0x8c48, 0x8c48, 0x8c48, 0x8c48, 0x8c48, 0x8c48, 
  0x8c48, 0x8c48, 0x8c48, 0x8c48, 0x8c48, 0x8c48, 0x8c48, 0x8c48, 0x8c48, 0x8c48, 0x8c48, 0x8c48, 
  0x8c48, 0x8c48, 0x8c48, 0x8c48, 0x8c48, 0x8c48, 0x8c48, 0x8c48, 0x8c48, 0x8c48, 0x8c48, 0x8c48, 
  0x8c48, 0x8c48, 0x8c48, 0x8c48, 0x8c48, 0x8c48, 0x8c48, 0x8c48, 0x8c48, 0x8c48, 0x8c48, 0x8c48, 
  0x8c48, 0x8c48, 0x8c88, 0x8c88, 0x8c88, 0x8c88, 0x8c88, 0x8c88, 0x7c27, 0x7c27, 0x7c27, 0x7c27, 
  0x8c88, 0x8c88, 0x8c88, 0x8c88, 0x7c27, 0x7c27, 0x8c48, 0x8c48, 0x8c48, 0x8c48, 0x8c48, 0x8c48, 
  0x8c48, 0x8c48, 0x8c48, 0x8c48, 0x8c48, 0x8c48, 0x8c48, 0x8c48, 0x8c48, 0x8c48, 0x8c48, 0x8c48, 
  0x8c48, 0x8c48, 0x8c48, 0x8c48, 0x8c48, 0x8c48, 0x8c48, 0x8c48, 0x8c48, 0x8c48, 0x8c48, 0x8c48, 
  0x8c48, 0x8c48, 0x8c48, 0x8c48, 0x8c48, 0x8c48, 0x8c48, 0x8c48, 0x8c48, 0x8c48, 0x8c48, 0x8c48, 
  0x8c48, 0x8c48, 0x8c48, 0x8c48, 0x8c48, 0x8c48, 0x8c48, 0x8c48, 0x8c48, 0x8c48, 0x8c48, 0x8c48, 
  0x8c48, 0x8c48, 0x8c48, 0x8c48, 0x8c48, 0x8c48, 0x8c48, 0x8c48, 0x8c48, 0x8c48, 0x8c48, 0x8c48, 
  0x8c48, 0x8c48, 0x8c48, 0x8c48, 0x8c48, 0x8c48, 0x8c48, 0x8c48, 0x8c48, 0x8c48, 0x8c48, 0x8c48, 
  0x8c48, 0x8c48, 0x8c48, 0x8c48, 0x8c48, 0x8c48, 0x8c48, 0x8c48, 0x8c48, 0x8c48, 0x8c48, 0x8c48, 
  0x8c48, 0x8c48, 0x8c48, 0x8c48, 0x8c48, 0x8c48, 0x8c48, 0x8c48, 0x8c48, 0x8c48, 0x8c48, 0x8c48, 
  0x8c48, 0x8c48, 0x8c48, 0x8c48, 0x8c48, 0x8c48, 0x8c48, 0x8c48, 0x8c48, 0x8c48, 0x8c48, 0x8c48, 
  0x8c48, 0x8c48, 0x8c48, 0x8c48, 0x8c48, 0x8c48, 0x8c48, 0x8c48, 0x8c48, 0x8c48, 0x8c48, 0x8c48, 
  0x8c48, 0x8c48, 0x8c48, 0x8c48, 0x8c48, 0x8c48, 0x8c48, 0x8c48, 0x8c48, 0x8c48, 0x8c48, 0x8c48, 
  0x8c48, 0x8c48, 0x8c48, 0x8c48, 0x8c48, 0x8c48, 0x8c48, 0x8c48, 0x8c48, 0x8c48, 0x8c48, 0x8c48, 
  0x8c48, 0x8c48, 0x8c48, 0x8c48, 0x8c48, 0x8c48, 0x8c48, 0x8c48, 0x8c48, 0x8c48, 0x8c48, 0x8c48, 
  0x8c48, 0x8c48, 0x8c48, 0x8c48, 0x8c48, 0x8c48, 0x8c48, 0x8c48, 0x8c48, 0x8c48, 0x8c48, 0x8c48, 
  0x8c48, 0x8c48, 0x8c48, 0x8c48, 0x8c48, 0x8c48, 0x8c48, 0x8c48, 0x8c48, 0x8c48, 0x8c48, 0x8c48, 
  0x8c48, 0x8c48, 0x8c48, 0x8c48, 0x8c48, 0x8c48, 0x8c48, 0x8c48, 0x8c48, 0x8c48, 0x8c48, 0x8c48, 
  0x8c48, 0x8c48, 0x7c27, 0x7c27, 0x8c88, 0x8c88, 0x8c88, 0x8c88, 0x8c88, 0x8c88, 0x7c27, 0x7c27, 
  0x8c48, 0x8c48, 0x8c88, 0x8c88, 0x8c88, 0x8c88, 0x7c27, 0x7c27, 0x8c48, 0x8c48, 0x8c48, 0x8c48, 
  0x8c48, 0x8c48, 0x8c48, 0x8c48, 0x8c48, 0x8c48, 0x8c48, 0x8c48, 0x8c48, 0x8c48, 0x8c48, 0x8c48, 
  0x8c48, 0x8c48, 0x8c48, 0x8c48, 0x8c48, 0x8c48, 0x8c48, 0x8c48, 0x8c48, 0x8c48, 0x8c48, 0x8c48, 
  0x8c48, 0x8c48, 0x8c48, 0x8c48, 0x8c48, 0x8c48, 0x8c48, 0x8c48, 0x8c48, 0x8c48, 0x8c48, 0x8c48, 
  0x8c48, 0x8c48, 0x8c48, 0x8c48, 0x8c48, 0x8c48, 0x7c27, 0x7c27, 0x8c88, 0x8c88, 0x8c88, 0x8c88, 
  0x8c48, 0x8c48, 0x8c48, 0x8c48, 0x8c88, 0x8c88, 0x7c27, 0x7c27, 0x8c48, 0x8c48, 0x8c48, 0x8c48, 
  0x8c48, 0x8c48, 0x8c48, 0x8c48, 0x8c48, 0x8c48, 0x8c48, 0x8c48, 0x8c48, 0x8c48, 0x8c48, 0x8c48, 
  0x8c48, 0x8c48, 0x8c48, 0x8c48, 0x8c48, 0x8c48, 0x8c48, 0x8c48, 0x8c48, 0x8c48, 0x8c48, 0x8c48, 
  0x8c48, 0x8c48, 0x8c48, 0x8c48, 0x8c48, 0x8c48, 0x8c48, 0x8c48, 0x8c48, 0x8c48, 0x8c48, 0x8c48, 
  0x8c48, 0x8c48, 0x8c48, 0x8c48, 0x8c48, 0x8c48, 0x8c48, 0x8c48, 0x8c48, 0x8c48, 0x8c48, 0x8c48, 
  0x8c48, 0x8c48, 0x8c48, 0x8c48, 0x8c48, 0x8c48, 0x8c48, 0x8c48, 0x8c48, 0x8c48, 0x8c48, 0x8c48, 
  0x8c48, 0x8c48, 0x8c48, 0x8c48, 0x8c48, 0x8c48, 0x8c48, 0x8c48, 0x8c48, 0x8c48, 0x8c48, 0x8c48, 
  0x8c48, 0x8c48, 0x8c48, 0x8c48, 0x8c48, 0x8c48, 0x8c48, 0x8c48, 0x8c48, 0x8c48, 0x8c48, 0x8c48, 
  0x8c48, 0x8c48, 0x8c48, 0x8c48, 0x8c48, 0x8c48, 0x8c48, 0x8c48, 0x8c48, 0x8c48, 0x8c48, 0x8c48, 
  0x8c48, 0x8c48, 0x8c48, 0x8c48, 0x8c48, 0x8c48, 0x8c48, 0x8c48, 0x8c48, 0x8c48, 0x8c48, 0x8c48, 
  0x8c48, 0x8c48, 0x8c48, 0x8c48, 0x8c48, 0x8c48, 0x8c48, 0x8c48, 0x8c48, 0x8c48, 0x8c48, 0x8c48, 
  0x8c48, 0x8c48, 0x8c48, 0x8c48, 0x8c48, 0x8c48, 0x8c48, 0x8c48, 0x8c48, 0x8c48, 0x8c48, 0x8c48, 
  0x8c48, 0x8c48, 0x8c48, 0x8c48, 0x8c48, 0x8c48, 0x8c48, 0x8c48, 0x8c48, 0x8c48, 0x8c48, 0x8c48, 
  0x8c48, 0x8c48, 0x8c48, 0x8c48, 0x8c48, 0x8c48, 0x8c48, 0x8c48, 0x8c48, 0x8c48, 0x8c48, 0x8c48, 
  0x8c48, 0x8c48, 0x8c48, 0x8c48, 0x8c48, 0x8c48, 0x8c48, 0x8c48, 0x8c48, 0x8c48, 0x8c48, 0x8c48, 
  0x8c48, 0x8c48, 0x8c48, 0x8c48, 0x8c48, 0x8c48, 0x8c48, 0x8c48, 0x8c48, 0x8c48, 0x8c48, 0x8c48, 
  0x8c48, 0x8c48, 0x8c48, 0x8c48, 0x8c48, 0x8c48, 0x8c48, 0x8c48, 0x8c48, 0x8c48, 0x8c48, 0x8c48, 
  0x8c48, 0x8c48, 0x8c48, 0x8c48, 0x8c48, 0x8c48, 0x7c27, 0x7c27, 0x8c88, 0x8c88, 0x8c88, 0x8c88, 
  0x8c88, 0x8c88, 0x7c27, 0x7c27, 0x8c48, 0x8c48, 0x8c88, 0x8c88, 0x8c88, 0x8c88, 0x7c27, 0x7c27, 
  0x8c48, 0x8c48, 0x8c48, 0x8c48, 0x8c48, 0x8c48, 0x8c48, 0x8c48, 0x8c48, 0x8c48, 0x8c48, 0x8c48, 
  0x8c48, 0x8c48, 0x8c48, 0x8c48, 0x8c48, 0x8c48, 0x8c48, 0x8c48, 0x8c48, 0x8c48, 0x8c48, 0x8c48, 
  0x8c48, 0x8c48, 0x8c48, 0x8c48, 0x8c48, 0x8c48, 0x8c48, 0x8c48, 0x8c48, 0x8c48, 0x8c48, 0x8c48, 
  0x8c48, 0x8c48, 0x8c48, 0x8c48, 0x8c48, 0x8c48, 0x8c48, 0x8c48, 0x8c48, 0x8c48, 0x7c27, 0x7c27, 
  0x8c88, 0x8c88, 0x8c88, 0x8c88, 0x8c48, 0x8c48, 0x8c48, 0x8c48, 0x8c88, 0x8c88, 0x7c27, 0x7c27, 
  0x8c48, 0x8c48, 0x8c48, 0x8c48, 0x8c48, 0x8c48, 0x8c48, 0x8c48, 0x8c48, 0x8c48, 0x8c48, 0x8c48, 
  0x8c48, 0x8c48, 0x8c48, 0x8c48, 0x8c48, 0x8c48, 0x8c48, 0x8c48, 0x8c48, 0x8c48, 0x8c48, 0x8c48, 
  0x8c48, 0x8c48, 0x8c48, 0x8c48, 0x8c48, 0x8c48, 0x8c48, 0x8c48, 0x8c48, 0x8c48, 0x8c48, 0x8c48, 
  0x8c48, 0x8c48, 0x8c48, 0x8c48, 0x8c48, 0x8c48, 0x8c48, 0x8c48, 0x8c48, 0x8c48, 0x8c48, 0x8c48, 
  0x8c48, 0x8c48, 0x8c48, 0x8c48, 0x8c48, 0x8c48, 0x8c48, 0x8c48, 0x8c48, 0x8c48, 0x8c48, 0x8c48, 
  0x8c48, 0x8c48, 0x8c48, 0x8c48, 0x8c48, 0x8c48, 0x8c48, 0x8c48, 0x8c48, 0x8c48, 0x8c48, 0x8c48, 
  0x8c48, 0x8c48, 0x8c48, 0x8c48, 0x8c48, 0x8c48, 0x8c48, 0x8c48, 0x8c48, 0x8c48, 0x8c48, 0x8c48, 
  0x8c48, 0x8c48, 0x8c48, 0x8c48, 0x8c48, 0x8c48, 0x8c48, 0x8c48, 0x8c48, 0x8c48, 0x8c48, 0x8c48, 
  0x8c48, 0x8c48, 0x8c48, 0x8c48, 0x8c48, 0x8c48, 0x8c48, 0x8c48, 0x8c48, 0x8c48, 0x8c48, 0x8c48, 
  0x8c48, 0x8c48, 0x8c48, 0x8c48, 0x8c48, 0x8c48, 0x8c48, 0x8c48, 0x8c48, 0x8c48, 0x94a9, 0x94a9, 
  0x8c48, 0x8c48, 0x8c48, 0x8c48, 0x8c48, 0x8c48, 0x8c48, 0x8c48, 0x8c48, 0x8c48, 0x8c48, 0x8c48, 
  0x8c48, 0x8c48, 0x8c48, 0x8c48, 0x8c48, 0x8c48, 0x8c48, 0x8c48, 0x8c48, 0x8c48, 0x8c48, 0x8c48, 
  0x8c48, 0x8c48, 0x8c48, 0x8c48, 0x8c48, 0x8c48, 0x8c48, 0x8c48, 0x8c48, 0x8c48, 0x8c48, 0x8c48, 
  0x8c48, 0x8c48, 0x8c48, 0x8c48, 0x8c48, 0x8c48, 0x8c48, 0x8c48, 0x8c48, 0x8c48, 0x8c48, 0x8c48, 
  0x8c48, 0x8c48, 0x8c48, 0x8c48, 0x8c48, 0x8c48, 0x8c48, 0x8c48, 0x8c48, 0x8c48, 0x8c48, 0x8c48, 
  0x8c48, 0x8c48, 0x8c48, 0x8c48, 0x8c48, 0x8c48, 0x8c48, 0x8c48, 0x8c48, 0x8c48, 0x8c48, 0x8c48, 
  0x8c48, 0x8c48, 0x8c48, 0x8c48, 0x8c48, 0x8c48, 0x8c48, 0x8c48, 0x94a9, 0x94a9, 0x8c88, 0x8c88, 
  0x7c27, 0x7c27, 0x8c88, 0x8c88, 0x8c88, 0x8c88, 0x8c48, 0x8c48, 0x8c48, 0x8c48, 0x8c88, 0x8c88, 
  0x8c88, 0x8c88, 0x7c27, 0x7c27, 0x8c48, 0x8c48, 0x8c48, 0x8c48, 0x8c48, 0x8c48, 0x8c48, 0x8c48, 
  0x8c48, 0x8c48, 0x8c48, 0x8c48, 0x8c48, 0x8c48, 0x8c48, 0x8c48, 0x8c48, 0x8c48, 0x8c48, 0x8c48, 
  0x8c48, 0x8c48, 0x8c48, 0x8c48, 0x8c48, 0x8c48, 0x8c48, 0x8c48, 0x8c48, 0x8c48, 0x8c48, 0x8c48, 
  0x8c48, 0x8c48, 0x8c48, 0x8c48, 0x8c48, 0x8c48, 0x8c48, 0x8c48, 0x8c48, 0x8c48, 0x8c48, 0x8c48, 
  0x8c48, 0x8c48, 0x8c48, 0x8c48, 0x7c27, 0x7c27, 0x8c88, 0x8c88, 0x8c48, 0x8c48, 0x8c48, 0x8c48, 
  0x8c48, 0x8c48, 0x8c48, 0x8c48, 0x8c48, 0x8c48, 0x8c48, 0x8c48, 0x8c48, 0x8c48, 0x8c48, 0x8c48, 
  0x8c48, 0x8c48, 0x8c48, 0x8c48, 0x8c48, 0x8c48, 0x8c48, 0x8c48, 0x8c48, 0x8c48, 0x8c48, 0x8c48, 
  0x8c48, 0x8c48, 0x8c48, 0x8c48, 0x8c48, 0x8c48, 0x8c48, 0x8c48, 0x8c48, 0x8c48, 0x8c48, 0x8c48, 
  0x8c48, 0x8c48, 0x8c48, 0x8c48, 0x8c48, 0x8c48, 0x8c48, 0x8c48, 0x8c48, 0x8c48, 0x8c48, 0x8c48, 
  0x8c48, 0x8c48, 0x8c48, 0x8c48, 0x8c48, 0x8c48, 0x8c48, 0x8c48, 0x8c48, 0x8c48, 0x8c48, 0x8c48, 
  0x8c48, 0x8c48, 0x8c48, 0x8c48, 0x8c48, 0x8c48, 0x8c48, 0x8c48, 0x8c48, 0x8c48, 0x8c48, 0x8c48, 
  0x8c48, 0x8c48, 0x8c48, 0x8c48, 0x8c48, 0x8c48, 0x8c48, 0x8c48, 0x8c48, 0x8c48, 0x8c48, 0x8c48, 
  0x8c48, 0x8c48, 0x8c48, 0x8c48, 0x8c48, 0x8c48, 0x8c48, 0x8c48, 0x8c48, 0x8c48, 0x8c48, 0x8c48, 
  0x8c48, 0x8c48, 0x8c48, 0x8c48, 0x8c48, 0x8c48, 0x8c48, 0x8c48, 0x8c48, 0x8c48, 0x8c48, 0x8c48, 
  0x8c48, 0x8c48, 0x8c48, 0x8c48, 0x8c48, 0x8c48, 0x8c48, 0x8c48, 0x8c48, 0x8c48, 0x8c48, 0x8c48, 
  0x8c48, 0x8c48, 0x94a9, 0x94a9, 0x8c48, 0x8c48, 0x8c48, 0x8c48, 0x8c48, 0x8c48, 0x8c48, 0x8c48, 
  0x8c48, 0x8c48, 0x8c48, 0x8c48, 0x8c48, 0x8c48, 0x8c48, 0x8c48, 0x8c48, 0x8c48, 0x8c48, 0x8c48, 
  0x8c48, 0x8c48, 0x8c48, 0x8c48, 0x8c48, 0x8c48, 0x8c48, 0x8c48, 0x8c48, 0x8c48, 0x8c48, 0x8c48, 
  0x8c48, 0x8c48, 0x8c48, 0x8c48, 0x8c48, 0x8c48, 0x8c48, 0x8c48, 0x8c48, 0x8c48, 0x8c48, 0x8c48, 
  0x8c48, 0x8c48, 0x8c48, 0x8c48, 0x8c48, 0x8c48, 0x8c48, 0x8c48, 0x8c48, 0x8c48, 0x8c48, 0x8c48, 
  0x8c48, 0x8c48, 0x8c48, 0x8c48, 0x8c48, 0x8c48, 0x8c48, 0x8c48, 0x8c48, 0x8c48, 0x8c48, 0x8c48, 
  0x8c48, 0x8c48, 0x8c48, 0x8c48, 0x8c48, 0x8c48, 0x8c48, 0x8c48, 0x8c48, 0x8c48, 0x8c48, 0x8c48, 
  0x94a9, 0x94a9, 0x8c88, 0x8c88, 0x7c27, 0x7c27, 0x8c88, 0x8c88, 0x8c88, 0x8c88, 0x8c48, 0x8c48, 
  0x8c48, 0x8c48, 0x8c88, 0x8c88, 0x8c88, 0x8c88, 0x7c27, 0x7c27, 0x8c48, 0x8c48, 0x8c48, 0x8c48, 
  0x8c48, 0x8c48, 0x8c48, 0x8c48, 0x8c48, 0x8c48, 0x8c48, 0x8c48, 0x8c48, 0x8c48, 0x8c48, 0x8c48, 
  0x8c48, 0x8c48, 0x8c48, 0x8c48, 0x8c48, 0x8c48, 0x8c48, 0x8c48, 0x8c48, 0x8c48, 0x8c48, 0x8c48, 
  0x8c48, 0x8c48, 0x8c48, 0x8c48, 0x8c48, 0x8c48, 0x8c48, 0x8c48, 0x8c48, 0x8c48, 0x8c48, 0x8c48, 
  0x8c48, 0x8c48, 0x8c48, 0x8c48, 0x8c48, 0x8c48, 0x8c48, 0x8c48, 0x7c27, 0x7c27, 0x8c88, 0x8c88, 
  0x8c48, 0x8c48, 0x8c48, 0x8c48, 0x8c48, 0x8c48, 0x8c48, 0x8c48, 0x8c48, 0x8c48, 0x8c48, 0x8c48, 
  0x8c48, 0x8c48, 0x8c48, 0x8c48, 0x8c48, 0x8c48, 0x8c48, 0x8c48, 0x8c48, 0x8c48, 0x8c48, 0x8c48, 
  0x8c48, 0x8c48, 0x8c48, 0x8c48, 0x8c48, 0x8c48, 0x8c48, 0x8c48, 0x8c48, 0x8c48, 0x8c48, 0x8c48, 
  0x8c48, 0x8c48, 0x8c48, 0x8c48, 0x8c48, 0x8c48, 0x8c48, 0x8c48, 0x8c48, 0x8c48, 0x8c48, 0x8c48, 
  0x8c48, 0x8c48, 0x8c48, 0x8c48, 0x8c48, 0x8c48, 0x8c48, 0x8c48, 0x8c48, 0x8c48, 0x8c48, 0x8c48, 
  0x8c48, 0x8c48, 0x8c48, 0x8c48, 0x8c48, 0x8c48, 0x8c48, 0x8c48, 0x8c48, 0x8c48, 0x8c48, 0x8c48, 
  0x8c48, 0x8c48, 0x8c48, 0x8c48, 0x8c48, 0x8c48, 0x8c48, 0x8c48, 0x8c48, 0x8c48, 0x8c48, 0x8c48, 
  0x8c48, 0x8c48, 0x8c48, 0x8c48, 0x8c48, 0x8c48, 0x8c48, 0x8c48, 0x8c48, 0x8c48, 0x8c48, 0x8c48, 
  0x8c48, 0x8c48, 0x8c48, 0x8c48, 0x8c48, 0x8c48, 0x8c48, 0x8c48, 0x8c48, 0x8c48, 0x8c48, 0x8c48, 
  0x8c48, 0x8c48, 0x8c48, 0x8c48, 0x8c48, 0x8c48, 0x8c48, 0x8c48, 0x94a9, 0x94a9, 0x94a9, 0x94a9, 
  0x8c88, 0x8c88, 0x8c48, 0x8c48, 0x8c48, 0x8c48, 0x8c88, 0x8c88, 0x8c88, 0x8c88, 0x8c48, 0x8c48, 
  0x8c48, 0x8c48, 0x8c48, 0x8c48, 0x8c48, 0x8c48, 0x8c48, 0x8c48, 0x8c48, 0x8c48, 0x8c48, 0x8c48, 
  0x8c48, 0x8c48, 0x8c48, 0x8c48, 0x8c48, 0x8c48, 0x8c48, 0x8c48, 0x8c48, 0x8c48, 0x8c48, 0x8c48, 
  0x8c48, 0x8c48, 0x8c48, 0x8c48, 0x8c48, 0x8c48, 0x8c48, 0x8c48, 0x8c48, 0x8c48, 0x8c48, 0x8c48, 
  0x8c48, 0x8c48, 0x8c48, 0x8c48, 0x8c48, 0x8c48, 0x8c48, 0x8c48, 0x8c48, 0x8c48, 0x8c48, 0x8c48, 
  0x8c48, 0x8c48, 0x8c48, 0x8c48, 0x8c48, 0x8c48, 0x8c48, 0x8c48, 0x8c48, 0x8c48, 0x8c48, 0x8c48, 
  0x8c48, 0x8c48, 0x8c48, 0x8c48, 0x8c48, 0x8c48, 0x8c48, 0x8c48, 0x8c48, 0x8c48, 0x8c48, 0x8c48, 
  0x8c48, 0x8c48, 0x8c48, 0x8c48, 0x7c27, 0x7c27, 0x8c88, 0x8c88, 0x8c88, 0x8c88, 0x7c27, 0x7c27, 
  0x8c88, 0x8c88, 0x8c48, 0x8c48, 0x8c48, 0x8c48, 0x7c27, 0x7c27, 0x7c27, 0x7c27, 0x8c48, 0x8c48, 
  0x8c48, 0x8c48, 0x8c48, 0x8c48, 0x8c48, 0x8c48, 0x8c48, 0x8c48, 0x8c48, 0x8c48, 0x8c48, 0x8c48, 
  0x8c48, 0x8c48, 0x8c48, 0x8c48, 0x8c48, 0x8c48, 0x8c48, 0x8c48, 0x8c48, 0x8c48, 0x8c48, 0x8c48, 
  0x8c48, 0x8c48, 0x8c48, 0x8c48, 0x8c48, 0x8c48, 0x8c48, 0x8c48, 0x8c48, 0x8c48, 0x8c48, 0x8c48, 
  0x8c48, 0x8c48, 0x8c48, 0x8c48, 0x8c48, 0x8c48, 0x8c48, 0x8c48, 0x8c48, 0x8c48, 0x8c48, 0x8c48, 
  0x8c48, 0x8c48, 0x8c48, 0x8c48, 0x8c48, 0x8c48, 0x8c48, 0x8c48, 0x8c48, 0x8c48, 0x8c48, 0x8c48, 
  0x8c48, 0x8c48, 0x8c48, 0x8c48, 0x8c48, 0x8c48, 0x8c48, 0x8c48, 0x8c48, 0x8c48, 0x8c48, 0x8c48, 
  0x8c48, 0x8c48, 0x8c48, 0x8c48, 0x8c48, 0x8c48, 0x8c48, 0x8c48, 0x8c48, 0x8c48, 0x8c48, 0x8c48, 
  0x94a9, 0x94a9, 0x8c88, 0x8c88, 0x8c48, 0x8c48, 0x8c48, 0x8c48, 0x8c48, 0x8c48, 0x8c48, 0x8c48, 
  0x8c48, 0x8c48, 0x8c48, 0x8c48, 0x8c48, 0x8c48, 0x8c48, 0x8c48, 0x8c48, 0x8c48, 0x8c48, 0x8c48, 
  0x8c48, 0x8c48, 0x8c48, 0x8c48, 0x8c48, 0x8c48, 0x8c48, 0x8c48, 0x8c48, 0x8c48, 0x8c48, 0x8c48, 
  0x8c48, 0x8c48, 0x8c48, 0x8c48, 0x8c48, 0x8c48, 0x8c48, 0x8c48, 0x8c48, 0x8c48, 0x8c48, 0x8c48, 
  0x8c48, 0x8c48, 0x8c48, 0x8c48, 0x8c48, 0x8c48, 0x8c48, 0x8c48, 0x8c48, 0x8c48, 0x8c48, 0x8c48, 
  0x8c48, 0x8c48, 0x8c48, 0x8c48, 0x8c48, 0x8c48, 0x8c48, 0x8c48, 0x8c48, 0x8c48, 0x8c48, 0x8c48, 
  0x8c48, 0x8c48, 0x8c48, 0x8c48, 0x8c48, 0x8c48, 0x8c48, 0x8c48, 0x8c48, 0x8c48, 0x8c48, 0x8c48, 
  0x94a9, 0x94a9, 0x94a9, 0x94a9, 0x8c88, 0x8c88, 0x8c48, 0x8c48, 0x8c48, 0x8c48, 0x8c88, 0x8c88, 
  0x8c88, 0x8c88, 0x8c48, 0x8c48, 0x8c48, 0x8c48, 0x8c48, 0x8c48, 0x8c48, 0x8c48, 0x8c48, 0x8c48, 
  0x8c48, 0x8c48, 0x8c48, 0x8c48, 0x8c48, 0x8c48, 0x8c48, 0x8c48, 0x8c48, 0x8c48, 0x8c48, 0x8c48, 
  0x8c48, 0x8c48, 0x8c48, 0x8c48, 0x8c48, 0x8c48, 0x8c48, 0x8c48, 0x8c48, 0x8c48, 0x8c48, 0x8c48, 
  0x8c48, 0x8c48, 0x8c48, 0x8c48, 0x8c48, 0x8c48, 0x8c48, 0x8c48, 0x8c48, 0x8c48, 0x8c48, 0x8c48, 
  0x8c48, 0x8c48, 0x8c48, 0x8c48, 0x8c48, 0x8c48, 0x8c48, 0x8c48, 0x8c48, 0x8c48, 0x8c48, 0x8c48, 
  0x8c48, 0x8c48, 0x8c48, 0x8c48, 0x8c48, 0x8c48, 0x8c48, 0x8c48, 0x8c48, 0x8c48, 0x8c48, 0x8c48, 
  0x8c48, 0x8c48, 0x8c48, 0x8c48, 0x8c48, 0x8c48, 0x8c48, 0x8c48, 0x7c27, 0x7c27, 0x8c88, 0x8c88, 
  0x8c88, 0x8c88, 0x7c27, 0x7c27, 0x8c88, 0x8c88, 0x8c48, 0x8c48, 0x8c48, 0x8c48, 0x7c27, 0x7c27, 
  0x7c27, 0x7c27, 0x8c48, 0x8c48, 0x8c48, 0x8c48, 0x8c48, 0x8c48, 0x8c48, 0x8c48, 0x8c48, 0x8c48, 
  0x8c48, 0x8c48, 0x8c48, 0x8c48, 0x8c48, 0x8c48, 0x8c48, 0x8c48, 0x8c48, 0x8c48, 0x8c48, 0x8c48, 
  0x8c48, 0x8c48, 0x8c48, 0x8c48, 0x8c48, 0x8c48, 0x8c48, 0x8c48, 0x8c48, 0x8c48, 0x8c48, 0x8c48, 
  0x8c48, 0x8c48, 0x8c48, 0x8c48, 0x8c48, 0x8c48, 0x8c48, 0x8c48, 0x8c48, 0x8c48, 0x8c48, 0x8c48, 
  0x8c48, 0x8c48, 0x8c48, 0x8c48, 0x8c48, 0x8c48, 0x8c48, 0x8c48, 0x8c48, 0x8c48, 0x8c48, 0x8c48, 
  0x8c48, 0x8c48, 0x8c48, 0x8c48, 0x8c48, 0x8c48, 0x8c48, 0x8c48, 0x8c48, 0x8c48, 0x8c48, 0x8c48, 
  0x8c48, 0x8c48, 0x8c48, 0x8c48, 0x8c48, 0x8c48, 0x8c48, 0x8c48, 0x8c48, 0x8c48, 0x8c48, 0x8c48, 
  0x8c48, 0x8c48, 0x8c48, 0x8c48, 0x94a9, 0x94a9, 0x8c88, 0x8c88, 0x8c48, 0x8c48, 0x8c48, 0x8c48, 
  0x8c48, 0x8c48, 0x8c48, 0x8c48, 0x8c48, 0x8c48, 0x8c48, 0x8c48, 0x8c48, 0x8c48, 0x8c48, 0x8c48, 
  0x8c48, 0x8c48, 0x8c48, 0x8c48, 0x8c48, 0x8c48, 0x8c48, 0x8c48, 0x8c48, 0x8c48, 0x8c48, 0x8c48, 
  0x8c48, 0x8c48, 0x8c48, 0x8c48, 0x8c48, 0x8c48, 0x8c48, 0x8c48, 0x8c48, 0x8c48, 0x8c48, 0x8c48, 
  0x8c48, 0x8c48, 0x8c48, 0x8c48, 0x8c48, 0x8c48, 0x8c48, 0x8c48, 0x8c48, 0x8c48, 0x8c48, 0x8c48, 
  0x8c48, 0x8c48, 0x8c48, 0x8c48, 0x8c48, 0x8c48, 0x8c48, 0x8c48, 0x8c48, 0x8c48, 0x8c48, 0x8c48, 
  0x8c48, 0x8c48, 0x8c48, 0x8c48, 0x8c48, 0x8c48, 0x8c48, 0x8c48, 0x8c48, 0x8c48, 0x8c48, 0x8c48, 
  0x8c48, 0x8c48, 0x8c48, 0x8c48, 0x8c48, 0x8c48, 0x94a9, 0x94a9, 0x8c88, 0x8c88, 0x8c88, 0x8c88, 
  0x8c48, 0x8c48, 0x7c27, 0x7c27, 0x8c88, 0x8c88, 0x8c48, 0x8c48, 0x8c48, 0x8c48, 0x94a9, 0x94a9, 
  0x8c48, 0x8c48, 0x8c48, 0x8c48, 0x8c48, 0x8c48, 0x8c48, 0x8c48, 0x8c48, 0x8c48, 0x8c48, 0x8c48, 
  0x8c48, 0x8c48, 0x8c48, 0x8c48, 0x8c48, 0x8c48, 0x8c48, 0x8c48, 0x8c48, 0x8c48, 0x8c48, 0x8c48, 
  0x8c48, 0x8c48, 0x8c48, 0x8c48, 0x8c48, 0x8c48, 0x8c48, 0x8c48, 0x8c48, 0x8c48, 0x8c48, 0x8c48, 
  0x8c48, 0x8c48, 0x8c48, 0x8c48, 0x8c48, 0x8c48, 0x8c48, 0x8c48, 0x8c48, 0x8c48, 0x8c48, 0x8c48, 
  0x8c48, 0x8c48, 0x8c48, 0x8c48, 0x8c48, 0x8c48, 0x8c48, 0x8c48, 0x8c48, 0x8c48, 0x8c48, 0x8c48, 
  0x8c48, 0x8c48, 0x8c48, 0x8c48, 0x8c48, 0x8c48, 0x8c48, 0x8c48, 0x8c48, 0x8c48, 0x8c48, 0x8c48, 
  0x8c48, 0x8c48, 0x7c27, 0x7c27, 0x8c88, 0x8c88, 0x7c27, 0x7c27, 0x7c27, 0x7c27, 0x8c48, 0x8c48, 
  0x8c48, 0x8c48, 0x8c48, 0x8c48, 0x8c48, 0x8c48, 0x8c48, 0x8c48, 0x8c48, 0x8c48, 0x8c48, 0x8c48, 
  0x8c48, 0x8c48, 0x8c48, 0x8c48, 0x8c48, 0x8c48, 0x8c48, 0x8c48, 0x8c48, 0x8c48, 0x8c48, 0x8c48, 
  0x8c48, 0x8c48, 0x8c48, 0x8c48, 0x8c48, 0x8c48, 0x8c48, 0x8c48, 0x8c48, 0x8c48, 0x8c48, 0x8c48, 
  0x8c48, 0x8c48, 0x8c48, 0x8c48, 0x8c48, 0x8c48, 0x8c48, 0x8c48, 0x8c48, 0x8c48, 0x8c48, 0x8c48, 
  0x8c48, 0x8c48, 0x8c48, 0x8c48, 0x8c48, 0x8c48, 0x8c48, 0x8c48, 0x8c48, 0x8c48, 0x8c48, 0x8c48, 
  0x8c48, 0x8c48, 0x8c48, 0x8c48, 0x8c48, 0x8c48, 0x8c48, 0x8c48, 0x8c48, 0x8c48, 0x8c48, 0x8c48, 
  0x8c48, 0x8c48, 0x8c48, 0x8c48, 0x8c48, 0x8c48, 0x8c48, 0x8c48, 0x8c48, 0x8c48, 0x94a9, 0x94a9, 
  0x8c88, 0x8c88, 0x8c48, 0x8c48, 0x8c48, 0x8c48, 0x8c88, 0x8c88, 0x94a9, 0x94a9, 0x7c27, 0x7c27, 
  0x8c48, 0x8c48, 0x8c48, 0x8c48, 0x8c48, 0x8c48, 0x8c48, 0x8c48, 0x8c48, 0x8c48, 0x8c48, 0x8c48, 
  0x8c48, 0x8c48, 0x8c48, 0x8c48, 0x8c48, 0x8c48, 0x8c48, 0x8c48, 0x8c48, 0x8c48, 0x8c48, 0x8c48, 
  0x8c48, 0x8c48, 0x8c48, 0x8c48, 0x8c48, 0x8c48, 0x8c48, 0x8c48, 0x8c48, 0x8c48, 0x8c48, 0x8c48, 
  0x8c48, 0x8c48, 0x8c48, 0x8c48, 0x8c48, 0x8c48, 0x8c48, 0x8c48, 0x8c48, 0x8c48, 0x8c48, 0x8c48, 
  0x8c48, 0x8c48, 0x8c48, 0x8c48, 0x8c48, 0x8c48, 0x8c48, 0x8c48, 0x8c48, 0x8c48, 0x8c48, 0x8c48, 
  0x8c48, 0x8c48, 0x8c48, 0x8c48, 0x8c48, 0x8c48, 0x8c48, 0x8c48, 0x8c48, 0x8c48, 0x8c48, 0x8c48, 
  0x8c48, 0x8c48, 0x8c48, 0x8c48, 0x8c48, 0x8c48, 0x8c48, 0x8c48, 0x8c48, 0x8c48, 0x94a9, 0x94a9, 
  0x8c88, 0x8c88, 0x8c88, 0x8c88, 0x8c48, 0x8c48, 0x7c27, 0x7c27, 0x8c88, 0x8c88, 0x8c48, 0x8c48, 
  0x8c48, 0x8c48, 0x94a9, 0x94a9, 0x8c48, 0x8c48, 0x8c48, 0x8c48, 0x8c48, 0x8c48, 0x8c48, 0x8c48, 
  0x8c48, 0x8c48, 0x8c48, 0x8c48, 0x8c48, 0x8c48, 0x8c48, 0x8c48, 0x8c48, 0x8c48, 0x8c48, 0x8c48, 
  0x8c48, 0x8c48, 0x8c48, 0x8c48, 0x8c48, 0x8c48, 0x8c48, 0x8c48, 0x8c48, 0x8c48, 0x8c48, 0x8c48, 
  0x8c48, 0x8c48, 0x8c48, 0x8c48, 0x8c48, 0x8c48, 0x8c48, 0x8c48, 0x8c48, 0x8c48, 0x8c48, 0x8c48, 
  0x8c48, 0x8c48, 0x8c48, 0x8c48, 0x8c48, 0x8c48, 0x8c48, 0x8c48, 0x8c48, 0x8c48, 0x8c48, 0x8c48, 
  0x8c48, 0x8c48, 0x8c48, 0x8c48, 0x8c48, 0x8c48, 0x8c48, 0x8c48, 0x8c48, 0x8c48, 0x8c48, 0x8c48, 
  0x8c48, 0x8c48, 0x8c48, 0x8c48, 0x8c48, 0x8c48, 0x7c27, 0x7c27, 0x8c88, 0x8c88, 0x7c27, 0x7c27, 
  0x7c27, 0x7c27, 0x8c48, 0x8c48, 0x8c48, 0x8c48, 0x8c48, 0x8c48, 0x8c48, 0x8c48, 0x8c48, 0x8c48, 
  0x8c48, 0x8c48, 0x8c48, 0x8c48, 0x8c48, 0x8c48, 0x8c48, 0x8c48, 0x8c48, 0x8c48, 0x8c48, 0x8c48, 
  0x8c48, 0x8c48, 0x8c48, 0x8c48, 0x8c48, 0x8c48, 0x8c48, 0x8c48, 0x8c48, 0x8c48, 0x8c48, 0x8c48, 
  0x8c48, 0x8c48, 0x8c48, 0x8c48, 0x8c48, 0x8c48, 0x8c48, 0x8c48, 0x8c48, 0x8c48, 0x8c48, 0x8c48, 
  0x8c48, 0x8c48, 0x8c48, 0x8c48, 0x8c48, 0x8c48, 0x8c48, 0x8c48, 0x8c48, 0x8c48, 0x8c48, 0x8c48, 
  0x8c48, 0x8c48, 0x8c48, 0x8c48, 0x8c48, 0x8c48, 0x8c48, 0x8c48, 0x8c48, 0x8c48, 0x8c48, 0x8c48, 
  0x8c48, 0x8c48, 0x8c48, 0x8c48, 0x8c48, 0x8c48, 0x8c48, 0x8c48, 0x8c48, 0x8c48, 0x8c48, 0x8c48, 
  0x8c48, 0x8c48, 0x94a9, 0x94a9, 0x8c88, 0x8c88, 0x8c48, 0x8c48, 0x8c48, 0x8c48, 0x8c88, 0x8c88, 
  0x94a9, 0x94a9, 0x7c27, 0x7c27, 0x8c48, 0x8c48, 0x8c48, 0x8c48, 0x8c48, 0x8c48, 0x8c48, 0x8c48, 
  0x8c48, 0x8c48, 0x8c48, 0x8c48, 0x8c48, 0x8c48, 0x8c48, 0x8c48, 0x8c48, 0x8c48, 0x8c48, 0x8c48, 
  0x8c48, 0x8c48, 0x8c48, 0x8c48, 0x8c48, 0x8c48, 0x8c48, 0x8c48, 0x8c48, 0x8c48, 0x8c48, 0x8c48, 
  0x8c48, 0x8c48, 0x8c48, 0x8c48, 0x8c48, 0x8c48, 0x8c48, 0x8c48, 0x8c48, 0x8c48, 0x8c48, 0x8c48, 
  0x8c48, 0x8c48, 0x8c48, 0x8c48, 0x8c48, 0x8c48, 0x8c48, 0x8c48, 0x8c48, 0x8c48, 0x8c48, 0x8c48, 
  0x8c48, 0x8c48, 0x8c48, 0x8c48, 0x8c48, 0x8c48, 0x8c48, 0x8c48, 0x8c48, 0x8c48, 0x8c48, 0x8c48, 
  0x8c48, 0x8c48, 0x8c48, 0x8c48, 0x8c48, 0x8c48, 0x8c48, 0x8c48, 0x8c48, 0x8c48, 0x8c48, 0x8c48, 
  0x8c48, 0x8c48, 0x7c27, 0x7c27, 0x8c88, 0x8c88, 0x8c88, 0x8c88, 0x8c88, 0x8c88, 0x7c27, 0x7c27, 
  0x8c48, 0x8c48, 0x8c88, 0x8c88, 0x8c88, 0x8c88, 0x7c27, 0x7c27, 0x8c48, 0x8c48, 0x8c48, 0x8c48, 
  0x8c48, 0x8c48, 0x8c48, 0x8c48, 0x8c48, 0x8c48, 0x8c48, 0x8c48, 0x8c48, 0x8c48, 0x8c48, 0x8c48, 
  0x8c48, 0x8c48, 0x8c48, 0x8c48, 0x8c48, 0x8c48, 0x8c48, 0x8c48, 0x8c48, 0x8c48, 0x8c48, 0x8c48, 
  0x8c48, 0x8c48, 0x8c48, 0x8c48, 0x8c48, 0x8c48, 0x8c48, 0x8c48, 0x8c48, 0x8c48, 0x8c48, 0x8c48, 
  0x8c48, 0x8c48, 0x8c48, 0x8c48, 0x8c48, 0x8c48, 0x8c48, 0x8c48, 0x8c48, 0x8c48, 0x8c48, 0x8c48, 
  0x8c48, 0x8c48, 0x8c48, 0x8c48, 0x8c48, 0x8c48, 0x8c48, 0x8c48, 0x8c48, 0x8c48, 0x8c48, 0x8c48, 
  0x8c48, 0x8c48, 0x8c48, 0x8c48, 0x8c48, 0x8c48, 0x8c48, 0x8c48, 0x8c48, 0x8c48, 0x8c48, 0x8c48, 
  0x8c48, 0x8c48, 0x8c48, 0x8c48, 0x8c48, 0x8c48, 0x8c48, 0x8c48, 0x8c48, 0x8c48, 0x8c48, 0x8c48, 
  0x8c48, 0x8c48, 0x8c48, 0x8c48, 0x8c48, 0x8c48, 0x8c48, 0x8c48, 0x8c48, 0x8c48, 0x8c48, 0x8c48, 
  0x8c48, 0x8c48, 0x8c48, 0x8c48, 0x8c48, 0x8c48, 0x8c48, 0x8c48, 0x8c48, 0x8c48, 0x8c48, 0x8c48, 
  0x8c48, 0x8c48, 0x8c48, 0x8c48, 0x8c48, 0x8c48, 0x8c48, 0x8c48, 0x8c48, 0x8c48, 0x8c48, 0x8c48, 
  0x8c48, 0x8c48, 0x8c48, 0x8c48, 0x8c48, 0x8c48, 0x8c48, 0x8c48, 0x8c48, 0x8c48, 0x8c48, 0x8c48, 
  0x8c48, 0x8c48, 0x8c48, 0x8c48, 0x8c48, 0x8c48, 0x8c48, 0x8c48, 0x8c48, 0x8c48, 0x8c48, 0x8c48, 
  0x8c48, 0x8c48, 0x8c48, 0x8c48, 0x8c48, 0x8c48, 0x8c48, 0x8c48, 0x8c48, 0x8c48, 0x8c48, 0x8c48, 
  0x8c48, 0x8c48, 0x8c48, 0x8c48, 0x8c48, 0x8c48, 0x7c27, 0x7c27, 0x8c88, 0x8c88, 0x8c88, 0x8c88, 
  0x8c48, 0x8c48, 0x8c88, 0x8c88, 0x8c88, 0x8c88, 0x8c48, 0x8c48, 0x8c48, 0x8c48, 0x8c48, 0x8c48, 
  0x8c48, 0x8c48, 0x8c48, 0x8c48, 0x8c48, 0x8c48, 0x8c48, 0x8c48, 0x8c48, 0x8c48, 0x8c48, 0x8c48, 
  0x8c48, 0x8c48, 0x8c48, 0x8c48, 0x8c48, 0x8c48, 0x8c48, 0x8c48, 0x8c48, 0x8c48, 0x8c48, 0x8c48, 
  0x8c48, 0x8c48, 0x8c48, 0x8c48, 0x8c48, 0x8c48, 0x8c48, 0x8c48, 0x8c48, 0x8c48, 0x8c48, 0x8c48, 
  0x8c48, 0x8c48, 0x8c48, 0x8c48, 0x8c48, 0x8c48, 0x8c48, 0x8c48, 0x8c48, 0x8c48, 0x8c48, 0x8c48, 
  0x8c48, 0x8c48, 0x8c48, 0x8c48, 0x8c48, 0x8c48, 0x8c48, 0x8c48, 0x8c48, 0x8c48, 0x8c48, 0x8c48, 
  0x8c48, 0x8c48, 0x8c48, 0x8c48, 0x8c48, 0x8c48, 0x8c48, 0x8c48, 0x8c48, 0x8c48, 0x8c48, 0x8c48, 
  0x8c48, 0x8c48, 0x8c48, 0x8c48, 0x8c48, 0x8c48, 0x7c27, 0x7c27, 0x8c88, 0x8c88, 0x8c88, 0x8c88, 
  0x8c88, 0x8c88, 0x7c27, 0x7c27, 0x8c48, 0x8c48, 0x8c88, 0x8c88, 0x8c88, 0x8c88, 0x7c27, 0x7c27, 
  0x8c48, 0x8c48, 0x8c48, 0x8c48, 0x8c48, 0x8c48, 0x8c48, 0x8c48, 0x8c48, 0x8c48, 0x8c48, 0x8c48, 
  0x8c48, 0x8c48, 0x8c48, 0x8c48, 0x8c48, 0x8c48, 0x8c48, 0x8c48, 0x8c48, 0x8c48, 0x8c48, 0x8c48, 
  0x8c48, 0x8c48, 0x8c48, 0x8c48, 0x8c48, 0x8c48, 0x8c48, 0x8c48, 0x8c48, 0x8c48, 0x8c48, 0x8c48, 
  0x8c48, 0x8c48, 0x8c48, 0x8c48, 0x8c48, 0x8c48, 0x8c48, 0x8c48, 0x8c48, 0x8c48, 0x8c48, 0x8c48, 
  0x8c48, 0x8c48, 0x8c48, 0x8c48, 0x8c48, 0x8c48, 0x8c48, 0x8c48, 0x8c48, 0x8c48, 0x8c48, 0x8c48, 
  0x8c48, 0x8c48, 0x8c48, 0x8c48, 0x8c48, 0x8c48, 0x8c48, 0x8c48, 0x8c48, 0x8c48, 0x8c48, 0x8c48, 
  0x8c48, 0x8c48, 0x8c48, 0x8c48, 0x8c48, 0x8c48, 0x8c48, 0x8c48, 0x8c48, 0x8c48, 0x8c48, 0x8c48, 
  0x8c48, 0x8c48, 0x8c48, 0x8c48, 0x8c48, 0x8c48, 0x8c48, 0x8c48, 0x8c48, 0x8c48, 0x8c48, 0x8c48, 
  0x8c48, 0x8c48, 0x8c48, 0x8c48, 0x8c48, 0x8c48, 0x8c48, 0x8c48, 0x8c48, 0x8c48, 0x8c48, 0x8c48, 
  0x8c48, 0x8c48, 0x8c48, 0x8c48, 0x8c48, 0x8c48, 0x8c48, 0x8c48, 0x8c48, 0x8c48, 0x8c48, 0x8c48, 
  0x8c48, 0x8c48, 0x8c48, 0x8c48, 0x8c48, 0x8c48, 0x8c48, 0x8c48, 0x8c48, 0x8c48, 0x8c48, 0x8c48, 
  0x8c48, 0x8c48, 0x8c48, 0x8c48, 0x8c48, 0x8c48, 0x8c48, 0x8c48, 0x8c48, 0x8c48, 0x8c48, 0x8c48, 
  0x8c48, 0x8c48, 0x8c48, 0x8c48, 0x8c48, 0x8c48, 0x8c48, 0x8c48, 0x8c48, 0x8c48, 0x8c48, 0x8c48, 
  0x8c48, 0x8c48, 0x8c48, 0x8c48, 0x8c48, 0x8c48, 0x8c48, 0x8c48, 0x8c48, 0x8c48, 0x7c27, 0x7c27, 
  0x8c88, 0x8c88, 0x8c88, 0x8c88, 0x8c48, 0x8c48, 0x8c88, 0x8c88, 0x8c88, 0x8c88, 0x8c48, 0x8c48, 
  0x8c48, 0x8c48, 0x8c48, 0x8c48, 0x8c48, 0x8c48, 0x8c48, 0x8c48, 0x8c48, 0x8c48, 0x8c48, 0x8c48, 
  0x8c48, 0x8c48, 0x8c48, 0x8c48, 0x8c48, 0x8c48, 0x8c48, 0x8c48, 0x8c48, 0x8c48, 0x8c48, 0x8c48, 
  0x8c48, 0x8c48, 0x8c48, 0x8c48, 0x8c48, 0x8c48, 0x8c48, 0x8c48, 0x8c48, 0x8c48, 0x8c48, 0x8c48, 
  0x8c48, 0x8c48, 0x8c48, 0x8c48, 0x8c48, 0x8c48, 0x8c48, 0x8c48, 0x8c48, 0x8c48, 0x8c48, 0x8c48, 
  0x8c48, 0x8c48, 0x8c48, 0x8c48, 0x8c48, 0x8c48, 0x8c48, 0x8c48, 0x8c48, 0x8c48, 0x8c48, 0x8c48, 
  0x8c48, 0x8c48, 0x8c48, 0x8c48, 0x8c48, 0x8c48, 0x8c48, 0x8c48, 0x8c48, 0x8c48, 0x8c48, 0x8c48, 
  0x8c48, 0x8c48, 0x8c48, 0x8c48, 0x8c48, 0x8c48, 0x8c48, 0x8c48, 0x94a9, 0x94a9, 0x8c88, 0x8c88, 
  0x7c27, 0x7c27, 0x8c88, 0x8c88, 0x8c88, 0x8c88, 0x8c48, 0x8c48, 0x8c48, 0x8c48, 0x8c88, 0x8c88, 
  0x8c88, 0x8c88, 0x7c27, 0x7c27, 0x8c48, 0x8c48, 0x8c48, 0x8c48, 0x8c48, 0x8c48, 0x8c48, 0x8c48, 
  0x8c48, 0x8c48, 0x8c48, 0x8c48, 0x8c48, 0x8c48, 0x8c48, 0x8c48, 0x8c48, 0x8c48, 0x8c48, 0x8c48, 
  0x8c48, 0x8c48, 0x8c48, 0x8c48, 0x8c48, 0x8c48, 0x8c48, 0x8c48, 0x8c48, 0x8c48, 0x8c48, 0x8c48, 
  0x8c48, 0x8c48, 0x8c48, 0x8c48, 0x8c48, 0x8c48, 0x8c48, 0x8c48, 0x8c48, 0x8c48, 0x8c48, 0x8c48, 
  0x8c48, 0x8c48, 0x8c48, 0x8c48, 0x8c48, 0x8c48, 0x8c48, 0x8c48, 0x8c48, 0x8c48, 0x8c48, 0x8c48, 
  0x8c48, 0x8c48, 0x8c48, 0x8c48, 0x8c48, 0x8c48, 0x8c48, 0x8c48, 0x8c48, 0x8c48, 0x8c48, 0x8c48, 
  0x8c48, 0x8c48, 0x8c48, 0x8c48, 0x8c48, 0x8c48, 0x8c48, 0x8c48, 0x8c48, 0x8c48, 0x8c48, 0x8c48, 
  0x8c48, 0x8c48, 0x8c48, 0x8c48, 0x8c48, 0x8c48, 0x8c48, 0x8c48, 0x8c48, 0x8c48, 0x8c48, 0x8c48, 
  0x8c48, 0x8c48, 0x8c48, 0x8c48, 0x8c48, 0x8c48, 0x8c48, 0x8c48, 0x8c48, 0x8c48, 0x8c48, 0x8c48, 
  0x8c48, 0x8c48, 0x8c48, 0x8c48, 0x8c48, 0x8c48, 0x8c48, 0x8c48, 0x8c48, 0x8c48, 0x8c48, 0x8c48, 
  0x8c48, 0x8c48, 0x8c48, 0x8c48, 0x8c48, 0x8c48, 0x8c48, 0x8c48, 0x8c48, 0x8c48, 0x8c48, 0x8c48, 
  0x8c48, 0x8c48, 0x8c48, 0x8c48, 0x8c48, 0x8c48, 0x8c48, 0x8c48, 0x8c48, 0x8c48, 0x8c48, 0x8c48, 
  0x8c48, 0x8c48, 0x8c48, 0x8c48, 0x8c48, 0x8c48, 0x8c48, 0x8c48, 0x8c48, 0x8c48, 0x8c48, 0x8c48, 
  0x8c48, 0x8c48, 0x8c48, 0x8c48, 0x8c48, 0x8c48, 0x8c48, 0x8c48, 0x8c48, 0x8c48, 0x8c48, 0x8c48, 
  0x8c48, 0x8c48, 0x8c48, 0x8c48, 0x7c27, 0x7c27, 0x8c88, 0x8c88, 0x8c88, 0x8c88, 0x8c88, 0x8c88, 
  0x7c27, 0x7c27, 0x8c48, 0x8c48, 0x8c48, 0x8c48, 0x8c48, 0x8c48, 0x8c48, 0x8c48, 0x8c48, 0x8c48, 
  0x8c48, 0x8c48, 0x8c48, 0x8c48, 0x8c48, 0x8c48, 0x8c48, 0x8c48, 0x8c48, 0x8c48, 0x8c48, 0x8c48, 
  0x8c48, 0x8c48, 0x8c48, 0x8c48, 0x8c48, 0x8c48, 0x8c48, 0x8c48, 0x8c48, 0x8c48, 0x8c48, 0x8c48, 
  0x8c48, 0x8c48, 0x8c48, 0x8c48, 0x8c48, 0x8c48, 0x8c48, 0x8c48, 0x8c48, 0x8c48, 0x8c48, 0x8c48, 
  0x8c48, 0x8c48, 0x8c48, 0x8c48, 0x8c48, 0x8c48, 0x8c48, 0x8c48, 0x8c48, 0x8c48, 0x8c48, 0x8c48, 
  0x8c48, 0x8c48, 0x8c48, 0x8c48, 0x8c48, 0x8c48, 0x8c48, 0x8c48, 0x8c48, 0x8c48, 0x8c48, 0x8c48, 
  0x8c48, 0x8c48, 0x8c48, 0x8c48, 0x8c48, 0x8c48, 0x8c48, 0x8c48, 0x8c48, 0x8c48, 0x8c48, 0x8c48, 
  0x94a9, 0x94a9, 0x8c88, 0x8c88, 0x7c27, 0x7c27, 0x8c88, 0x8c88, 0x8c88, 0x8c88, 0x8c48, 0x8c48, 
  0x8c48, 0x8c48, 0x8c88, 0x8c88, 0x8c88, 0x8c88, 0x7c27, 0x7c27, 0x8c48, 0x8c48, 0x8c48, 0x8c48, 
  0x8c48, 0x8c48, 0x8c48, 0x8c48, 0x8c48, 0x8c48, 0x8c48, 0x8c48, 0x8c48, 0x8c48, 0x8c48, 0x8c48, 
  0x8c48, 0x8c48, 0x8c48, 0x8c48, 0x8c48, 0x8c48, 0x8c48, 0x8c48, 0x8c48, 0x8c48, 0x8c48, 0x8c48, 
  0x8c48, 0x8c48, 0x8c48, 0x8c48, 0x8c48, 0x8c48, 0x8c48, 0x8c48, 0x8c48, 0x8c48, 0x8c48, 0x8c48, 
  0x8c48, 0x8c48, 0x8c48, 0x8c48, 0x8c48, 0x8c48, 0x8c48, 0x8c48, 0x8c48, 0x8c48, 0x8c48, 0x8c48, 
  0x8c48, 0x8c48, 0x8c48, 0x8c48, 0x8c48, 0x8c48, 0x8c48, 0x8c48, 0x8c48, 0x8c48, 0x8c48, 0x8c48, 
  0x8c48, 0x8c48, 0x8c48, 0x8c48, 0x8c48, 0x8c48, 0x8c48, 0x8c48, 0x8c48, 0x8c48, 0x8c48, 0x8c48, 
  0x8c48, 0x8c48, 0x8c48, 0x8c48, 0x8c48, 0x8c48, 0x8c48, 0x8c48, 0x8c48, 0x8c48, 0x8c48, 0x8c48, 
  0x8c48, 0x8c48, 0x8c48, 0x8c48, 0x8c48, 0x8c48, 0x8c48, 0x8c48, 0x8c48, 0x8c48, 0x8c48, 0x8c48, 
  0x8c48, 0x8c48, 0x8c48, 0x8c48, 0x8c48, 0x8c48, 0x8c48, 0x8c48, 0x8c48, 0x8c48, 0x8c48, 0x8c48, 
  0x8c48, 0x8c48, 0x8c48, 0x8c48, 0x8c48, 0x8c48, 0x8c48, 0x8c48, 0x8c48, 0x8c48, 0x8c48, 0x8c48, 
  0x8c48, 0x8c48, 0x8c48, 0x8c48, 0x8c48, 0x8c48, 0x8c48, 0x8c48, 0x8c48, 0x8c48, 0x8c48, 0x8c48, 
  0x8c48, 0x8c48, 0x8c48, 0x8c48, 0x8c48, 0x8c48, 0x8c48, 0x8c48, 0x8c48, 0x8c48, 0x8c48, 0x8c48, 
  0x8c48, 0x8c48, 0x8c48, 0x8c48, 0x8c48, 0x8c48, 0x8c48, 0x8c48, 0x8c48, 0x8c48, 0x8c48, 0x8c48, 
  0x8c48, 0x8c48, 0x8c48, 0x8c48, 0x8c48, 0x8c48, 0x8c48, 0x8c48, 0x7c27, 0x7c27, 0x8c88, 0x8c88, 
  0x8c88, 0x8c88, 0x8c88, 0x8c88, 0x7c27, 0x7c27, 0x8c48, 0x8c48, 0x8c48, 0x8c48, 0x8c48, 0x8c48, 
  0x8c48, 0x8c48, 0x8c48, 0x8c48, 0x8c48, 0x8c48, 0x8c48, 0x8c48, 0x8c48, 0x8c48, 0x8c48, 0x8c48, 
  0x8c48, 0x8c48, 0x8c48, 0x8c48, 0x8c48, 0x8c48, 0x8c48, 0x8c48, 0x8c48, 0x8c48, 0x8c48, 0x8c48, 
  0x8c48, 0x8c48, 0x8c48, 0x8c48, 0x8c48, 0x8c48, 0x8c48, 0x8c48, 0x8c48, 0x8c48, 0x8c48, 0x8c48, 
  0x8c48, 0x8c48, 0x8c48, 0x8c48, 0x8c48, 0x8c48, 0x8c48, 0x8c48, 0x8c48, 0x8c48, 0x8c48, 0x8c48, 
  0x8c48, 0x8c48, 0x8c48, 0x8c48, 0x8c48, 0x8c48, 0x8c48, 0x8c48, 0x8c48, 0x8c48, 0x8c48, 0x8c48, 
  0x8c48, 0x8c48, 0x8c48, 0x8c48, 0x8c48, 0x8c48, 0x8c48, 0x8c48, 0x8c48, 0x8c48, 0x8c48, 0x8c48, 
  0x8c48, 0x8c48, 0x8c48, 0x8c48, 0x7c27, 0x7c27, 0x8c88, 0x8c88, 0x8c88, 0x8c88, 0x7c27, 0x7c27, 
  0x8c88, 0x8c88, 0x8c48, 0x8c48, 0x8c48, 0x8c48, 0x7c27, 0x7c27, 0x7c27, 0x7c27, 0x8c48, 0x8c48, 
  0x8c48, 0x8c48, 0x8c48, 0x8c48, 0x8c48, 0x8c48, 0x8c48, 0x8c48, 0x8c48, 0x8c48, 0x8c48, 0x8c48, 
  0x8c48, 0x8c48, 0x8c48, 0x8c48, 0x8c48, 0x8c48, 0x8c48, 0x8c48, 0x8c48, 0x8c48, 0x8c48, 0x8c48, 
  0x8c48, 0x8c48, 0x8c48, 0x8c48, 0x8c48, 0x8c48, 0x8c48, 0x8c48, 0x8c48, 0x8c48, 0x8c48, 0x8c48, 
  0x8c48, 0x8c48, 0x8c48, 0x8c48, 0x8c48, 0x8c48, 0x8c48, 0x8c48, 0x8c48, 0x8c48, 0x8c48, 0x8c48, 
  0x8c48, 0x8c48, 0x8c48, 0x8c48, 0x8c48, 0x8c48, 0x8c48, 0x8c48, 0x8c48, 0x8c48, 0x8c48, 0x8c48, 
  0x8c48, 0x8c48, 0x8c48, 0x8c48, 0x8c48, 0x8c48, 0x8c48, 0x8c48, 0x8c48, 0x8c48, 0x8c48, 0x8c48, 
  0x8c48, 0x8c48, 0x8c48, 0x8c48, 0x8c48, 0x8c48, 0x8c48, 0x8c48, 0x8c48, 0x8c48, 0x8c48, 0x8c48, 
  0x8c48, 0x8c48, 0x8c48, 0x8c48, 0x8c48, 0x8c48, 0x8c48, 0x8c48, 0x8c48, 0x8c48, 0x8c48, 0x8c48, 
  0x8c48, 0x8c48, 0x8c48, 0x8c48, 0x8c48, 0x8c48, 0x8c48, 0x8c48, 0x8c48, 0x8c48, 0x8c48, 0x8c48, 
  0x8c48, 0x8c48, 0x8c48, 0x8c48, 0x8c48, 0x8c48, 0x8c48, 0x8c48, 0x8c48, 0x8c48, 0x8c48, 0x8c48, 
  0x8c48, 0x8c48, 0x8c48, 0x8c48, 0x8c48, 0x8c48, 0x8c48, 0x8c48, 0x8c48, 0x8c48, 0x8c48, 0x8c48, 
  0x8c48, 0x8c48, 0x8c48, 0x8c48, 0x8c48, 0x8c48, 0x8c48, 0x8c48, 0x8c48, 0x8c48, 0x8c48, 0x8c48, 
  0x8c48, 0x8c48, 0x8c48, 0x8c48, 0x8c48, 0x8c48, 0x8c48, 0x8c48, 0x8c48, 0x8c48, 0x8c48, 0x8c48, 
  0x8c48, 0x8c48, 0x8c48, 0x8c48, 0x8c48, 0x8c48, 0x8c48, 0x8c48, 0x8c48, 0x8c48, 0x8c48, 0x8c48, 
  0x7c27, 0x7c27, 0x8c88, 0x8c88, 0x8c88, 0x8c88, 0x7c27, 0x7c27, 0x8c48, 0x8c48, 0x8c48, 0x8c48, 
  0x8c48, 0x8c48, 0x8c48, 0x8c48, 0x8c48, 0x8c48, 0x8c48, 0x8c48, 0x8c48, 0x8c48, 0x8c48, 0x8c48, 
  0x8c48, 0x8c48, 0x8c48, 0x8c48, 0x8c48, 0x8c48, 0x8c48, 0x8c48, 0x8c48, 0x8c48, 0x8c48, 0x8c48, 
  0x8c48, 0x8c48, 0x8c48, 0x8c48, 0x8c48, 0x8c48, 0x8c48, 0x8c48, 0x8c48, 0x8c48, 0x8c48, 0x8c48, 
  0x8c48, 0x8c48, 0x8c48, 0x8c48, 0x8c48, 0x8c48, 0x8c48, 0x8c48, 0x8c48, 0x8c48, 0x8c48, 0x8c48, 
  0x8c48, 0x8c48, 0x8c48, 0x8c48, 0x8c48, 0x8c48, 0x8c48, 0x8c48, 0x8c48, 0x8c48, 0x8c48, 0x8c48, 
  0x8c48, 0x8c48, 0x8c48, 0x8c48, 0x8c48, 0x8c48, 0x8c48, 0x8c48, 0x8c48, 0x8c48, 0x8c48, 0x8c48, 
  0x8c48, 0x8c48, 0x8c48, 0x8c48, 0x8c48, 0x8c48, 0x8c48, 0x8c48, 0x7c27, 0x7c27, 0x8c88, 0x8c88, 
  0x8c88, 0x8c88, 0x7c27, 0x7c27, 0x8c88, 0x8c88, 0x8c48, 0x8c48, 0x8c48, 0x8c48, 0x7c27, 0x7c27, 
  0x7c27, 0x7c27, 0x8c48, 0x8c48, 0x8c48, 0x8c48, 0x8c48, 0x8c48, 0x8c48, 0x8c48, 0x8c48, 0x8c48, 
  0x8c48, 0x8c48, 0x8c48, 0x8c48, 0x8c48, 0x8c48, 0x8c48, 0x8c48, 0x8c48, 0x8c48, 0x8c48, 0x8c48, 
  0x8c48, 0x8c48, 0x8c48, 0x8c48, 0x8c48, 0x8c48, 0x8c48, 0x8c48, 0x8c48, 0x8c48, 0x8c48, 0x8c48, 
  0x8c48, 0x8c48, 0x8c48, 0x8c48, 0x8c48, 0x8c48, 0x8c48, 0x8c48, 0x8c48, 0x8c48, 0x8c48, 0x8c48, 
  0x8c48, 0x8c48, 0x8c48, 0x8c48, 0x8c48, 0x8c48, 0x8c48, 0x8c48, 0x8c48, 0x8c48, 0x8c48, 0x8c48, 
  0x8c48, 0x8c48, 0x8c48, 0x8c48, 0x8c48, 0x8c48, 0x8c48, 0x8c48, 0x8c48, 0x8c48, 0x8c48, 0x8c48, 
  0x8c48, 0x8c48, 0x8c48, 0x8c48, 0x8c48, 0x8c48, 0x8c48, 0x8c48, 0x8c48, 0x8c48, 0x8c48, 0x8c48, 
  0x8c48, 0x8c48, 0x8c48, 0x8c48, 0x8c48, 0x8c48, 0x8c48, 0x8c48, 0x8c48, 0x8c48, 0x8c48, 0x8c48, 
  0x8c48, 0x8c48, 0x8c48, 0x8c48, 0x8c48, 0x8c48, 0x8c48, 0x8c48, 0x8c48, 0x8c48, 0x8c48, 0x8c48, 
  0x8c48, 0x8c48, 0x8c48, 0x8c48, 0x8c48, 0x8c48, 0x8c48, 0x8c48, 0x8c48, 0x8c48, 0x8c48, 0x8c48, 
  0x8c48, 0x8c48, 0x8c48, 0x8c48, 0x8c48, 0x8c48, 0x8c48, 0x8c48, 0x8c48, 0x8c48, 0x8c48, 0x8c48, 
  0x8c48, 0x8c48, 0x8c48, 0x8c48, 0x8c48, 0x8c48, 0x8c48, 0x8c48, 0x8c48, 0x8c48, 0x8c48, 0x8c48, 
  0x8c48, 0x8c48, 0x8c48, 0x8c48, 0x8c48, 0x8c48, 0x8c48, 0x8c48, 0x8c48, 0x8c48, 0x8c48, 0x8c48, 
  0x8c48, 0x8c48, 0x8c48, 0x8c48, 0x8c48, 0x8c48, 0x8c48, 0x8c48, 0x8c48, 0x8c48, 0x8c48, 0x8c48, 
  0x8c48, 0x8c48, 0x8c48, 0x8c48, 0x7c27, 0x7c27, 0x8c88, 0x8c88, 0x8c88, 0x8c88, 0x7c27, 0x7c27, 
  0x8c48, 0x8c48, 0x8c48, 0x8c48, 0x8c48, 0x8c48, 0x8c48, 0x8c48, 0x8c48, 0x8c48, 0x8c48, 0x8c48, 
  0x8c48, 0x8c48, 0x8c48, 0x8c48, 0x8c48, 0x8c48, 0x8c48, 0x8c48, 0x8c48, 0x8c48, 0x8c48, 0x8c48, 
  0x8c48, 0x8c48, 0x8c48, 0x8c48, 0x8c48, 0x8c48, 0x8c48, 0x8c48, 0x8c48, 0x8c48, 0x8c48, 0x8c48, 
  0x8c48, 0x8c48, 0x8c48, 0x8c48, 0x8c48, 0x8c48, 0x8c48, 0x8c48, 0x8c48, 0x8c48, 0x8c48, 0x8c48, 
  0x8c48, 0x8c48, 0x8c48, 0x8c48, 0x8c48, 0x8c48, 0x8c48, 0x8c48, 0x8c48, 0x8c48, 0x8c48, 0x8c48, 
  0x8c48, 0x8c48, 0x8c48, 0x8c48, 0x8c48, 0x8c48, 0x8c48, 0x8c48, 0x8c48, 0x8c48, 0x8c48, 0x8c48, 
  0x8c48, 0x8c48, 0x8c48, 0x8c48, 0x8c48, 0x8c48, 0x8c48, 0x8c48, 0x8c48, 0x8c48, 0x8c48, 0x8c48, 
  0x8c48, 0x8c48, 0x7c27, 0x7c27, 0x8c88, 0x8c88, 0x7c27, 0x7c27, 0x7c27, 0x7c27, 0x8c48, 0x8c48, 
  0x8c48, 0x8c48, 0x8c48, 0x8c48, 0x8c48, 0x8c48, 0x8c48, 0x8c48, 0x8c48, 0x8c48, 0x8c48, 0x8c48, 
  0x8c48, 0x8c48, 0x8c48, 0x8c48, 0x8c48, 0x8c48, 0x8c48, 0x8c48, 0x8c48, 0x8c48, 0x8c48, 0x8c48, 
  0x8c48, 0x8c48, 0x8c48, 0x8c48, 0x8c48, 0x8c48, 0x8c48, 0x8c48, 0x8c48, 0x8c48, 0x8c48, 0x8c48, 
  0x8c48, 0x8c48, 0x8c48, 0x8c48, 0x8c48, 0x8c48, 0x8c48, 0x8c48, 0x8c48, 0x8c48, 0x8c48, 0x8c48, 
  0x8c48, 0x8c48, 0x8c48, 0x8c48, 0x8c48, 0x8c48, 0x8c48, 0x8c48, 0x8c48, 0x8c48, 0x8c48, 0x8c48, 
  0x8c48, 0x8c48, 0x8c48, 0x8c48, 0x8c48, 0x8c48, 0x8c48, 0x8c48, 0x8c48, 0x8c48, 0x8c48, 0x8c48, 
  0x8c48, 0x8c48, 0x8c48, 0x8c48, 0x8c48, 0x8c48, 0x8c48, 0x8c48, 0x8c48, 0x8c48, 0x8c48, 0x8c48, 
  0x8c48, 0x8c48, 0x8c48, 0x8c48, 0x8c48, 0x8c48, 0x8c48, 0x8c48, 0x8c48, 0x8c48, 0x8c48, 0x8c48, 
  0x8c48, 0x8c48, 0x8c48, 0x8c48, 0x8c48, 0x8c48, 0x8c48, 0x8c48, 0x8c48, 0x8c48, 0x8c48, 0x8c48, 
  0x8c48, 0x8c48, 0x8c48, 0x8c48, 0x8c48, 0x8c48, 0x8c48, 0x8c48, 0x8c48, 0x8c48, 0x8c48, 0x8c48, 
  0x8c48, 0x8c48, 0x8c48, 0x8c48, 0x8c48, 0x8c48, 0x8c48, 0x8c48, 0x8c48, 0x8c48, 0x8c48, 0x8c48, 
  0x8c48, 0x8c48, 0x8c48, 0x8c48, 0x8c48, 0x8c48, 0x8c48, 0x8c48, 0x8c48, 0x8c48, 0x8c48, 0x8c48, 
  0x8c48, 0x8c48, 0x8c48, 0x8c48, 0x8c48, 0x8c48, 0x8c48, 0x8c48, 0x8c48, 0x8c48, 0x8c48, 0x8c48, 
  0x8c48, 0x8c48, 0x8c48, 0x8c48, 0x8c48, 0x8c48, 0x8c48, 0x8c48, 0x8c48, 0x8c48, 0x8c48, 0x8c48, 
  0x8c48, 0x8c48, 0x8c48, 0x8c48, 0x8c48, 0x8c48, 0x8c48, 0x8c48, 0x8c48, 0x8c48, 0x7c27, 0x7c27, 
  0x8c88, 0x8c88, 0x8c48, 0x8c48, 0x8c48, 0x8c48, 0x8c48, 0x8c48, 0x8c48, 0x8c48, 0x8c48, 0x8c48, 
  0x8c48, 0x8c48, 0x8c48, 0x8c48, 0x8c48, 0x8c48, 0x8c48, 0x8c48, 0x8c48, 0x8c48, 0x8c48, 0x8c48, 
  0x8c48, 0x8c48, 0x8c48, 0x8c48, 0x8c48, 0x8c48, 0x8c48, 0x8c48, 0x8c48, 0x8c48, 0x8c48, 0x8c48, 
  0x8c48, 0x8c48, 0x8c48, 0x8c48, 0x8c48, 0x8c48, 0x8c48, 0x8c48, 0x8c48, 0x8c48, 0x8c48, 0x8c48, 
  0x8c48, 0x8c48, 0x8c48, 0x8c48, 0x8c48, 0x8c48, 0x8c48, 0x8c48, 0x8c48, 0x8c48, 0x8c48, 0x8c48, 
  0x8c48, 0x8c48, 0x8c48, 0x8c48, 0x8c48, 0x8c48, 0x8c48, 0x8c48, 0x8c48, 0x8c48, 0x8c48, 0x8c48, 
  0x8c48, 0x8c48, 0x8c48, 0x8c48, 0x8c48, 0x8c48, 0x8c48, 0x8c48, 0x8c48, 0x8c48, 0x8c48, 0x8c48, 
  0x8c48, 0x8c48, 0x8c48, 0x8c48, 0x8c48, 0x8c48, 0x7c27, 0x7c27, 0x8c88, 0x8c88, 0x7c27, 0x7c27, 
  0x7c27, 0x7c27, 0x8c48, 0x8c48, 0x8c48, 0x8c48, 0x8c48, 0x8c48, 0x8c48, 0x8c48, 0x8c48, 0x8c48, 
  0x8c48, 0x8c48, 0x8c48, 0x8c48, 0x8c48, 0x8c48, 0x8c48, 0x8c48, 0x8c48, 0x8c48, 0x8c48, 0x8c48, 
  0x8c48, 0x8c48, 0x8c48, 0x8c48, 0x8c48, 0x8c48, 0x8c48, 0x8c48, 0x8c48, 0x8c48, 0x8c48, 0x8c48, 
  0x8c48, 0x8c48, 0x8c48, 0x8c48, 0x8c48, 0x8c48, 0x8c48, 0x8c48, 0x8c48, 0x8c48, 0x8c48, 0x8c48, 
  0x8c48, 0x8c48, 0x8c48, 0x8c48, 0x8c48, 0x8c48, 0x8c48, 0x8c48, 0x8c48, 0x8c48, 0x8c48, 0x8c48, 
  0x8c48, 0x8c48, 0x8c48, 0x8c48, 0x8c48, 0x8c48, 0x8c48, 0x8c48, 0x8c48, 0x8c48, 0x8c48, 0x8c48, 
  0x8c48, 0x8c48, 0x8c48, 0x8c48, 0x8c48, 0x8c48, 0x8c48, 0x8c48, 0x8c48, 0x8c48, 0x8c48, 0x8c48, 
  0x8c48, 0x8c48, 0x8c48, 0x8c48, 0x8c48, 0x8c48, 0x8c48, 0x8c48, 0x8c48, 0x8c48, 0x8c48, 0x8c48, 
  0x8c48, 0x8c48, 0x8c48, 0x8c48, 0x8c48, 0x8c48, 0x8c48, 0x8c48, 0x8c48, 0x8c48, 0x8c48, 0x8c48, 
  0x8c48, 0x8c48, 0x8c48, 0x8c48, 0x8c48, 0x8c48, 0x8c48, 0x8c48, 0x8c48, 0x8c48, 0x8c48, 0x8c48, 
  0x8c48, 0x8c48, 0x8c48, 0x8c48, 0x8c48, 0x8c48, 0x8c48, 0x8c48, 0x8c48, 0x8c48, 0x8c48, 0x8c48, 
  0x8c48, 0x8c48, 0x8c48, 0x8c48, 0x8c48, 0x8c48, 0x8c48, 0x8c48, 0x8c48, 0x8c48, 0x8c48, 0x8c48, 
  0x8c48, 0x8c48, 0x8c48, 0x8c48, 0x8c48, 0x8c48, 0x8c48, 0x8c48, 0x8c48, 0x8c48, 0x8c48, 0x8c48, 
  0x8c48, 0x8c48, 0x8c48, 0x8c48, 0x8c48, 0x8c48, 0x8c48, 0x8c48, 0x8c48, 0x8c48, 0x8c48, 0x8c48, 
  0x8c48, 0x8c48, 0x8c48, 0x8c48, 0x8c48, 0x8c48, 0x8c48, 0x8c48, 0x8c48, 0x8c48, 0x8c48, 0x8c48, 
  0x8c48, 0x8c48, 0x7c27, 0x7c27, 0x8c88, 0x8c88, 0x8c48, 0x8c48, 0x8c48, 0x8c48, 0x8c48, 0x8c48, 
  0x8c48, 0x8c48, 0x8c48, 0x8c48, 0x8c48, 0x8c48, 0x8c48, 0x8c48, 0x8c48, 0x8c48, 0x8c48, 0x8c48, 
  0x8c48, 0x8c48, 0x8c48, 0x8c48, 0x8c48, 0x8c48, 0x8c48, 0x8c48, 0x8c48, 0x8c48, 0x8c48, 0x8c48, 
  0x8c48, 0x8c48, 0x8c48, 0x8c48, 0x8c48, 0x8c48, 0x8c48, 0x8c48, 0x8c48, 0x8c48, 0x8c48, 0x8c48, 
  0x8c48, 0x8c48, 0x8c48, 0x8c48, 0x8c48, 0x8c48, 0x8c48, 0x8c48, 0x8c48, 0x8c48, 0x8c48, 0x8c48, 
  0x8c48, 0x8c48, 0x8c48, 0x8c48, 0x8c48, 0x8c48, 0x8c48, 0x8c48, 0x8c48, 0x8c48, 0x8c48, 0x8c48, 
  0x8c48, 0x8c48, 0x8c48, 0x8c48, 0x8c48, 0x8c48, 0x8c48, 0x8c48, 0x8c48, 0x8c48, 0x8c48, 0x8c48, 
  0x8c48, 0x8c48, 0x8c48, 0x8c48, 0x8c48, 0x8c48, 0x8c48, 0x8c48, 0x8c48, 0x8c48, 0x8c48, 0x8c48, 
  0x8c48, 0x8c48, 0x8c48, 0x8c48, 0x8c48, 0x8c48, 0x8c48, 0x8c48, 0x8c48, 0x8c48, 0x8c48, 0x8c48, 
  0x8c48, 0x8c48, 0x8c48, 0x8c48, 0x8c48, 0x8c48, 0x8c48, 0x8c48, 0x8c48, 0x8c48, 0x8c48, 0x8c48, 
  0x8c48, 0x8c48, 0x8c48, 0x8c48, 0x8c48, 0x8c48, 0x8c48, 0x8c48, 0x8c48, 0x8c48, 0x8c48, 0x8c48, 
  0x8c48, 0x8c48, 0x8c48, 0x8c48, 0x8c48, 0x8c48, 0x8c48, 0x8c48, 0x8c48, 0x8c48, 0x8c48, 0x8c48, 
  0x8c48, 0x8c48, 0x8c48, 0x8c48, 0x8c48, 0x8c48, 0x8c48, 0x8c48, 0x8c48, 0x8c48, 0x8c48, 0x8c48, 
  0x8c48, 0x8c48, 0x8c48, 0x8c48, 0x8c48, 0x8c48, 0x8c48, 0x8c48, 0x8c48, 0x8c48, 0x8c48, 0x8c48, 
  0x8c48, 0x8c48, 0x8c48, 0x8c48, 0x8c48, 0x8c48, 0x8c48, 0x8c48, 0x8c48, 0x8c48, 0x8c48, 0x8c48, 
  0x8c48, 0x8c48, 0x8c48, 0x8c48, 0x8c48, 0x8c48, 0x8c48, 0x8c48, 0x8c48, 0x8c48, 0x8c48, 0x8c48, 
  0x8c48, 0x8c48, 0x8c48, 0x8c48, 0x8c48, 0x8c48, 0x8c48, 0x8c48, 0x8c48, 0x8c48, 0x8c48, 0x8c48, 
  0x8c48, 0x8c48, 0x8c48, 0x8c48, 0x8c48, 0x8c48, 0x8c48, 0x8c48, 0x8c48, 0x8c48, 0x8c48, 0x8c48, 
  0x8c48, 0x8c48, 0x8c48, 0x8c48, 0x8c48, 0x8c48, 0x8c48, 0x8c48, 0x8c48, 0x8c48, 0x8c48, 0x8c48, 
  0x8c48, 0x8c48, 0x8c48, 0x8c48, 0x8c48, 0x8c48, 0x8c48, 0x8c48, 0x8c48, 0x8c48, 0x8c48, 0x8c48, 
  0x8c48, 0x8c48, 0x8c48, 0x8c48, 0x8c48, 0x8c48, 0x8c48, 0x8c48, 0x8c48, 0x8c48, 0x8c48, 0x8c48, 
  0x8c48, 0x8c48, 0x8c48, 0x8c48, 0x8c48, 0x8c48, 0x8c48, 0x8c48, 0x8c48, 0x8c48, 0x8c48, 0x8c48, 
  0x8c48, 0x8c48, 0x8c48, 0x8c48, 0x8c48, 0x8c48, 0x8c48, 0x8c48, 0x8c48, 0x8c48, 0x8c48, 0x8c48, 
  0x8c48, 0x8c48, 0x8c48, 0x8c48, 0x8c48, 0x8c48, 0x8c48, 0x8c48, 0x8c48, 0x8c48, 0x8c48, 0x8c48, 
  0x8c48, 0x8c48, 0x8c48, 0x8c48, 0x8c48, 0x8c48, 0x8c48, 0x8c48, 0x8c48, 0x8c48, 0x8c48, 0x8c48, 
  0x8c48, 0x8c48, 0x8c48, 0x8c48, 0x8c48, 0x8c48, 0x8c48, 0x8c48, 0x8c48, 0x8c48, 0x8c48, 0x8c48, 
  0x8c48, 0x8c48, 0x8c48, 0x8c48, 0x8c48, 0x8c48, 0x8c48, 0x8c48, 0x8c48, 0x8c48, 0x8c48, 0x8c48, 
  0x8c48, 0x8c48, 0x8c48, 0x8c48, 0x8c48, 0x8c48, 0x8c48, 0x8c48, 0x8c48, 0x8c48, 0x8c48, 0x8c48, 
  0x8c48, 0x8c48, 0x8c48, 0x8c48, 0x8c48, 0x8c48, 0x8c48, 0x8c48, 0x8c48, 0x8c48, 0x8c48, 0x8c48, 
  0x8c48, 0x8c48, 0x8c48, 0x8c48, 0x8c48, 0x8c48, 0x8c48, 0x8c48, 0x8c48, 0x8c48, 0x8c48, 0x8c48, 
  0x8c48, 0x8c48, 0x8c48, 0x8c48, 0x8c48, 0x8c48, 0x8c48, 0x8c48, 0x8c48, 0x8c48, 0x8c48, 0x8c48, 
  0x8c48, 0x8c48, 0x8c48, 0x8c48, 0x8c48, 0x8c48, 0x8c48, 0x8c48, 0x8c48, 0x8c48, 0x8c48, 0x8c48, 
  0x8c48, 0x8c48, 0x8c48, 0x8c48, 0x8c48, 0x8c48, 0x8c48, 0x8c48, 0x8c48, 0x8c48, 0x8c48, 0x8c48, 
  0x8c48, 0x8c48, 0x8c48, 0x8c48, 0x8c48, 0x8c48, 0x8c48, 0x8c48, 0x8c48, 0x8c48, 0x8c48, 0x8c48, 
  0x8c48, 0x8c48, 0x8c48, 0x8c48, 0x8c48, 0x8c48, 0x8c48, 0x8c48, 0x8c48, 0x8c48, 0x8c48, 0x8c48, 
  0x8c48, 0x8c48, 0x8c48, 0x8c48, 0x8c48, 0x8c48, 0x8c48, 0x8c48, 0x8c48, 0x8c48, 0x8c48, 0x8c48, 
  0x8c48, 0x8c48, 0x8c48, 0x8c48, 0x8c48, 0x8c48, 0x8c48, 0x8c48, 0x8c48, 0x8c48, 0x8c48, 0x8c48, 
  0x8c48, 0x8c48, 0x8c48, 0x8c48, 0x8c48, 0x8c48, 0x8c48, 0x8c48, 0x8c48, 0x8c48, 0x8c48, 0x8c48, 
  0x8c48, 0x8c48, 0x8c48, 0x8c48, 0x8c48, 0x8c48, 0x8c48, 0x8c48, 0x8c48, 0x8c48, 0x8c48, 0x8c48, 
  0x8c48, 0x8c48, 0x8c48, 0x8c48, 0x8c48, 0x8c48, 0x8c48, 0x8c48, 0x8c48, 0x8c48, 0x8c48, 0x8c48, 
  0x8c48, 0x8c48, 0x8c48, 0x8c48, 0x8c48, 0x8c48, 0x8c48, 0x8c48, 0x8c48, 0x8c48, 0x8c48, 0x8c48, 
  0x8c48, 0x8c48, 0x8c48, 0x8c48, 0x8c48, 0x8c48, 0x8c48, 0x8c48, 0x8c48, 0x8c48, 0x8c48, 0x8c48, 
  0x8c48, 0x8c48, 0x8c48, 0x8c48, 0x8c48, 0x8c48, 0x8c48, 0x8c48, 0x8c48, 0x8c48, 0x8c48, 0x8c48, 
  0x8c48, 0x8c48, 0x8c48, 0x8c48, 0x8c48, 0x8c48, 0x8c48, 0x8c48, 0x8c48, 0x8c48, 0x8c48, 0x8c48, 
  0x8c48, 0x8c48, 0x8c48, 0x8c48, 0x8c48, 0x8c48, 0x8c48, 0x8c48, 0x8c48, 0x8c48, 0x8c48, 0x8c48, 
  0x8c48, 0x8c48, 0x8c48, 0x8c48, 0x8c48, 0x8c48, 0x8c48, 0x8c48, 0x8c48, 0x8c48, 0x8c48, 0x8c48, 
  0x8c48, 0x8c48, 0x8c48, 0x8c48, 0x8c48, 0x8c48, 0x8c48, 0x8c48, 0x8c48, 0x8c48, 0x8c48, 0x8c48, 
  0x8c48, 0x8c48, 0x8c48, 0x8c48, 0x8c48, 0x8c48, 0x8c48, 0x8c48, 0x8c48, 0x8c48, 0x8c48, 0x8c48, 
  0x8c48, 0x8c48, 0x8c48, 0x8c48, 0x8c48, 0x8c48, 0x8c48, 0x8c48, 0x8c48, 0x8c48, 0x8c48, 0x8c48, 
  0x8c48, 0x8c48, 0x8c48, 0x8c48, 0x8c48, 0x8c48, 0x8c48, 0x8c48, 0x8c48, 0x8c48, 0x8c48, 0x8c48, 
  0x8c48, 0x8c48, 0x8c48, 0x8c48, 0x8c48, 0x8c48, 0x8c48, 0x8c48, 0x8c48, 0x8c48, 0x8c48, 0x8c48, 
  0x8c48, 0x8c48, 0x8c48, 0x8c48, 0x8c48, 0x8c48, 0x8c48, 0x8c48, 0x8c48, 0x8c48, 0x8c48, 0x8c48, 
  0x8c48, 0x8c48, 0x8c48, 0x8c48, 0x8c48, 0x8c48, 0x8c48, 0x8c48, 0x8c48, 0x8c48, 0x8c48, 0x8c48, 
  0x8c48, 0x8c48, 0x8c48, 0x8c48, 0x8c48, 0x8c48, 0x8c48, 0x8c48, 0x8c48, 0x8c48, 0x8c48, 0x8c48, 
  0x8c48, 0x8c48, 0x8c48, 0x8c48, 0x8c48, 0x8c48, 0x8c48, 0x8c48, 0x8c48, 0x8c48, 0x8c48, 0x8c48, 
  0x8c48, 0x8c48, 0x8c48, 0x8c48, 0x8c48, 0x8c48, 0x8c48, 0x8c48, 0x8c48, 0x8c48, 0x8c48, 0x8c48, 
  0x8c48, 0x8c48, 0x8c48, 0x8c48, 0x8c48, 0x8c48, 0x8c48, 0x8c48, 0x8c48, 0x8c48, 0x8c48, 0x8c48, 
  0x8c48, 0x8c48, 0x8c48, 0x8c48, 0x8c48, 0x8c48, 0x8c48, 0x8c48, 0x8c48, 0x8c48, 0x8c48, 0x8c48, 
  0x8c48, 0x8c48, 0x8c48, 0x8c48, 0x8c48, 0x8c48, 0x8c48, 0x8c48, 0x8c48, 0x8c48, 0x8c48, 0x8c48, 
  0x8c48, 0x8c48, 0x8c48, 0x8c48, 0x8c48, 0x8c48, 0x8c48, 0x8c48, 0x8c48, 0x8c48, 0x8c48, 0x8c48, 
  0x8c48, 0x8c48, 0x8c48, 0x8c48, 0x8c48, 0x8c48, 0x8c48, 0x8c48, 0x8c48, 0x8c48, 0x8c48, 0x8c48, 
  0x8c48, 0x8c48, 0x8c48, 0x8c48, 0x8c48, 0x8c48, 0x8c48, 0x8c48, 0x8c48, 0x8c48, 0x8c48, 0x8c48, 
  0x8c48, 0x8c48, 0x8c48, 0x8c48, 0x8c48, 0x8c48, 0x8c48, 0x8c48, 0x8c48, 0x8c48, 0x8c48, 0x8c48, 
  0x8c48, 0x8c48, 0x8c48, 0x8c48, 0x8c48, 0x8c48, 0x8c48, 0x8c48, 0x8c48, 0x8c48, 0x8c48, 0x8c48, 
  0x8c48, 0x8c48, 0x8c48, 0x8c48, 0x8c48, 0x8c48, 0x8c48, 0x8c48, 0x8c48, 0x8c48, 0x8c48, 0x8c48, 
  0x8c48, 0x8c48, 0x8c48, 0x8c48, 0x8c48, 0x8c48, 0x8c48, 0x8c48, 0x8c48, 0x8c48, 0x8c48, 0x8c48, 
  0x8c48, 0x8c48, 0x8c48, 0x8c48, 0x8c48, 0x8c48, 0x8c48, 0x8c48, 0x8c48, 0x8c48, 0x8c48, 0x8c48, 
  0x8c48, 0x8c48, 0x8c48, 0x8c48, 0x8c48, 0x8c48, 0x8c48, 0x8c48, 0x8c48, 0x8c48, 0x8c48, 0x8c48, 
  0x8c48, 0x8c48, 0x8c48, 0x8c48, 0x8c48, 0x8c48, 0x8c48, 0x8c48, 0x8c48, 0x8c48, 0x8c48, 0x8c48, 
  0x8c48, 0x8c48, 0x8c48, 0x8c48, 0x8c48, 0x8c48, 0x8c48, 0x8c48, 0x8c48, 0x8c48, 0x8c48, 0x8c48, 
  0x8c48, 0x8c48, 0x8c48, 0x8c48, 0x8c48, 0x8c48, 0x8c48, 0x8c48, 0x8c48, 0x8c48, 0x8c48, 0x8c48, 
  0x8c48, 0x8c48, 0x8c48, 0x8c48, 0x8c48, 0x8c48, 0x8c48, 0x8c48, 0x8c48, 0x8c48, 0x8c48, 0x8c48, 
  0x8c48, 0x8c48, 0x8c48, 0x8c48, 0x8c48, 0x8c48, 0x8c48, 0x8c48, 0x8c48, 0x8c48, 0x8c48, 0x8c48, 
  0x8c48, 0x8c48, 0x8c48, 0x8c48, 0x8c48, 0x8c48, 0x8c48, 0x8c48, 0x8c48, 0x8c48, 0x8c48, 0x8c48, 
  0x8c48, 0x8c48, 0x8c48, 0x8c48, 0x8c48, 0x8c48, 0x8c48, 0x8c48, 0x8c48, 0x8c48, 0x8c48, 0x8c48, 
  0x8c48, 0x8c48, 0x8c48, 0x8c48, 0x8c48, 0x8c48, 0x8c48, 0x8c48, 0x8c48, 0x8c48, 0x8c48, 0x8c48, 
  0x8c48, 0x8c48, 0x8c48, 0x8c48, 0x8c48, 0x8c48, 0x8c48, 0x8c48, 0x8c48, 0x8c48, 0x8c48, 0x8c48, 
  0x8c48, 0x8c48, 0x8c48, 0x8c48, 0x8c48, 0x8c48, 0x8c48, 0x8c48, 0x8c48, 0x8c48, 0x8c48, 0x8c48, 
  0x8c48, 0x8c48, 0x8c48, 0x8c48, 0x8c48, 0x8c48, 0x8c48, 0x8c48, 0x8c48, 0x8c48, 0x8c48, 0x8c48, 
  0x8c48, 0x8c48, 0x8c48, 0x8c48, 0x8c48, 0x8c48, 0x8c48, 0x8c48, 0x8c48, 0x8c48, 0x8c48, 0x8c48, 
  0x8c48, 0x8c48, 0x8c48, 0x8c48, 0x8c48, 0x8c48, 0x8c48, 0x8c48, 0x8c48, 0x8c48, 0x8c48, 0x8c48, 
  0x8c48, 0x8c48, 0x8c48, 0x8c48, 0x8c48, 0x8c48, 0x8c48, 0x8c48, 0x8c48, 0x8c48, 0x8c48, 0x8c48, 
  0x8c48, 0x8c48, 0x8c48, 0x8c48, 0x8c48, 0x8c48, 0x8c48, 0x8c48, 0x8c48, 0x8c48, 0x8c48, 0x8c48, 
  0x8c48, 0x8c48, 0x8c48, 0x8c48, 0x8c48, 0x8c48, 0x8c48, 0x8c48, 0x8c48, 0x8c48, 0x8c48, 0x8c48, 
  0x8c48, 0x8c48, 0x8c48, 0x8c48, 0x8c48, 0x8c48, 0x8c48, 0x8c48, 0x8c48, 0x8c48, 0x8c48, 0x8c48, 
  0x8c48, 0x8c48, 0x8c48, 0x8c48, 0x8c48, 0x8c48, 0x8c48, 0x8c48, 0x8c48, 0x8c48, 0x8c48, 0x8c48, 
  0x8c48, 0x8c48, 0x8c48, 0x8c48, 0x8c48, 0x8c48, 0x8c48, 0x8c48, 0x8c48, 0x8c48, 0x8c48, 0x8c48, 
  0x8c48, 0x8c48, 0x8c48, 0x8c48, 0x8c48, 0x8c48, 0x8c48, 0x8c48, 0x8c48, 0x8c48, 0x8c48, 0x8c48, 
  0x8c48, 0x8c48, 0x8c48, 0x8c48, 0x8c48, 0x8c48, 0x8c48, 0x8c48, 0x8c48, 0x8c48, 0x8c48, 0x8c48, 
  0x8c48, 0x8c48, 0x8c48, 0x8c48, 0x8c48, 0x8c48, 0x8c48, 0x8c48, 0x8c48, 0x8c48, 0x8c48, 0x8c48, 
  0x8c48, 0x8c48, 0x8c48, 0x8c48, 0x8c48, 0x8c48, 0x8c48, 0x8c48, 0x8c48, 0x8c48, 0x8c48, 0x8c48, 
  0x8c48, 0x8c48, 0x8c48, 0x8c48, 0x8c48, 0x8c48, 0x8c48, 0x8c48, 0x8c48, 0x8c48, 0x8c48, 0x8c48, 
  0x8c48, 0x8c48, 0x8c48, 0x8c48, 0x8c48, 0x8c48, 0x8c48, 0x8c48, 0x8c48, 0x8c48, 0x8c48, 0x8c48, 
  0x8c48, 0x8c48, 0x8c48, 0x8c48, 0x8c48, 0x8c48, 0x8c48, 0x8c48, 0x8c48, 0x8c48, 0x8c48, 0x8c48, 
  0x8c48, 0x8c48, 0x8c48, 0x8c48, 0x8c48, 0x8c48, 0x8c48, 0x8c48, 0x8c48, 0x8c48, 0x8c48, 0x8c48, 
  0x8c48, 0x8c48, 0x8c48, 0x8c48, 0x8c48, 0x8c48, 0x8c48, 0x8c48, 0x8c48, 0x8c48, 0x8c48, 0x8c48, 
  0x8c48, 0x8c48, 0x8c48, 0x8c48, 0x8c48, 0x8c48, 0x8c48, 0x8c48, 0x8c48, 0x8c48, 0x8c48, 0x8c48, 
  0x8c48, 0x8c48, 0x8c48, 0x8c48, 0x8c48, 0x8c48, 0x8c48, 0x8c48, 0x8c48, 0x8c48, 0x8c48, 0x8c48, 
  0x8c48, 0x8c48, 0x8c48, 0x8c48, 0x8c48, 0x8c48, 0x8c48, 0x8c48, 0x8c48, 0x8c48, 0x8c48, 0x8c48, 
  0x8c48, 0x8c48, 0x8c48, 0x8c48, 0x8c48, 0x8c48, 0x8c48, 0x8c48, 0x8c48, 0x8c48, 0x8c48, 0x8c48, 
  0x8c48, 0x8c48, 0x8c48, 0x8c48, 0x8c48, 0x8c48, 0x8c48, 0x8c48, 0x8c48, 0x8c48, 0x8c48, 0x8c48, 
  0x8c48, 0x8c48, 0x8c48, 0x8c48, 0x8c48, 0x8c48, 0x8c48, 0x8c48, 0x8c48, 0x8c48, 0x8c48, 0x8c48, 
  0x8c48, 0x8c48, 0x8c48, 0x8c48, 0x8c48, 0x8c48, 0x8c48, 0x8c48, 0x8c48, 0x8c48, 0x8c48, 0x8c48, 
  0x8c48, 0x8c48, 0x8c48, 0x8c48, 0x8c48, 0x8c48, 0x8c48, 0x8c48, 0x8c48, 0x8c48, 0x8c48, 0x8c48, 
  0x8c48, 0x8c48, 0x8c48, 0x8c48, 0x8c48, 0x8c48, 0x8c48, 0x8c48, 0x8c48, 0x8c48, 0x8c48, 0x8c48, 
  0x8c48, 0x8c48, 0x8c48, 0x8c48, 0x8c48, 0x8c48, 0x8c48, 0x8c48, 0x8c48, 0x8c48, 0x8c48, 0x8c48, 
  0x8c48, 0x8c48, 0x8c48, 0x8c48, 0x8c48, 0x8c48, 0x8c48, 0x8c48, 0x8c48, 0x8c48, 0x8c48, 0x8c48, 
  0x8c48, 0x8c48, 0x8c48, 0x8c48, 0x8c48, 0x8c48, 0x8c48, 0x8c48, 0x8c48, 0x8c48, 0x8c48, 0x8c48, 
  0x8c48, 0x8c48, 0x8c48, 0x8c48, 0x8c48, 0x8c48, 0x8c48, 0x8c48, 0x8c48, 0x8c48, 0x8c48, 0x8c48, 
  0x8c48, 0x8c48, 0x8c48, 0x8c48, 0x8c48, 0x8c48, 0x8c48, 0x8c48, 0x8c48, 0x8c48, 0x8c48, 0x8c48, 
  0x8c48, 0x8c48, 0x8c48, 0x8c48, 0x8c48, 0x8c48, 0x8c48, 0x8c48, 0x8c48, 0x8c48, 0x8c48, 0x8c48, 
  0x8c48, 0x8c48, 0x8c48, 0x8c48, 0x8c48, 0x8c48, 0x8c48, 0x8c48, 0x8c48, 0x8c48, 0x8c48, 0x8c48, 
  0x8c48, 0x8c48, 0x8c48, 0x8c48, 0x8c48, 0x8c48, 0x8c48, 0x8c48, 0x8c48, 0x8c48, 0x8c48, 0x8c48, 
  0x8c48, 0x8c48, 0x8c48, 0x8c48, 0x8c48, 0x8c48, 0x8c48, 0x8c48, 0x8c48, 0x8c48, 0x8c48, 0x8c48, 
  0x8c48, 0x8c48, 0x8c48, 0x8c48, 0x8c48, 0x8c48, 0x8c48, 0x8c48, 0x8c48, 0x8c48, 0x8c48, 0x8c48, 
  0x8c48, 0x8c48, 0x8c48, 0x8c48, 0x8c48, 0x8c48, 0x8c48, 0x8c48, 0x8c48, 0x8c48, 0x8c48, 0x8c48, 
  0x8c48, 0x8c48, 0x8c48, 0x8c48, 0x8c48, 0x8c48, 0x8c48, 0x8c48, 0x8c48, 0x8c48, 0x8c48, 0x8c48, 
  0x8c48, 0x8c48, 0x8c48, 0x8c48, 0x8c48, 0x8c48, 0x8c48, 0x8c48, 0x8c48, 0x8c48, 0x8c48, 0x8c48, 
  0x8c48, 0x8c48, 0x8c48, 0x8c48, 0x8c48, 0x8c48, 0x8c48, 0x8c48, 0x8c48, 0x8c48, 0x8c48, 0x8c48, 
  0x8c48, 0x8c48, 0x8c48, 0x8c48, 0x8c48, 0x8c48, 0x8c48, 0x8c48, 0x8c48, 0x8c48, 0x8c48, 0x8c48, 
  0x8c48, 0x8c48, 0x8c48, 0x8c48, 0x8c48, 0x8c48, 0x8c48, 0x8c48, 0x8c48, 0x8c48, 0x8c48, 0x8c48, 
  0x8c48, 0x8c48, 0x8c48, 0x8c48, 0x8c48, 0x8c48, 0x8c48, 0x8c48, 0x8c48, 0x8c48, 0x8c48, 0x8c48, 
  0x8c48, 0x8c48, 0x8c48, 0x8c48, 0x8c48, 0x8c48, 0x8c48, 0x8c48, 0x8c48, 0x8c48, 0x8c48, 0x8c48, 
  0x8c48, 0x8c48, 0x8c48, 0x8c48, 0x8c48, 0x8c48, 0x8c48, 0x8c48, 0x8c48, 0x8c48, 0x8c48, 0x8c48, 
  0x8c48, 0x8c48, 0x8c48, 0x8c48, 0x8c48, 0x8c48, 0x8c48, 0x8c48, 0x8c48, 0x8c48, 0x8c48, 0x8c48, 
  0x8c48, 0x8c48, 0x8c48, 0x8c48, 0x8c48, 0x8c48, 0x8c48, 0x8c48, 0x8c48, 0x8c48, 0x8c48, 0x8c48, 
  0x8c48, 0x8c48, 0x8c48, 0x8c48, 0x8c48, 0x8c48, 0x8c48, 0x8c48, 0x8c48, 0x8c48, 0x8c48, 0x8c48, 
  0x8c48, 0x8c48, 0x8c48, 0x8c48, 0x8c48, 0x8c48, 0x8c48, 0x8c48, 0x8c48, 0x8c48, 0x8c48, 0x8c48, 
  0x8c48, 0x8c48, 0x8c48, 0x8c48, 0x8c48, 0x8c48, 0x8c48, 0x8c48, 0x8c48, 0x8c48, 0x8c48, 0x8c48, 
  0x8c48, 0x8c48, 0x8c48, 0x8c48, 0x8c48, 0x8c48, 0x8c48, 0x8c48, 0x8c48, 0x8c48, 0x8c48, 0x8c48, 
  0x8c48, 0x8c48, 0x8c48, 0x8c48, 0x8c48, 0x8c48, 0x8c48, 0x8c48, 0x8c48, 0x8c48, 0x8c48, 0x8c48, 
  0x8c48, 0x8c48, 0x8c48, 0x8c48, 0x8c48, 0x8c48, 0x8c48, 0x8c48, 0x8c48, 0x8c48, 0x8c48, 0x8c48, 
  0x8c48, 0x8c48, 0x8c48, 0x8c48, 0x8c48, 0x8c48, 0x8c48, 0x8c48, 0x8c48, 0x8c48, 0x8c48, 0x8c48, 
  0x8c48, 0x8c48, 0x8c48, 0x8c48, 0x8c48, 0x8c48, 0x8c48, 0x8c48, 0x8c48, 0x8c48, 0x8c48, 0x8c48, 
  0x8c48, 0x8c48, 0x8c48, 0x8c48, 0x8c48, 0x8c48, 0x8c48, 0x8c48, 0x8c48, 0x8c48, 0x8c48, 0x8c48, 
  0x8c48, 0x8c48, 0x8c48, 0x8c48, 0x8c48, 0x8c48, 0x8c48, 0x8c48, 0x8c48, 0x8c48, 0x8c48, 0x8c48, 
  0x8c48, 0x8c48, 0x8c48, 0x8c48, 0x8c48, 0x8c48, 0x8c48, 0x8c48, 0x8c48, 0x8c48, 0x8c48, 0x8c48, 
  0x8c48, 0x8c48, 0x8c48, 0x8c48, 0x8c48, 0x8c48, 0x8c48, 0x8c48, 0x8c48, 0x8c48, 0x8c48, 0x8c48, 
  0x8c48, 0x8c48, 0x8c48, 0x8c48, 0x8c48, 0x8c48, 0x8c48, 0x8c48, 0x8c48, 0x8c48, 0x8c48, 0x8c48, 
  0x8c48, 0x8c48, 0x8c48, 0x8c48, 0x8c48, 0x8c48, 0x8c48, 0x8c48, 0x8c48, 0x8c48, 0x8c48, 0x8c48, 
  0x8c48, 0x8c48, 0x8c48, 0x8c48, 0x8c48, 0x8c48, 0x8c48, 0x8c48, 0x8c48, 0x8c48, 0x8c48, 0x8c48, 
  0x8c48, 0x8c48, 0x8c48, 0x8c48, 0x8c48, 0x8c48, 0x8c48, 0x8c48, 0x8c48, 0x8c48, 0x8c48, 0x8c48, 
  0x8c48, 0x8c48, 0x8c48, 0x8c48, 0x8c48, 0x8c48, 0x8c48, 0x8c48, 0x8c48, 0x8c48, 0x8c48, 0x8c48, 
  0x8c48, 0x8c48, 0x8c48, 0x8c48, 0x8c48, 0x8c48, 0x8c48, 0x8c48, 0x8c48, 0x8c48, 0x8c48, 0x8c48, 
  0x8c48, 0x8c48, 0x8c48, 0x8c48, 0x8c48, 0x8c48, 0x8c48, 0x8c48, 0x8c48, 0x8c48, 0x8c48, 0x8c48, 
  0x8c48, 0x8c48, 0x8c48, 0x8c48, 0x8c48, 0x8c48, 0x8c48, 0x8c48, 0x8c48, 0x8c48, 0x8c48, 0x8c48, 
  0x8c48, 0x8c48, 0x8c48, 0x8c48, 0x8c48, 0x8c48, 0x8c48, 0x8c48, 0x8c48, 0x8c48, 0x8c48, 0x8c48, 
  0x8c48, 0x8c48, 0x8c48, 0x8c48, 0x8c48, 0x8c48, 0x8c48, 0x8c48, 0x8c48, 0x8c48, 0x8c48, 0x8c48, 
  0x8c48, 0x8c48, 0x8c48, 0x8c48, 0x8c48, 0x8c48, 0x8c48, 0x8c48, 0x8c48, 0x8c48, 0x8c48, 0x8c48, 
  0x8c48, 0x8c48, 0x8c48, 0x8c48, 0x8c48, 0x8c48, 0x8c48, 0x8c48, 0x8c48, 0x8c48, 0x8c48, 0x8c48, 
  0x8c48, 0x8c48, 0x8c48, 0x8c48, 0x8c48, 0x8c48, 0x8c48, 0x8c48, 0x8c48, 0x8c48, 0x8c48, 0x8c48, 
  0x8c48, 0x8c48, 0x8c48, 0x8c48, 0x8c48, 0x8c48, 0x8c48, 0x8c48, 0x8c48, 0x8c48, 0x8c48, 0x8c48, 
  0x8c48, 0x8c48, 0x8c48, 0x8c48, 0x8c48, 0x8c48, 0x8c48, 0x8c48, 0x8c48, 0x8c48, 0x8c48, 0x8c48, 
  0x8c48, 0x8c48, 0x8c48, 0x8c48, 0x8c48, 0x8c48, 0x8c48, 0x8c48, 0x8c48, 0x8c48, 0x8c48, 0x8c48, 
  0x8c48, 0x8c48, 0x8c48, 0x8c48, 0x8c48, 0x8c48, 0x8c48, 0x8c48, 0x8c48, 0x8c48, 0x8c48, 0x8c48, 
  0x8c48, 0x8c48, 0x8c48, 0x8c48, 0x8c48, 0x8c48, 0x8c48, 0x8c48, 0x8c48, 0x8c48, 0x8c48, 0x8c48, 
  0x8c48, 0x8c48, 0x8c48, 0x8c48, 0x8c48, 0x8c48, 0x8c48, 0x8c48, 0x8c48, 0x8c48, 0x8c48, 0x8c48, 
  0x8c48, 0x8c48, 0x8c48, 0x8c48, 0x8c48, 0x8c48, 0x8c48, 0x8c48, 0x8c48, 0x8c48, 0x8c48, 0x8c48, 
  0x8c48, 0x8c48, 0x8c48, 0x8c48, 0x8c48, 0x8c48, 0x8c48, 0x8c48, 0x8c48, 0x8c48, 0x8c48, 0x8c48, 
  0x8c48, 0x8c48, 0x8c48, 0x8c48, 0x8c48, 0x8c48, 0x8c48, 0x8c48, 0x8c48, 0x8c48, 0x8c48, 0x8c48, 
  0x8c48, 0x8c48, 0x8c48, 0x8c48, 0x8c48, 0x8c48, 0x8c48, 0x8c48, 0x8c48, 0x8c48, 0x8c48, 0x8c48, 
  0x8c48, 0x8c48, 0x8c48, 0x8c48, 0x8c48, 0x8c48, 0x8c48, 0x8c48, 0x8c48, 0x8c48, 0x8c48, 0x8c48, 
  0x8c48, 0x8c48, 0x8c48, 0x8c48, 0x8c48, 0x8c48, 0x8c48, 0x8c48, 0x8c48, 0x8c48, 0x8c48, 0x8c48, 
  0x8c48, 0x8c48, 0x8c48, 0x8c48, 0x8c48, 0x8c48, 0x8c48, 0x8c48, 0x8c48, 0x8c48, 0x8c48, 0x8c48, 
  0x8c48, 0x8c48, 0x8c48, 0x8c48, 0x8c48, 0x8c48, 0x8c48, 0x8c48, 0x8c48, 0x8c48, 0x8c48, 0x8c48, 
  0x8c48, 0x8c48, 0x8c48, 0x8c48, 0x8c48, 0x8c48, 0x8c48, 0x8c48, 0x8c48, 0x8c48, 0x8c48, 0x8c48, 
  0x8c48, 0x8c48, 0x8c48, 0x8c48, 0x8c48, 0x8c48, 0x8c48, 0x8c48, 0x8c88, 0x8c88, 0x94a9, 0x94a9, 
  0x94a9, 0x94a9, 0x8c48, 0x8c48, 0x8c48, 0x8c48, 0x8c48, 0x8c48, 0x8c48, 0x8c48, 0x8c48, 0x8c48, 
  0x8c48, 0x8c48, 0x8c48, 0x8c48, 0x8c48, 0x8c48, 0x8c48, 0x8c48, 0x8c48, 0x8c48, 0x8c48, 0x8c48, 
  0x8c48, 0x8c48, 0x8c48, 0x8c48, 0x8c48, 0x8c48, 0x8c48, 0x8c48, 0x8c48, 0x8c48, 0x8c48, 0x8c48, 
  0x8c48, 0x8c48, 0x8c48, 0x8c48, 0x8c48, 0x8c48, 0x8c48, 0x8c48, 0x8c48, 0x8c48, 0x8c48, 0x8c48, 
  0x8c48, 0x8c48, 0x8c48, 0x8c48, 0x8c48, 0x8c48, 0x8c48, 0x8c48, 0x8c48, 0x8c48, 0x8c48, 0x8c48, 
  0x8c48, 0x8c48, 0x8c48, 0x8c48, 0x8c48, 0x8c48, 0x8c48, 0x8c48, 0x8c48, 0x8c48, 0x8c48, 0x8c48, 
  0x8c48, 0x8c48, 0x8c48, 0x8c48, 0x8c48, 0x8c48, 0x8c48, 0x8c48, 0x8c48, 0x8c48, 0x8c48, 0x8c48, 
  0x8c48, 0x8c48, 0x8c48, 0x8c48, 0x8c48, 0x8c48, 0x8c48, 0x8c48, 0x8c48, 0x8c48, 0x8c48, 0x8c48, 
  0x8c48, 0x8c48, 0x8c48, 0x8c48, 0x8c48, 0x8c48, 0x8c48, 0x8c48, 0x8c48, 0x8c48, 0x8c48, 0x8c48, 
  0x8c48, 0x8c48, 0x8c48, 0x8c48, 0x8c48, 0x8c48, 0x8c48, 0x8c48, 0x8c48, 0x8c48, 0x8c48, 0x8c48, 
  0x8c48, 0x8c48, 0x8c48, 0x8c48, 0x8c48, 0x8c48, 0x8c48, 0x8c48, 0x8c48, 0x8c48, 0x8c48, 0x8c48, 
  0x8c48, 0x8c48, 0x8c48, 0x8c48, 0x8c48, 0x8c48, 0x8c48, 0x8c48, 0x8c48, 0x8c48, 0x8c48, 0x8c48, 
  0x8c48, 0x8c48, 0x8c48, 0x8c48, 0x8c48, 0x8c48, 0x8c48, 0x8c48, 0x8c48, 0x8c48, 0x8c48, 0x8c48, 
  0x8c48, 0x8c48, 0x8c48, 0x8c48, 0x8c48, 0x8c48, 0x8c48, 0x8c48, 0x8c48, 0x8c48, 0x8c48, 0x8c48, 
  0x8c48, 0x8c48, 0x8c48, 0x8c48, 0x8c48, 0x8c48, 0x8c48, 0x8c48, 0x8c48, 0x8c48, 0x8c48, 0x8c48, 
  0x8c48, 0x8c48, 0x8c48, 0x8c48, 0x8c48, 0x8c48, 0x8c48, 0x8c48, 0x8c48, 0x8c48, 0x8c48, 0x8c48, 
  0x8c48, 0x8c48, 0x8c48, 0x8c48, 0x8c48, 0x8c48, 0x8c48, 0x8c48, 0x8c48, 0x8c48, 0x8c48, 0x8c48, 
  0x8c48, 0x8c48, 0x8c48, 0x8c48, 0x8c48, 0x8c48, 0x8c48, 0x8c48, 0x8c48, 0x8c48, 0x8c48, 0x8c48, 
  0x8c48, 0x8c48, 0x8c48, 0x8c48, 0x8c48, 0x8c48, 0x8c48, 0x8c48, 0x8c48, 0x8c48, 0x8c48, 0x8c48, 
  0x8c48, 0x8c48, 0x8c48, 0x8c48, 0x8c48, 0x8c48, 0x8c48, 0x8c48, 0x8c48, 0x8c48, 0x8c48, 0x8c48, 
  0x8c48, 0x8c48, 0x8c48, 0x8c48, 0x8c48, 0x8c48, 0x8c48, 0x8c48, 0x8c48, 0x8c48, 0x8c48, 0x8c48, 
  0x8c48, 0x8c48, 0x8c48, 0x8c48, 0x8c48, 0x8c48, 0x8c48, 0x8c48, 0x8c48, 0x8c48, 0x8c48, 0x8c48, 
  0x8c48, 0x8c48, 0x8c48, 0x8c48, 0x8c48, 0x8c48, 0x8c48, 0x8c48, 0x8c48, 0x8c48, 0x8c48, 0x8c48, 
  0x8c88, 0x8c88, 0x94a9, 0x94a9, 0x94a9, 0x94a9, 0x8c48, 0x8c48, 0x8c48, 0x8c48, 0x8c48, 0x8c48, 
  0x8c48, 0x8c48, 0x8c48, 0x8c48, 0x8c48, 0x8c48, 0x8c48, 0x8c48, 0x8c48, 0x8c48, 0x8c48, 0x8c48, 
  0x8c48, 0x8c48, 0x8c48, 0x8c48, 0x8c48, 0x8c48, 0x8c48, 0x8c48, 0x8c48, 0x8c48, 0x8c48, 0x8c48, 
  0x8c48, 0x8c48, 0x8c48, 0x8c48, 0x8c48, 0x8c48, 0x8c48, 0x8c48, 0x8c48, 0x8c48, 0x8c48, 0x8c48, 
  0x8c48, 0x8c48, 0x8c48, 0x8c48, 0x8c48, 0x8c48, 0x8c48, 0x8c48, 0x8c48, 0x8c48, 0x8c48, 0x8c48, 
  0x8c48, 0x8c48, 0x8c48, 0x8c48, 0x8c48, 0x8c48, 0x8c48, 0x8c48, 0x8c48, 0x8c48, 0x8c48, 0x8c48, 
  0x8c48, 0x8c48, 0x8c48, 0x8c48, 0x8c48, 0x8c48, 0x8c48, 0x8c48, 0x8c48, 0x8c48, 0x8c48, 0x8c48, 
  0x8c48, 0x8c48, 0x8c48, 0x8c48, 0x8c48, 0x8c48, 0x8c48, 0x8c48, 0x8c48, 0x8c48, 0x8c48, 0x8c48, 
  0x8c48, 0x8c48, 0x8c48, 0x8c48, 0x8c48, 0x8c48, 0x8c48, 0x8c48, 0x8c48, 0x8c48, 0x8c48, 0x8c48, 
  0x8c48, 0x8c48, 0x8c48, 0x8c48, 0x8c48, 0x8c48, 0x8c48, 0x8c48, 0x8c48, 0x8c48, 0x8c48, 0x8c48, 
  0x8c48, 0x8c48, 0x8c48, 0x8c48, 0x8c48, 0x8c48, 0x8c48, 0x8c48, 0x8c48, 0x8c48, 0x8c48, 0x8c48, 
  0x8c48, 0x8c48, 0x8c48, 0x8c48, 0x8c48, 0x8c48, 0x8c48, 0x8c48, 0x8c48, 0x8c48, 0x8c48, 0x8c48, 
  0x8c48, 0x8c48, 0x8c48, 0x8c48, 0x8c48, 0x8c48, 0x8c48, 0x8c48, 0x8c48, 0x8c48, 0x8c48, 0x8c48, 
  0x8c48, 0x8c48, 0x8c48, 0x8c48, 0x8c48, 0x8c48, 0x8c48, 0x8c48, 0x8c48, 0x8c48, 0x8c48, 0x8c48, 
  0x8c48, 0x8c48, 0x8c48, 0x8c48, 0x8c48, 0x8c48, 0x8c48, 0x8c48, 0x8c48, 0x8c48, 0x8c48, 0x8c48, 
  0x8c48, 0x8c48, 0x8c48, 0x8c48, 0x8c48, 0x8c48, 0x8c48, 0x8c48, 0x8c48, 0x8c48, 0x8c48, 0x8c48, 
  0x8c48, 0x8c48, 0x8c48, 0x8c48, 0x8c48, 0x8c48, 0x8c48, 0x8c48, 0x8c48, 0x8c48, 0x8c48, 0x8c48, 
  0x8c48, 0x8c48, 0x8c48, 0x8c48, 0x8c48, 0x8c48, 0x8c48, 0x8c48, 0x8c48, 0x8c48, 0x8c48, 0x8c48, 
  0x8c48, 0x8c48, 0x8c48, 0x8c48, 0x8c48, 0x8c48, 0x8c48, 0x8c48, 0x8c48, 0x8c48, 0x8c48, 0x8c48, 
  0x8c48, 0x8c48, 0x8c48, 0x8c48, 0x8c48, 0x8c48, 0x8c48, 0x8c48, 0x8c48, 0x8c48, 0x8c48, 0x8c48, 
  0x8c48, 0x8c48, 0x8c48, 0x8c48, 0x8c48, 0x8c48, 0x8c48, 0x8c48, 0x8c48, 0x8c48, 0x8c48, 0x8c48, 
  0x8c48, 0x8c48, 0x8c48, 0x8c48, 0x8c48, 0x8c48, 0x8c48, 0x8c48, 0x8c48, 0x8c48, 0x8c48, 0x8c48, 
  0x8c48, 0x8c48, 0x8c48, 0x8c48, 0x8c48, 0x8c48, 0x8c48, 0x8c48, 0x8c48, 0x8c48, 0x8c48, 0x8c48, 
  0x8c48, 0x8c48, 0x8c88, 0x8c88, 0x8c88, 0x8c88, 0x94a9, 0x94a9, 0x8c48, 0x8c48, 0x8c48, 0x8c48, 
  0x8c48, 0x8c48, 0x8c48, 0x8c48, 0x8c48, 0x8c48, 0x8c48, 0x8c48, 0x8c48, 0x8c48, 0x8c48, 0x8c48, 
  0x8c48, 0x8c48, 0x8c48, 0x8c48, 0x8c48, 0x8c48, 0x8c48, 0x8c48, 0x8c48, 0x8c48, 0x8c48, 0x8c48, 
  0x8c48, 0x8c48, 0x8c48, 0x8c48, 0x8c48, 0x8c48, 0x8c48, 0x8c48, 0x8c48, 0x8c48, 0x8c48, 0x8c48, 
  0x8c48, 0x8c48, 0x8c48, 0x8c48, 0x8c48, 0x8c48, 0x8c48, 0x8c48, 0x8c48, 0x8c48, 0x8c48, 0x8c48, 
  0x8c48, 0x8c48, 0x8c48, 0x8c48, 0x8c48, 0x8c48, 0x8c48, 0x8c48, 0x8c48, 0x8c48, 0x8c48, 0x8c48, 
  0x8c48, 0x8c48, 0x8c48, 0x8c48, 0x8c48, 0x8c48, 0x8c48, 0x8c48, 0x8c48, 0x8c48, 0x8c48, 0x8c48, 
  0x8c48, 0x8c48, 0x8c48, 0x8c48, 0x8c48, 0x8c48, 0x8c48, 0x8c48, 0x8c48, 0x8c48, 0x8c48, 0x8c48, 
  0x8c48, 0x8c48, 0x8c48, 0x8c48, 0x8c48, 0x8c48, 0x8c48, 0x8c48, 0x8c48, 0x8c48, 0x8c48, 0x8c48, 
  0x8c48, 0x8c48, 0x8c48, 0x8c48, 0x8c48, 0x8c48, 0x8c48, 0x8c48, 0x8c48, 0x8c48, 0x8c48, 0x8c48, 
  0x8c48, 0x8c48, 0x8c48, 0x8c48, 0x8c48, 0x8c48, 0x8c48, 0x8c48, 0x8c48, 0x8c48, 0x8c48, 0x8c48, 
  0x8c48, 0x8c48, 0x8c48, 0x8c48, 0x8c48, 0x8c48, 0x8c48, 0x8c48, 0x8c48, 0x8c48, 0x8c48, 0x8c48, 
  0x8c48, 0x8c48, 0x8c48, 0x8c48, 0x8c48, 0x8c48, 0x8c48, 0x8c48, 0x8c48, 0x8c48, 0x8c48, 0x8c48, 
  0x8c48, 0x8c48, 0x8c48, 0x8c48, 0x8c48, 0x8c48, 0x8c48, 0x8c48, 0x8c48, 0x8c48, 0x8c48, 0x8c48, 
  0x8c48, 0x8c48, 0x8c48, 0x8c48, 0x8c48, 0x8c48, 0x8c48, 0x8c48, 0x8c48, 0x8c48, 0x8c48, 0x8c48, 
  0x8c48, 0x8c48, 0x8c48, 0x8c48, 0x8c48, 0x8c48, 0x8c48, 0x8c48, 0x8c48, 0x8c48, 0x8c48, 0x8c48, 
  0x8c48, 0x8c48, 0x8c48, 0x8c48, 0x8c48, 0x8c48, 0x8c48, 0x8c48, 0x8c48, 0x8c48, 0x8c48, 0x8c48, 
  0x8c48, 0x8c48, 0x8c48, 0x8c48, 0x8c48, 0x8c48, 0x8c48, 0x8c48, 0x8c48, 0x8c48, 0x8c48, 0x8c48, 
  0x8c48, 0x8c48, 0x8c48, 0x8c48, 0x8c48, 0x8c48, 0x8c48, 0x8c48, 0x8c48, 0x8c48, 0x8c48, 0x8c48, 
  0x8c48, 0x8c48, 0x8c48, 0x8c48, 0x8c48, 0x8c48, 0x8c48, 0x8c48, 0x8c48, 0x8c48, 0x8c48, 0x8c48, 
  0x8c48, 0x8c48, 0x8c48, 0x8c48, 0x8c48, 0x8c48, 0x8c48, 0x8c48, 0x8c48, 0x8c48, 0x8c48, 0x8c48, 
  0x8c48, 0x8c48, 0x8c48, 0x8c48, 0x8c48, 0x8c48, 0x8c48, 0x8c48, 0x8c48, 0x8c48, 0x8c48, 0x8c48, 
  0x8c48, 0x8c48, 0x8c48, 0x8c48, 0x8c48, 0x8c48, 0x8c48, 0x8c48, 0x8c48, 0x8c48, 0x8c48, 0x8c48, 
  0x8c48, 0x8c48, 0x8c48, 0x8c48, 0x8c48, 0x8c48, 0x8c88, 0x8c88, 0x8c88, 0x8c88, 0x94a9, 0x94a9, 
  0x8c48, 0x8c48, 0x8c48, 0x8c48, 0x8c48, 0x8c48, 0x8c48, 0x8c48, 0x8c48, 0x8c48, 0x8c48, 0x8c48, 
  0x8c48, 0x8c48, 0x8c48, 0x8c48, 0x8c48, 0x8c48, 0x8c48, 0x8c48, 0x8c48, 0x8c48, 0x8c48, 0x8c48, 
  0x8c48, 0x8c48, 0x8c48, 0x8c48, 0x8c48, 0x8c48, 0x8c48, 0x8c48, 0x8c48, 0x8c48, 0x8c48, 0x8c48, 
  0x8c48, 0x8c48, 0x8c48, 0x8c48, 0x8c48, 0x8c48, 0x8c48, 0x8c48, 0x8c48, 0x8c48, 0x8c48, 0x8c48, 
  0x8c48, 0x8c48, 0x8c48, 0x8c48, 0x8c48, 0x8c48, 0x8c48, 0x8c48, 0x8c48, 0x8c48, 0x8c48, 0x8c48, 
  0x8c48, 0x8c48, 0x8c48, 0x8c48, 0x8c48, 0x8c48, 0x8c48, 0x8c48, 0x8c48, 0x8c48, 0x8c48, 0x8c48, 
  0x8c48, 0x8c48, 0x8c48, 0x8c48, 0x8c48, 0x8c48, 0x8c48, 0x8c48, 0x8c48, 0x8c48, 0x8c48, 0x8c48, 
  0x8c48, 0x8c48, 0x8c48, 0x8c48, 0x8c48, 0x8c48, 0x8c48, 0x8c48, 0x8c48, 0x8c48, 0x8c48, 0x8c48, 
  0x8c48, 0x8c48, 0x8c48, 0x8c48, 0x8c48, 0x8c48, 0x8c48, 0x8c48, 0x8c48, 0x8c48, 0x8c48, 0x8c48, 
  0x8c48, 0x8c48, 0x8c48, 0x8c48, 0x8c48, 0x8c48, 0x8c48, 0x8c48, 0x8c48, 0x8c48, 0x8c48, 0x8c48, 
  0x8c48, 0x8c48, 0x8c48, 0x8c48, 0x8c48, 0x8c48, 0x8c48, 0x8c48, 0x8c48, 0x8c48, 0x8c48, 0x8c48, 
  0x8c48, 0x8c48, 0x8c48, 0x8c48, 0x8c48, 0x8c48, 0x8c48, 0x8c48, 0x8c48, 0x8c48, 0x8c48, 0x8c48, 
  0x8c48, 0x8c48, 0x8c48, 0x8c48, 0x8c48, 0x8c48, 0x8c48, 0x8c48, 0x8c48, 0x8c48, 0x8c48, 0x8c48, 
  0x8c48, 0x8c48, 0x8c48, 0x8c48, 0x8c48, 0x8c48, 0x8c48, 0x8c48, 0x8c48, 0x8c48, 0x8c48, 0x8c48, 
  0x8c48, 0x8c48, 0x8c48, 0x8c48, 0x8c48, 0x8c48, 0x8c48, 0x8c48, 0x8c48, 0x8c48, 0x8c48, 0x8c48, 
  0x8c48, 0x8c48, 0x8c48, 0x8c48, 0x8c48, 0x8c48, 0x8c48, 0x8c48, 0x8c48, 0x8c48, 0x8c48, 0x8c48, 
  0x8c48, 0x8c48, 0x8c48, 0x8c48, 0x8c48, 0x8c48, 0x8c48, 0x8c48, 0x8c48, 0x8c48, 0x8c48, 0x8c48, 
  0x8c48, 0x8c48, 0x8c48, 0x8c48, 0x8c48, 0x8c48, 0x8c48, 0x8c48, 0x8c48, 0x8c48, 0x8c48, 0x8c48, 
  0x8c48, 0x8c48, 0x8c48, 0x8c48, 0x8c48, 0x8c48, 0x8c48, 0x8c48, 0x8c48, 0x8c48, 0x8c48, 0x8c48, 
  0x8c48, 0x8c48, 0x8c48, 0x8c48, 0x8c48, 0x8c48, 0x8c48, 0x8c48, 0x8c48, 0x8c48, 0x8c48, 0x8c48, 
  0x8c48, 0x8c48, 0x8c48, 0x8c48, 0x8c48, 0x8c48, 0x8c48, 0x8c48, 0x8c48, 0x8c48, 0x8c48, 0x8c48, 
  0x8c48, 0x8c48, 0x8c48, 0x8c48, 0x8c48, 0x8c48, 0x8c48, 0x8c48, 0x8c48, 0x8c48, 0x8c48, 0x8c48, 
  0x8c48, 0x8c48, 0x8c48, 0x8c48, 0x8c48, 0x8c48, 0x8c48, 0x8c48, 0x8c48, 0x8c48, 0x8c88, 0x8c88, 
  0x8c88, 0x8c88, 0x7c27, 0x7c27, 0x8c48, 0x8c48, 0x8c48, 0x8c48, 0x8c48, 0x8c48, 0x8c48, 0x8c48, 
  0x8c48, 0x8c48, 0x8c48, 0x8c48, 0x8c48, 0x8c48, 0x8c48, 0x8c48, 0x8c48, 0x8c48, 0x8c48, 0x8c48, 
  0x8c48, 0x8c48, 0x8c48, 0x8c48, 0x8c48, 0x8c48, 0x8c48, 0x8c48, 0x8c48, 0x8c48, 0x8c48, 0x8c48, 
  0x8c48, 0x8c48, 0x8c48, 0x8c48, 0x8c48, 0x8c48, 0x8c48, 0x8c48, 0x8c48, 0x8c48, 0x8c48, 0x8c48, 
  0x8c48, 0x8c48, 0x8c48, 0x8c48, 0x8c48, 0x8c48, 0x8c48, 0x8c48, 0x8c48, 0x8c48, 0x8c48, 0x8c48, 
  0x8c48, 0x8c48, 0x8c48, 0x8c48, 0x8c48, 0x8c48, 0x8c48, 0x8c48, 0x8c48, 0x8c48, 0x8c48, 0x8c48, 
  0x8c48, 0x8c48, 0x8c48, 0x8c48, 0x8c48, 0x8c48, 0x8c48, 0x8c48, 0x8c48, 0x8c48, 0x8c48, 0x8c48, 
  0x8c48, 0x8c48, 0x8c48, 0x8c48, 0x8c48, 0x8c48, 0x8c48, 0x8c48, 0x8c48, 0x8c48, 0x8c48, 0x8c48, 
  0x8c48, 0x8c48, 0x8c48, 0x8c48, 0x8c48, 0x8c48, 0x8c48, 0x8c48, 0x8c48, 0x8c48, 0x8c48, 0x8c48, 
  0x8c48, 0x8c48, 0x8c48, 0x8c48, 0x8c48, 0x8c48, 0x8c48, 0x8c48, 0x8c48, 0x8c48, 0x8c48, 0x8c48, 
  0x8c48, 0x8c48, 0x8c48, 0x8c48, 0x8c48, 0x8c48, 0x8c48, 0x8c48, 0x8c48, 0x8c48, 0x8c48, 0x8c48, 
  0x8c48, 0x8c48, 0x8c48, 0x8c48, 0x8c48, 0x8c48, 0x8c48, 0x8c48, 0x8c48, 0x8c48, 0x8c48, 0x8c48, 
  0x8c48, 0x8c48, 0x8c48, 0x8c48, 0x8c48, 0x8c48, 0x8c48, 0x8c48, 0x8c48, 0x8c48, 0x8c48, 0x8c48, 
  0x8c48, 0x8c48, 0x8c48, 0x8c48, 0x8c48, 0x8c48, 0x8c48, 0x8c48, 0x8c48, 0x8c48, 0x8c48, 0x8c48, 
  0x8c48, 0x8c48, 0x8c48, 0x8c48, 0x8c48, 0x8c48, 0x8c48, 0x8c48, 0x8c48, 0x8c48, 0x8c48, 0x8c48, 
  0x8c48, 0x8c48, 0x8c48, 0x8c48, 0x8c48, 0x8c48, 0x8c48, 0x8c48, 0x8c48, 0x8c48, 0x8c48, 0x8c48, 
  0x8c48, 0x8c48, 0x8c48, 0x8c48, 0x8c48, 0x8c48, 0x8c48, 0x8c48, 0x8c48, 0x8c48, 0x8c48, 0x8c48, 
  0x8c48, 0x8c48, 0x8c48, 0x8c48, 0x8c48, 0x8c48, 0x8c48, 0x8c48, 0x8c48, 0x8c48, 0x8c48, 0x8c48, 
  0x8c48, 0x8c48, 0x8c48, 0x8c48, 0x8c48, 0x8c48, 0x8c48, 0x8c48, 0x8c48, 0x8c48, 0x8c48, 0x8c48, 
  0x8c48, 0x8c48, 0x8c48, 0x8c48, 0x8c48, 0x8c48, 0x8c48, 0x8c48, 0x8c48, 0x8c48, 0x8c48, 0x8c48, 
  0x8c48, 0x8c48, 0x8c48, 0x8c48, 0x8c48, 0x8c48, 0x8c48, 0x8c48, 0x8c48, 0x8c48, 0x8c48, 0x8c48, 
  0x8c48, 0x8c48, 0x8c48, 0x8c48, 0x8c48, 0x8c48, 0x8c48, 0x8c48, 0x8c48, 0x8c48, 0x8c48, 0x8c48, 
  0x8c48, 0x8c48, 0x8c48, 0x8c48, 0x8c48, 0x8c48, 0x8c48, 0x8c48, 0x8c48, 0x8c48, 0x8c48, 0x8c48, 
  0x8c48, 0x8c48, 0x8c88, 0x8c88, 0x8c88, 0x8c88, 0x7c27, 0x7c27, 0x8c48, 0x8c48, 0x8c48, 0x8c48, 
  0x8c48, 0x8c48, 0x8c48, 0x8c48, 0x8c48, 0x8c48, 0x8c48, 0x8c48, 0x8c48, 0x8c48, 0x8c48, 0x8c48, 
  0x8c48, 0x8c48, 0x8c48, 0x8c48, 0x8c48, 0x8c48, 0x8c48, 0x8c48, 0x8c48, 0x8c48, 0x8c48, 0x8c48, 
  0x8c48, 0x8c48, 0x8c48, 0x8c48, 0x8c48, 0x8c48, 0x8c48, 0x8c48, 0x8c48, 0x8c48, 0x8c48, 0x8c48, 
  0x8c48, 0x8c48, 0x8c48, 0x8c48, 0x8c48, 0x8c48, 0x8c48, 0x8c48, 0x8c48, 0x8c48, 0x8c48, 0x8c48, 
  0x8c48, 0x8c48, 0x8c48, 0x8c48, 0x8c48, 0x8c48, 0x8c48, 0x8c48, 0x8c48, 0x8c48, 0x8c48, 0x8c48, 
  0x8c48, 0x8c48, 0x8c48, 0x8c48, 0x8c48, 0x8c48, 0x8c48, 0x8c48, 0x8c48, 0x8c48, 0x8c48, 0x8c48, 
  0x8c48, 0x8c48, 0x8c48, 0x8c48, 0x8c48, 0x8c48, 0x8c48, 0x8c48, 0x8c48, 0x8c48, 0x8c48, 0x8c48, 
  0x8c48, 0x8c48, 0x8c48, 0x8c48, 0x8c48, 0x8c48, 0x8c48, 0x8c48, 0x8c48, 0x8c48, 0x8c48, 0x8c48, 
  0x8c48, 0x8c48, 0x8c48, 0x8c48, 0x8c48, 0x8c48, 0x8c48, 0x8c48, 0x8c48, 0x8c48, 0x94a9, 0x94a9, 
  0x94a9, 0x94a9, 0x8c48, 0x8c48, 0x8c48, 0x8c48, 0x8c48, 0x8c48, 0x8c48, 0x8c48, 0x8c48, 0x8c48, 
  0x8c48, 0x8c48, 0x8c48, 0x8c48, 0x8c48, 0x8c48, 0x8c48, 0x8c48, 0x8c48, 0x8c48, 0x8c48, 0x8c48, 
  0x8c48, 0x8c48, 0x8c48, 0x8c48, 0x8c48, 0x8c48, 0x8c48, 0x8c48, 0x8c48, 0x8c48, 0x8c48, 0x8c48, 
  0x8c48, 0x8c48, 0x8c48, 0x8c48, 0x8c48, 0x8c48, 0x8c48, 0x8c48, 0x8c48, 0x8c48, 0x8c48, 0x8c48, 
  0x8c48, 0x8c48, 0x8c48, 0x8c48, 0x8c48, 0x8c48, 0x8c48, 0x8c48, 0x8c48, 0x8c48, 0x8c48, 0x8c48, 
  0x8c48, 0x8c48, 0x8c48, 0x8c48, 0x8c48, 0x8c48, 0x8c48, 0x8c48, 0x8c48, 0x8c48, 0x8c48, 0x8c48, 
  0x8c48, 0x8c48, 0x8c48, 0x8c48, 0x8c48, 0x8c48, 0x8c48, 0x8c48, 0x8c48, 0x8c48, 0x8c48, 0x8c48, 
  0x8c48, 0x8c48, 0x8c48, 0x8c48, 0x8c48, 0x8c48, 0x8c48, 0x8c48, 0x8c48, 0x8c48, 0x8c48, 0x8c48, 
  0x8c48, 0x8c48, 0x8c48, 0x8c48, 0x8c48, 0x8c48, 0x8c48, 0x8c48, 0x8c48, 0x8c48, 0x8c48, 0x8c48, 
  0x8c48, 0x8c48, 0x8c48, 0x8c48, 0x8c48, 0x8c48, 0x8c48, 0x8c48, 0x8c48, 0x8c48, 0x8c48, 0x8c48, 
  0x8c48, 0x8c48, 0x8c48, 0x8c48, 0x8c48, 0x8c48, 0x8c48, 0x8c48, 0x8c48, 0x8c48, 0x8c48, 0x8c48, 
  0x8c48, 0x8c48, 0x8c48, 0x8c48, 0x8c48, 0x8c48, 0x8c48, 0x8c48, 0x8c48, 0x8c48, 0x8c48, 0x8c48, 
  0x8c48, 0x8c48, 0x8c48, 0x8c48, 0x8c48, 0x8c48, 0x8c48, 0x8c48, 0x8c48, 0x8c48, 0x8c48, 0x8c48, 
  0x8c48, 0x8c48, 0x8c48, 0x8c48, 0x8c48, 0x8c48, 0x7c27, 0x7c27, 0x7c27, 0x7c27, 0x8c48, 0x8c48, 
  0x8c48, 0x8c48, 0x8c48, 0x8c48, 0x8c48, 0x8c48, 0x8c48, 0x8c48, 0x8c48, 0x8c48, 0x8c48, 0x8c48, 
  0x8c48, 0x8c48, 0x8c48, 0x8c48, 0x8c48, 0x8c48, 0x8c48, 0x8c48, 0x8c48, 0x8c48, 0x8c48, 0x8c48, 
  0x8c48, 0x8c48, 0x8c48, 0x8c48, 0x8c48, 0x8c48, 0x8c48, 0x8c48, 0x8c48, 0x8c48, 0x8c48, 0x8c48, 
  0x8c48, 0x8c48, 0x8c48, 0x8c48, 0x8c48, 0x8c48, 0x8c48, 0x8c48, 0x8c48, 0x8c48, 0x8c48, 0x8c48, 
  0x8c48, 0x8c48, 0x8c48, 0x8c48, 0x8c48, 0x8c48, 0x8c48, 0x8c48, 0x8c48, 0x8c48, 0x8c48, 0x8c48, 
  0x8c48, 0x8c48, 0x8c48, 0x8c48, 0x8c48, 0x8c48, 0x8c48, 0x8c48, 0x8c48, 0x8c48, 0x8c48, 0x8c48, 
  0x8c48, 0x8c48, 0x8c48, 0x8c48, 0x8c48, 0x8c48, 0x8c48, 0x8c48, 0x8c48, 0x8c48, 0x8c48, 0x8c48, 
  0x8c48, 0x8c48, 0x8c48, 0x8c48, 0x8c48, 0x8c48, 0x8c48, 0x8c48, 0x8c48, 0x8c48, 0x8c48, 0x8c48, 
  0x8c48, 0x8c48, 0x8c48, 0x8c48, 0x8c48, 0x8c48, 0x8c48, 0x8c48, 0x8c48, 0x8c48, 0x8c48, 0x8c48, 
  0x8c48, 0x8c48, 0x94a9, 0x94a9, 0x94a9, 0x94a9, 0x8c48, 0x8c48, 0x8c48, 0x8c48, 0x8c48, 0x8c48, 
  0x8c48, 0x8c48, 0x8c48, 0x8c48, 0x8c48, 0x8c48, 0x8c48, 0x8c48, 0x8c48, 0x8c48, 0x8c48, 0x8c48, 
  0x8c48, 0x8c48, 0x8c48, 0x8c48, 0x8c48, 0x8c48, 0x8c48, 0x8c48, 0x8c48, 0x8c48, 0x8c48, 0x8c48, 
  0x8c48, 0x8c48, 0x8c48, 0x8c48, 0x8c48, 0x8c48, 0x8c48, 0x8c48, 0x8c48, 0x8c48, 0x8c48, 0x8c48, 
  0x8c48, 0x8c48, 0x8c48, 0x8c48, 0x8c48, 0x8c48, 0x8c48, 0x8c48, 0x8c48, 0x8c48, 0x8c48, 0x8c48, 
  0x8c48, 0x8c48, 0x8c48, 0x8c48, 0x8c48, 0x8c48, 0x8c48, 0x8c48, 0x8c48, 0x8c48, 0x8c48, 0x8c48, 
  0x8c48, 0x8c48, 0x8c48, 0x8c48, 0x8c48, 0x8c48, 0x8c48, 0x8c48, 0x8c48, 0x8c48, 0x8c48, 0x8c48, 
  0x8c48, 0x8c48, 0x8c48, 0x8c48, 0x8c48, 0x8c48, 0x8c48, 0x8c48, 0x8c48, 0x8c48, 0x8c48, 0x8c48, 
  0x8c48, 0x8c48, 0x8c48, 0x8c48, 0x8c48, 0x8c48, 0x8c48, 0x8c48, 0x8c48, 0x8c48, 0x8c48, 0x8c48, 
  0x8c48, 0x8c48, 0x8c48, 0x8c48, 0x8c48, 0x8c48, 0x8c48, 0x8c48, 0x8c48, 0x8c48, 0x8c48, 0x8c48, 
  0x8c48, 0x8c48, 0x8c48, 0x8c48, 0x8c48, 0x8c48, 0x8c48, 0x8c48, 0x8c48, 0x8c48, 0x8c48, 0x8c48, 
  0x8c48, 0x8c48, 0x8c48, 0x8c48, 0x8c48, 0x8c48, 0x8c48, 0x8c48, 0x8c48, 0x8c48, 0x8c48, 0x8c48, 
  0x8c48, 0x8c48, 0x8c48, 0x8c48, 0x8c48, 0x8c48, 0x8c48, 0x8c48, 0x8c48, 0x8c48, 0x8c48, 0x8c48, 
  0x8c48, 0x8c48, 0x8c48, 0x8c48, 0x8c48, 0x8c48, 0x8c48, 0x8c48, 0x8c48, 0x8c48, 0x7c27, 0x7c27, 
  0x7c27, 0x7c27, 0x8c48, 0x8c48, 0x8c48, 0x8c48, 0x8c48, 0x8c48, 0x8c48, 0x8c48, 0x8c48, 0x8c48, 
  0x8c48, 0x8c48, 0x8c48, 0x8c48, 0x8c48, 0x8c48, 0x8c48, 0x8c48, 0x8c48, 0x8c48, 0x8c48, 0x8c48, 
  0x8c48, 0x8c48, 0x8c48, 0x8c48, 0x8c48, 0x8c48, 0x8c48, 0x8c48, 0x8c48, 0x8c48, 0x8c48, 0x8c48, 
  0x8c48, 0x8c48, 0x8c48, 0x8c48, 0x8c48, 0x8c48, 0x8c48, 0x8c48, 0x8c48, 0x8c48, 0x8c48, 0x8c48, 
  0x8c48, 0x8c48, 0x8c48, 0x8c48, 0x8c48, 0x8c48, 0x8c48, 0x8c48, 0x8c48, 0x8c48, 0x8c48, 0x8c48, 
  0x8c48, 0x8c48, 0x8c48, 0x8c48, 0x8c48, 0x8c48, 0x8c48, 0x8c48, 0x8c48, 0x8c48, 0x8c48, 0x8c48, 
  0x8c48, 0x8c48, 0x8c48, 0x8c48, 0x8c48, 0x8c48, 0x8c48, 0x8c48, 0x8c48, 0x8c48, 0x8c48, 0x8c48, 
  0x8c48, 0x8c48, 0x8c48, 0x8c48, 0x8c48, 0x8c48, 0x8c48, 0x8c48, 0x8c48, 0x8c48, 0x8c48, 0x8c48, 
  0x8c48, 0x8c48, 0x8c48, 0x8c48, 0x8c48, 0x8c48, 0x8c48, 0x8c48, 0x8c48, 0x8c48, 0x8c48, 0x8c48, 
  0x8c48, 0x8c48, 0x8c48, 0x8c48, 0x8c48, 0x8c48, 0x8c48, 0x8c48, 0x94a9, 0x94a9, 0x8c88, 0x8c88, 
  0x8c88, 0x8c88, 0x8c48, 0x8c48, 0x8c48, 0x8c48, 0x8c48, 0x8c48, 0x94a9, 0x94a9, 0x94a9, 0x94a9, 
  0x8c48, 0x8c48, 0x8c48, 0x8c48, 0x8c48, 0x8c48, 0x8c48, 0x8c48, 0x8c48, 0x8c48, 0x8c48, 0x8c48, 
  0x8c48, 0x8c48, 0x8c48, 0x8c48, 0x8c48, 0x8c48, 0x8c48, 0x8c48, 0x8c48, 0x8c48, 0x8c48, 0x8c48, 
  0x8c48, 0x8c48, 0x8c48, 0x8c48, 0x8c48, 0x8c48, 0x8c48, 0x8c48, 0x8c48, 0x8c48, 0x8c48, 0x8c48, 
  0x8c48, 0x8c48, 0x8c48, 0x8c48, 0x8c48, 0x8c48, 0x8c48, 0x8c48, 0x8c48, 0x8c48, 0x8c48, 0x8c48, 
  0x8c48, 0x8c48, 0x8c48, 0x8c48, 0x8c48, 0x8c48, 0x8c48, 0x8c48, 0x8c48, 0x8c48, 0x8c48, 0x8c48, 
  0x8c48, 0x8c48, 0x8c48, 0x8c48, 0x8c48, 0x8c48, 0x8c48, 0x8c48, 0x8c48, 0x8c48, 0x8c48, 0x8c48, 
  0x8c48, 0x8c48, 0x8c48, 0x8c48, 0x8c48, 0x8c48, 0x8c48, 0x8c48, 0x8c48, 0x8c48, 0x8c48, 0x8c48, 
  0x8c48, 0x8c48, 0x8c48, 0x8c48, 0x8c48, 0x8c48, 0x8c48, 0x8c48, 0x8c48, 0x8c48, 0x8c48, 0x8c48, 
  0x8c48, 0x8c48, 0x8c48, 0x8c48, 0x8c48, 0x8c48, 0x8c48, 0x8c48, 0x8c48, 0x8c48, 0x8c48, 0x8c48, 
  0x8c48, 0x8c48, 0x8c48, 0x8c48, 0x8c48, 0x8c48, 0x8c48, 0x8c48, 0x8c48, 0x8c48, 0x8c48, 0x8c48, 
  0x8c48, 0x8c48, 0x8c48, 0x8c48, 0x8c48, 0x8c48, 0x8c48, 0x8c48, 0x8c48, 0x8c48, 0x8c48, 0x8c48, 
  0x8c48, 0x8c48, 0x8c48, 0x8c48, 0x8c48, 0x8c48, 0x8c48, 0x8c48, 0x8c48, 0x8c48, 0x8c48, 0x8c48, 
  0x8c48, 0x8c48, 0x8c48, 0x8c48, 0x8c48, 0x8c48, 0x8c48, 0x8c48, 0x8c48, 0x8c48, 0x8c48, 0x8c48, 
  0x8c48, 0x8c48, 0x8c48, 0x8c48, 0x8c48, 0x8c48, 0x8c48, 0x8c48, 0x8c48, 0x8c48, 0x8c48, 0x8c48, 
  0x8c48, 0x8c48, 0x8c48, 0x8c48, 0x8c48, 0x8c48, 0x8c48, 0x8c48, 0x8c48, 0x8c48, 0x8c48, 0x8c48, 
  0x8c48, 0x8c48, 0x8c48, 0x8c48, 0x8c48, 0x8c48, 0x8c48, 0x8c48, 0x8c48, 0x8c48, 0x8c48, 0x8c48, 
  0x8c48, 0x8c48, 0x8c48, 0x8c48, 0x8c48, 0x8c48, 0x8c48, 0x8c48, 0x8c48, 0x8c48, 0x8c48, 0x8c48, 
  0x8c48, 0x8c48, 0x8c48, 0x8c48, 0x8c48, 0x8c48, 0x8c48, 0x8c48, 0x8c48, 0x8c48, 0x8c48, 0x8c48, 
  0x8c48, 0x8c48, 0x8c48, 0x8c48, 0x8c48, 0x8c48, 0x8c48, 0x8c48, 0x8c48, 0x8c48, 0x8c48, 0x8c48, 
  0x8c48, 0x8c48, 0x8c48, 0x8c48, 0x8c48, 0x8c48, 0x8c48, 0x8c48, 0x8c48, 0x8c48, 0x8c48, 0x8c48, 
  0x8c48, 0x8c48, 0x8c48, 0x8c48, 0x8c48, 0x8c48, 0x8c48, 0x8c48, 0x8c48, 0x8c48, 0x8c48, 0x8c48, 
  0x8c48, 0x8c48, 0x8c48, 0x8c48, 0x8c48, 0x8c48, 0x8c48, 0x8c48, 0x8c48, 0x8c48, 0x8c48, 0x8c48, 
  0x94a9, 0x94a9, 0x8c88, 0x8c88, 0x8c88, 0x8c88, 0x8c48, 0x8c48, 0x8c48, 0x8c48, 0x8c48, 0x8c48, 
  0x94a9, 0x94a9, 0x94a9, 0x94a9, 0x8c48, 0x8c48, 0x8c48, 0x8c48, 0x8c48, 0x8c48, 0x8c48, 0x8c48, 
  0x8c48, 0x8c48, 0x8c48, 0x8c48, 0x8c48, 0x8c48, 0x8c48, 0x8c48, 0x8c48, 0x8c48, 0x8c48, 0x8c48, 
  0x8c48, 0x8c48, 0x8c48, 0x8c48, 0x8c48, 0x8c48, 0x8c48, 0x8c48, 0x8c48, 0x8c48, 0x8c48, 0x8c48, 
  0x8c48, 0x8c48, 0x8c48, 0x8c48, 0x8c48, 0x8c48, 0x8c48, 0x8c48, 0x8c48, 0x8c48, 0x8c48, 0x8c48, 
  0x8c48, 0x8c48, 0x8c48, 0x8c48, 0x8c48, 0x8c48, 0x8c48, 0x8c48, 0x8c48, 0x8c48, 0x8c48, 0x8c48, 
  0x8c48, 0x8c48, 0x8c48, 0x8c48, 0x8c48, 0x8c48, 0x8c48, 0x8c48, 0x8c48, 0x8c48, 0x8c48, 0x8c48, 
  0x8c48, 0x8c48, 0x8c48, 0x8c48, 0x8c48, 0x8c48, 0x8c48, 0x8c48, 0x8c48, 0x8c48, 0x8c48, 0x8c48, 
  0x8c48, 0x8c48, 0x8c48, 0x8c48, 0x8c48, 0x8c48, 0x8c48, 0x8c48, 0x8c48, 0x8c48, 0x8c48, 0x8c48, 
  0x8c48, 0x8c48, 0x8c48, 0x8c48, 0x8c48, 0x8c48, 0x8c48, 0x8c48, 0x8c48, 0x8c48, 0x8c48, 0x8c48, 
  0x8c48, 0x8c48, 0x8c48, 0x8c48, 0x8c48, 0x8c48, 0x8c48, 0x8c48, 0x8c48, 0x8c48, 0x8c48, 0x8c48, 
  0x8c48, 0x8c48, 0x8c48, 0x8c48, 0x8c48, 0x8c48, 0x8c48, 0x8c48, 0x8c48, 0x8c48, 0x8c48, 0x8c48, 
  0x8c48, 0x8c48, 0x8c48, 0x8c48, 0x8c48, 0x8c48, 0x8c48, 0x8c48, 0x8c48, 0x8c48, 0x8c48, 0x8c48, 
  0x8c48, 0x8c48, 0x8c48, 0x8c48, 0x8c48, 0x8c48, 0x8c48, 0x8c48, 0x8c48, 0x8c48, 0x8c48, 0x8c48, 
  0x8c48, 0x8c48, 0x8c48, 0x8c48, 0x8c48, 0x8c48, 0x8c48, 0x8c48, 0x8c48, 0x8c48, 0x8c48, 0x8c48, 
  0x8c48, 0x8c48, 0x8c48, 0x8c48, 0x8c48, 0x8c48, 0x8c48, 0x8c48, 0x8c48, 0x8c48, 0x8c48, 0x8c48, 
  0x8c48, 0x8c48, 0x8c48, 0x8c48, 0x8c48, 0x8c48, 0x8c48, 0x8c48, 0x8c48, 0x8c48, 0x8c48, 0x8c48, 
  0x8c48, 0x8c48, 0x8c48, 0x8c48, 0x8c48, 0x8c48, 0x8c48, 0x8c48, 0x8c48, 0x8c48, 0x8c48, 0x8c48, 
  0x8c48, 0x8c48, 0x8c48, 0x8c48, 0x8c48, 0x8c48, 0x8c48, 0x8c48, 0x8c48, 0x8c48, 0x8c48, 0x8c48, 
  0x8c48, 0x8c48, 0x8c48, 0x8c48, 0x8c48, 0x8c48, 0x8c48, 0x8c48, 0x8c48, 0x8c48, 0x8c48, 0x8c48, 
  0x8c48, 0x8c48, 0x8c48, 0x8c48, 0x8c48, 0x8c48, 0x8c48, 0x8c48, 0x8c48, 0x8c48, 0x8c48, 0x8c48, 
  0x8c48, 0x8c48, 0x8c48, 0x8c48, 0x8c48, 0x8c48, 0x8c48, 0x8c48, 0x8c48, 0x8c48, 0x8c48, 0x8c48, 
  0x8c48, 0x8c48, 0x8c48, 0x8c48, 0x8c48, 0x8c48, 0x8c48, 0x8c48, 0x8c48, 0x8c48, 0x8c48, 0x8c48, 
  0x8c48, 0x8c48, 0x8c48, 0x8c48, 0x7c27, 0x7c27, 0x8c88, 0x8c88, 0x8c88, 0x8c88, 0x8c48, 0x8c48, 
  0x8c48, 0x8c48, 0x8c88, 0x8c88, 0x94a9, 0x94a9, 0x8c48, 0x8c48, 0x8c48, 0x8c48, 0x8c48, 0x8c48, 
  0x8c48, 0x8c48, 0x8c48, 0x8c48, 0x8c48, 0x8c48, 0x8c48, 0x8c48, 0x8c48, 0x8c48, 0x8c48, 0x8c48, 
  0x8c48, 0x8c48, 0x8c48, 0x8c48, 0x8c48, 0x8c48, 0x8c48, 0x8c48, 0x8c48, 0x8c48, 0x8c48, 0x8c48, 
  0x8c48, 0x8c48, 0x8c48, 0x8c48, 0x8c48, 0x8c48, 0x8c48, 0x8c48, 0x8c48, 0x8c48, 0x8c48, 0x8c48, 
  0x8c48, 0x8c48, 0x8c48, 0x8c48, 0x8c48, 0x8c48, 0x8c48, 0x8c48, 0x8c48, 0x8c48, 0x8c48, 0x8c48, 
  0x8c48, 0x8c48, 0x8c48, 0x8c48, 0x8c48, 0x8c48, 0x8c48, 0x8c48, 0x8c48, 0x8c48, 0x8c48, 0x8c48, 
  0x8c48, 0x8c48, 0x8c48, 0x8c48, 0x8c48, 0x8c48, 0x8c48, 0x8c48, 0x8c48, 0x8c48, 0x8c48, 0x8c48, 
  0x8c48, 0x8c48, 0x8c48, 0x8c48, 0x8c48, 0x8c48, 0x8c48, 0x8c48, 0x8c48, 0x8c48, 0x8c48, 0x8c48, 
  0x8c48, 0x8c48, 0x8c48, 0x8c48, 0x8c48, 0x8c48, 0x8c48, 0x8c48, 0x8c48, 0x8c48, 0x8c48, 0x8c48, 
  0x8c48, 0x8c48, 0x8c48, 0x8c48, 0x8c48, 0x8c48, 0x8c48, 0x8c48, 0x8c48, 0x8c48, 0x8c48, 0x8c48, 
  0x8c48, 0x8c48, 0x8c48, 0x8c48, 0x8c48, 0x8c48, 0x8c48, 0x8c48, 0x8c48, 0x8c48, 0x8c48, 0x8c48, 
  0x8c48, 0x8c48, 0x8c48, 0x8c48, 0x8c48, 0x8c48, 0x8c48, 0x8c48, 0x8c48, 0x8c48, 0x8c48, 0x8c48, 
  0x8c48, 0x8c48, 0x8c48, 0x8c48, 0x8c48, 0x8c48, 0x8c48, 0x8c48, 0x8c48, 0x8c48, 0x8c48, 0x8c48, 
  0x8c48, 0x8c48, 0x8c48, 0x8c48, 0x8c48, 0x8c48, 0x8c48, 0x8c48, 0x8c48, 0x8c48, 0x8c48, 0x8c48, 
  0x8c48, 0x8c48, 0x8c48, 0x8c48, 0x8c48, 0x8c48, 0x8c48, 0x8c48, 0x8c48, 0x8c48, 0x8c48, 0x8c48, 
  0x8c48, 0x8c48, 0x8c48, 0x8c48, 0x8c48, 0x8c48, 0x8c48, 0x8c48, 0x8c48, 0x8c48, 0x8c48, 0x8c48, 
  0x8c48, 0x8c48, 0x8c48, 0x8c48, 0x8c48, 0x8c48, 0x8c48, 0x8c48, 0x8c48, 0x8c48, 0x8c48, 0x8c48, 
  0x8c48, 0x8c48, 0x8c48, 0x8c48, 0x8c48, 0x8c48, 0x8c48, 0x8c48, 0x8c48, 0x8c48, 0x8c48, 0x8c48, 
  0x8c48, 0x8c48, 0x8c48, 0x8c48, 0x8c48, 0x8c48, 0x8c48, 0x8c48, 0x8c48, 0x8c48, 0x8c48, 0x8c48, 
  0x8c48, 0x8c48, 0x8c48, 0x8c48, 0x8c48, 0x8c48, 0x8c48, 0x8c48, 0x8c48, 0x8c48, 0x8c48, 0x8c48, 
  0x8c48, 0x8c48, 0x8c48, 0x8c48, 0x8c48, 0x8c48, 0x8c48, 0x8c48, 0x8c48, 0x8c48, 0x8c48, 0x8c48, 
  0x8c48, 0x8c48, 0x8c48, 0x8c48, 0x8c48, 0x8c48, 0x8c48, 0x8c48, 0x8c48, 0x8c48, 0x8c48, 0x8c48, 
  0x8c48, 0x8c48, 0x8c48, 0x8c48, 0x8c48, 0x8c48, 0x8c48, 0x8c48, 0x7c27, 0x7c27, 0x8c88, 0x8c88, 
  0x8c88, 0x8c88, 0x8c48, 0x8c48, 0x8c48, 0x8c48, 0x8c88, 0x8c88, 0x94a9, 0x94a9, 0x8c48, 0x8c48, 
  0x8c48, 0x8c48, 0x8c48, 0x8c48, 0x8c48, 0x8c48, 0x8c48, 0x8c48, 0x8c48, 0x8c48, 0x8c48, 0x8c48, 
  0x8c48, 0x8c48, 0x8c48, 0x8c48, 0x8c48, 0x8c48, 0x8c48, 0x8c48, 0x8c48, 0x8c48, 0x8c48, 0x8c48, 
  0x8c48, 0x8c48, 0x8c48, 0x8c48, 0x8c48, 0x8c48, 0x8c48, 0x8c48, 0x8c48, 0x8c48, 0x8c48, 0x8c48, 
  0x8c48, 0x8c48, 0x8c48, 0x8c48, 0x8c48, 0x8c48, 0x8c48, 0x8c48, 0x8c48, 0x8c48, 0x8c48, 0x8c48, 
  0x8c48, 0x8c48, 0x8c48, 0x8c48, 0x8c48, 0x8c48, 0x8c48, 0x8c48, 0x8c48, 0x8c48, 0x8c48, 0x8c48, 
  0x8c48, 0x8c48, 0x8c48, 0x8c48, 0x8c48, 0x8c48, 0x8c48, 0x8c48, 0x8c48, 0x8c48, 0x8c48, 0x8c48, 
  0x8c48, 0x8c48, 0x8c48, 0x8c48, 0x8c48, 0x8c48, 0x8c48, 0x8c48, 0x8c48, 0x8c48, 0x8c48, 0x8c48, 
  0x8c48, 0x8c48, 0x8c48, 0x8c48, 0x8c48, 0x8c48, 0x8c48, 0x8c48, 0x8c48, 0x8c48, 0x8c48, 0x8c48, 
  0x8c48, 0x8c48, 0x8c48, 0x8c48, 0x8c48, 0x8c48, 0x8c48, 0x8c48, 0x8c48, 0x8c48, 0x8c48, 0x8c48, 
  0x8c48, 0x8c48, 0x8c48, 0x8c48, 0x8c48, 0x8c48, 0x8c48, 0x8c48, 0x8c48, 0x8c48, 0x8c48, 0x8c48, 
  0x8c48, 0x8c48, 0x8c48, 0x8c48, 0x8c48, 0x8c48, 0x8c48, 0x8c48, 0x8c48, 0x8c48, 0x8c48, 0x8c48, 
  0x8c48, 0x8c48, 0x8c48, 0x8c48, 0x8c48, 0x8c48, 0x8c48, 0x8c48, 0x8c48, 0x8c48, 0x8c48, 0x8c48, 
  0x8c48, 0x8c48, 0x8c48, 0x8c48, 0x8c48, 0x8c48, 0x8c48, 0x8c48, 0x8c48, 0x8c48, 0x8c48, 0x8c48, 
  0x8c48, 0x8c48, 0x8c48, 0x8c48, 0x8c48, 0x8c48, 0x8c48, 0x8c48, 0x8c48, 0x8c48, 0x8c48, 0x8c48, 
  0x8c48, 0x8c48, 0x8c48, 0x8c48, 0x8c48, 0x8c48, 0x8c48, 0x8c48, 0x8c48, 0x8c48, 0x8c48, 0x8c48, 
  0x8c48, 0x8c48, 0x8c48, 0x8c48, 0x8c48, 0x8c48, 0x8c48, 0x8c48, 0x8c48, 0x8c48, 0x8c48, 0x8c48, 
  0x8c48, 0x8c48, 0x8c48, 0x8c48, 0x8c48, 0x8c48, 0x8c48, 0x8c48, 0x8c48, 0x8c48, 0x8c48, 0x8c48, 
  0x8c48, 0x8c48, 0x8c48, 0x8c48, 0x8c48, 0x8c48, 0x8c48, 0x8c48, 0x8c48, 0x8c48, 0x8c48, 0x8c48, 
  0x8c48, 0x8c48, 0x8c48, 0x8c48, 0x8c48, 0x8c48, 0x8c48, 0x8c48, 0x8c48, 0x8c48, 0x8c48, 0x8c48, 
  0x8c48, 0x8c48, 0x8c48, 0x8c48, 0x8c48, 0x8c48, 0x8c48, 0x8c48, 0x8c48, 0x8c48, 0x8c48, 0x8c48, 
  0x8c48, 0x8c48, 0x8c48, 0x8c48, 0x8c48, 0x8c48, 0x8c48, 0x8c48, 0x8c48, 0x8c48, 0x8c48, 0x8c48, 
  0x8c48, 0x8c48, 0x8c48, 0x8c48, 0x8c48, 0x8c48, 0x8c48, 0x8c48, 0x8c48, 0x8c48, 0x8c48, 0x8c48, 
  0x8c48, 0x8c48, 0x7c27, 0x7c27, 0x7c27, 0x7c27, 0x8c48, 0x8c48, 0x8c88, 0x8c88, 0x8c88, 0x8c88, 
  0x8c88, 0x8c88, 0x8c48, 0x8c48, 0x8c48, 0x8c48, 0x8c48, 0x8c48, 0x8c48, 0x8c48, 0x8c48, 0x8c48, 
  0x8c48, 0x8c48, 0x8c48, 0x8c48, 0x8c48, 0x8c48, 0x8c48, 0x8c48, 0x8c48, 0x8c48, 0x8c48, 0x8c48, 
  0x8c48, 0x8c48, 0x8c48, 0x8c48, 0x8c48, 0x8c48, 0x8c48, 0x8c48, 0x8c48, 0x8c48, 0x8c48, 0x8c48, 
  0x8c48, 0x8c48, 0x8c48, 0x8c48, 0x8c48, 0x8c48, 0x8c48, 0x8c48, 0x8c48, 0x8c48, 0x8c48, 0x8c48, 
  0x8c48, 0x8c48, 0x8c48, 0x8c48, 0x8c48, 0x8c48, 0x8c48, 0x8c48, 0x8c48, 0x8c48, 0x8c48, 0x8c48, 
  0x8c48, 0x8c48, 0x8c48, 0x8c48, 0x8c48, 0x8c48, 0x8c48, 0x8c48, 0x8c48, 0x8c48, 0x8c48, 0x8c48, 
  0x8c48, 0x8c48, 0x8c48, 0x8c48, 0x8c48, 0x8c48, 0x8c48, 0x8c48, 0x8c48, 0x8c48, 0x8c48, 0x8c48, 
  0x8c48, 0x8c48, 0x8c48, 0x8c48, 0x8c48, 0x8c48, 0x8c48, 0x8c48, 0x8c48, 0x8c48, 0x8c48, 0x8c48, 
  0x8c48, 0x8c48, 0x8c48, 0x8c48, 0x8c48, 0x8c48, 0x8c48, 0x8c48, 0x8c48, 0x8c48, 0x8c48, 0x8c48, 
  0x8c48, 0x8c48, 0x8c48, 0x8c48, 0x8c48, 0x8c48, 0x8c48, 0x8c48, 0x8c48, 0x8c48, 0x8c48, 0x8c48, 
  0x8c48, 0x8c48, 0x8c48, 0x8c48, 0x8c48, 0x8c48, 0x8c48, 0x8c48, 0x8c48, 0x8c48, 0x8c48, 0x8c48, 
  0x8c48, 0x8c48, 0x8c48, 0x8c48, 0x8c48, 0x8c48, 0x8c48, 0x8c48, 0x8c48, 0x8c48, 0x8c48, 0x8c48, 
  0x8c48, 0x8c48, 0x8c48, 0x8c48, 0x8c48, 0x8c48, 0x8c48, 0x8c48, 0x8c48, 0x8c48, 0x8c48, 0x8c48, 
  0x8c48, 0x8c48, 0x8c48, 0x8c48, 0x8c48, 0x8c48, 0x8c48, 0x8c48, 0x8c48, 0x8c48, 0x8c48, 0x8c48, 
  0x8c48, 0x8c48, 0x8c48, 0x8c48, 0x8c48, 0x8c48, 0x8c48, 0x8c48, 0x8c48, 0x8c48, 0x8c48, 0x8c48, 
  0x8c48, 0x8c48, 0x8c48, 0x8c48, 0x8c48, 0x8c48, 0x8c48, 0x8c48, 0x8c48, 0x8c48, 0x8c48, 0x8c48, 
  0x8c48, 0x8c48, 0x8c48, 0x8c48, 0x8c48, 0x8c48, 0x8c48, 0x8c48, 0x8c48, 0x8c48, 0x8c48, 0x8c48, 
  0x8c48, 0x8c48, 0x8c48, 0x8c48, 0x8c48, 0x8c48, 0x8c48, 0x8c48, 0x8c48, 0x8c48, 0x8c48, 0x8c48, 
  0x8c48, 0x8c48, 0x8c48, 0x8c48, 0x8c48, 0x8c48, 0x8c48, 0x8c48, 0x8c48, 0x8c48, 0x8c48, 0x8c48, 
  0x8c48, 0x8c48, 0x8c48, 0x8c48, 0x8c48, 0x8c48, 0x8c48, 0x8c48, 0x8c48, 0x8c48, 0x8c48, 0x8c48, 
  0x8c48, 0x8c48, 0x8c48, 0x8c48, 0x8c48, 0x8c48, 0x8c48, 0x8c48, 0x8c48, 0x8c48, 0x8c48, 0x8c48, 
  0x8c48, 0x8c48, 0x8c48, 0x8c48, 0x8c48, 0x8c48, 0x8c48, 0x8c48, 0x8c48, 0x8c48, 0x8c48, 0x8c48, 
  0x8c48, 0x8c48, 0x8c48, 0x8c48, 0x8c48, 0x8c48, 0x7c27, 0x7c27, 0x7c27, 0x7c27, 0x8c48, 0x8c48, 
  0x8c88, 0x8c88, 0x8c88, 0x8c88, 0x8c88, 0x8c88, 0x8c48, 0x8c48, 0x8c48, 0x8c48, 0x8c48, 0x8c48, 
  0x8c48, 0x8c48, 0x8c48, 0x8c48, 0x8c48, 0x8c48, 0x8c48, 0x8c48, 0x8c48, 0x8c48, 0x8c48, 0x8c48, 
  0x8c48, 0x8c48, 0x8c48, 0x8c48, 0x8c48, 0x8c48, 0x8c48, 0x8c48, 0x8c48, 0x8c48, 0x8c48, 0x8c48, 
  0x8c48, 0x8c48, 0x8c48, 0x8c48, 0x8c48, 0x8c48, 0x8c48, 0x8c48, 0x8c48, 0x8c48, 0x8c48, 0x8c48, 
  0x8c48, 0x8c48, 0x8c48, 0x8c48, 0x8c48, 0x8c48, 0x8c48, 0x8c48, 0x8c48, 0x8c48, 0x8c48, 0x8c48, 
  0x8c48, 0x8c48, 0x8c48, 0x8c48, 0x8c48, 0x8c48, 0x8c48, 0x8c48, 0x8c48, 0x8c48, 0x8c48, 0x8c48, 
  0x8c48, 0x8c48, 0x8c48, 0x8c48, 0x8c48, 0x8c48, 0x8c48, 0x8c48, 0x8c48, 0x8c48, 0x8c48, 0x8c48, 
  0x8c48, 0x8c48, 0x8c48, 0x8c48, 0x8c48, 0x8c48, 0x8c48, 0x8c48, 0x8c48, 0x8c48, 0x8c48, 0x8c48, 
  0x8c48, 0x8c48, 0x8c48, 0x8c48, 0x8c48, 0x8c48, 0x8c48, 0x8c48, 0x8c48, 0x8c48, 0x8c48, 0x8c48, 
  0x8c48, 0x8c48, 0x8c48, 0x8c48, 0x8c48, 0x8c48, 0x8c48, 0x8c48, 0x8c48, 0x8c48, 0x8c48, 0x8c48, 
  0x8c48, 0x8c48, 0x8c48, 0x8c48, 0x8c48, 0x8c48, 0x8c48, 0x8c48, 0x8c48, 0x8c48, 0x8c48, 0x8c48, 
  0x8c48, 0x8c48, 0x8c48, 0x8c48, 0x8c48, 0x8c48, 0x8c48, 0x8c48, 0x8c48, 0x8c48, 0x8c48, 0x8c48, 
  0x8c48, 0x8c48, 0x8c48, 0x8c48, 0x8c48, 0x8c48, 0x8c48, 0x8c48, 0x8c48, 0x8c48, 0x8c48, 0x8c48, 
  0x8c48, 0x8c48, 0x8c48, 0x8c48, 0x8c48, 0x8c48, 0x8c48, 0x8c48, 0x8c48, 0x8c48, 0x8c48, 0x8c48, 
  0x8c48, 0x8c48, 0x8c48, 0x8c48, 0x8c48, 0x8c48, 0x8c48, 0x8c48, 0x8c48, 0x8c48, 0x8c48, 0x8c48, 
  0x8c48, 0x8c48, 0x8c48, 0x8c48, 0x8c48, 0x8c48, 0x8c48, 0x8c48, 0x8c48, 0x8c48, 0x8c48, 0x8c48, 
  0x8c48, 0x8c48, 0x8c48, 0x8c48, 0x8c48, 0x8c48, 0x8c48, 0x8c48, 0x8c48, 0x8c48, 0x8c48, 0x8c48, 
  0x8c48, 0x8c48, 0x8c48, 0x8c48, 0x8c48, 0x8c48, 0x8c48, 0x8c48, 0x8c48, 0x8c48, 0x8c48, 0x8c48, 
  0x8c48, 0x8c48, 0x8c48, 0x8c48, 0x8c48, 0x8c48, 0x8c48, 0x8c48, 0x8c48, 0x8c48, 0x8c48, 0x8c48, 
  0x8c48, 0x8c48, 0x8c48, 0x8c48, 0x8c48, 0x8c48, 0x8c48, 0x8c48, 0x8c48, 0x8c48, 0x8c48, 0x8c48, 
  0x8c48, 0x8c48, 0x8c48, 0x8c48, 0x8c48, 0x8c48, 0x8c48, 0x8c48, 0x8c48, 0x8c48, 0x8c48, 0x8c48, 
  0x8c48, 0x8c48, 0x8c48, 0x8c48, 0x8c48, 0x8c48, 0x8c48, 0x8c48, 0x8c48, 0x8c48, 0x8c48, 0x8c48, 
  0x8c48, 0x8c48, 0x8c48, 0x8c48, 0x8c48, 0x8c48, 0x8c48, 0x8c48, 0x8c48, 0x8c48, 0x8c48, 0x8c48, 
  0x8c48, 0x8c48, 0x8c48, 0x8c48, 0x8c88, 0x8c88, 0x8c88, 0x8c88, 0x7c27, 0x7c27, 0x8c48, 0x8c48, 
  0x8c48, 0x8c48, 0x8c48, 0x8c48, 0x8c48, 0x8c48, 0x8c48, 0x8c48, 0x8c48, 0x8c48, 0x8c48, 0x8c48, 
  0x8c48, 0x8c48, 0x8c48, 0x8c48, 0x8c48, 0x8c48, 0x8c48, 0x8c48, 0x8c48, 0x8c48, 0x8c48, 0x8c48, 
  0x8c48, 0x8c48, 0x8c48, 0x8c48, 0x8c48, 0x8c48, 0x8c48, 0x8c48, 0x8c48, 0x8c48, 0x8c48, 0x8c48, 
  0x8c48, 0x8c48, 0x8c48, 0x8c48, 0x8c48, 0x8c48, 0x8c48, 0x8c48, 0x8c48, 0x8c48, 0x8c48, 0x8c48, 
  0x8c48, 0x8c48, 0x8c48, 0x8c48, 0x8c48, 0x8c48, 0x8c48, 0x8c48, 0x8c48, 0x8c48, 0x8c48, 0x8c48, 
  0x8c48, 0x8c48, 0x8c48, 0x8c48, 0x8c48, 0x8c48, 0x8c48, 0x8c48, 0x8c48, 0x8c48, 0x8c48, 0x8c48, 
  0x8c48, 0x8c48, 0x8c48, 0x8c48, 0x8c48, 0x8c48, 0x8c48, 0x8c48, 0x8c48, 0x8c48, 0x8c48, 0x8c48, 
  0x8c48, 0x8c48, 0x8c48, 0x8c48, 0x8c48, 0x8c48, 0x8c48, 0x8c48, 0x8c48, 0x8c48, 0x8c48, 0x8c48, 
  0x8c48, 0x8c48, 0x8c48, 0x8c48, 0x8c48, 0x8c48, 0x8c48, 0x8c48, 0x8c48, 0x8c48, 0x8c48, 0x8c48, 
  0x8c48, 0x8c48, 0x8c48, 0x8c48, 0x8c48, 0x8c48, 0x8c48, 0x8c48, 0x8c48, 0x8c48, 0x8c48, 0x8c48, 
  0x8c48, 0x8c48, 0x8c48, 0x8c48, 0x8c48, 0x8c48, 0x8c48, 0x8c48, 0x8c48, 0x8c48, 0x8c48, 0x8c48, 
  0x8c48, 0x8c48, 0x8c48, 0x8c48, 0x8c48, 0x8c48, 0x8c48, 0x8c48, 0x8c48, 0x8c48, 0x8c48, 0x8c48, 
  0x8c48, 0x8c48, 0x8c48, 0x8c48, 0x8c48, 0x8c48, 0x8c48, 0x8c48, 0x8c48, 0x8c48, 0x8c48, 0x8c48, 
  0x8c48, 0x8c48, 0x8c48, 0x8c48, 0x8c48, 0x8c48, 0x8c48, 0x8c48, 0x8c48, 0x8c48, 0x8c48, 0x8c48, 
  0x8c48, 0x8c48, 0x8c48, 0x8c48, 0x8c48, 0x8c48, 0x8c48, 0x8c48, 0x8c48, 0x8c48, 0x8c48, 0x8c48, 
  0x8c48, 0x8c48, 0x8c48, 0x8c48, 0x8c48, 0x8c48, 0x8c48, 0x8c48, 0x8c48, 0x8c48, 0x8c48, 0x8c48, 
  0x8c48, 0x8c48, 0x8c48, 0x8c48, 0x8c48, 0x8c48, 0x8c48, 0x8c48, 0x8c48, 0x8c48, 0x8c48, 0x8c48, 
  0x8c48, 0x8c48, 0x8c48, 0x8c48, 0x8c48, 0x8c48, 0x8c48, 0x8c48, 0x8c48, 0x8c48, 0x8c48, 0x8c48, 
  0x8c48, 0x8c48, 0x8c48, 0x8c48, 0x8c48, 0x8c48, 0x8c48, 0x8c48, 0x8c48, 0x8c48, 0x8c48, 0x8c48, 
  0x8c48, 0x8c48, 0x8c48, 0x8c48, 0x8c48, 0x8c48, 0x8c48, 0x8c48, 0x8c48, 0x8c48, 0x8c48, 0x8c48, 
  0x8c48, 0x8c48, 0x8c48, 0x8c48, 0x8c48, 0x8c48, 0x8c48, 0x8c48, 0x8c48, 0x8c48, 0x8c48, 0x8c48, 
  0x8c48, 0x8c48, 0x8c48, 0x8c48, 0x8c48, 0x8c48, 0x8c48, 0x8c48, 0x8c48, 0x8c48, 0x8c48, 0x8c48, 
  0x8c48, 0x8c48, 0x8c48, 0x8c48, 0x8c48, 0x8c48, 0x8c48, 0x8c48, 0x8c88, 0x8c88, 0x8c88, 0x8c88, 
  0x7c27, 0x7c27, 0x8c48, 0x8c48, 0x8c48, 0x8c48, 0x8c48, 0x8c48, 0x8c48, 0x8c48, 0x8c48, 0x8c48, 
  0x8c48, 0x8c48, 0x8c48, 0x8c48, 0x8c48, 0x8c48, 0x8c48, 0x8c48, 0x8c48, 0x8c48, 0x8c48, 0x8c48, 
  0x8c48, 0x8c48, 0x8c48, 0x8c48, 0x8c48, 0x8c48, 0x8c48, 0x8c48, 0x8c48, 0x8c48, 0x8c48, 0x8c48, 
  0x8c48, 0x8c48, 0x8c48, 0x8c48, 0x8c48, 0x8c48, 0x8c48, 0x8c48, 0x8c48, 0x8c48, 0x8c48, 0x8c48, 
  0x8c48, 0x8c48, 0x8c48, 0x8c48, 0x8c48, 0x8c48, 0x8c48, 0x8c48, 0x8c48, 0x8c48, 0x8c48, 0x8c48, 
  0x8c48, 0x8c48, 0x8c48, 0x8c48, 0x8c48, 0x8c48, 0x8c48, 0x8c48, 0x8c48, 0x8c48, 0x8c48, 0x8c48, 
  0x8c48, 0x8c48, 0x8c48, 0x8c48, 0x8c48, 0x8c48, 0x8c48, 0x8c48, 0x8c48, 0x8c48, 0x8c48, 0x8c48, 
  0x8c48, 0x8c48, 0x8c48, 0x8c48, 0x8c48, 0x8c48, 0x8c48, 0x8c48, 0x8c48, 0x8c48, 0x8c48, 0x8c48, 
  0x8c48, 0x8c48, 0x8c48, 0x8c48, 0x8c48, 0x8c48, 0x8c48, 0x8c48, 0x8c48, 0x8c48, 0x8c48, 0x8c48, 
  0x8c48, 0x8c48, 0x8c48, 0x8c48, 0x8c48, 0x8c48, 0x8c48, 0x8c48, 0x8c48, 0x8c48, 0x8c48, 0x8c48, 
  0x8c48, 0x8c48, 0x8c48, 0x8c48, 0x8c48, 0x8c48, 0x8c48, 0x8c48, 0x8c48, 0x8c48, 0x8c48, 0x8c48, 
  0x8c48, 0x8c48, 0x8c48, 0x8c48, 0x8c48, 0x8c48, 0x8c48, 0x8c48, 0x8c48, 0x8c48, 0x8c48, 0x8c48, 
  0x8c48, 0x8c48, 0x8c48, 0x8c48, 0x8c48, 0x8c48, 0x8c48, 0x8c48, 0x8c48, 0x8c48, 0x8c48, 0x8c48, 
  0x8c48, 0x8c48, 0x8c48, 0x8c48, 0x8c48, 0x8c48, 0x8c48, 0x8c48, 0x8c48, 0x8c48, 0x8c48, 0x8c48, 
  0x8c48, 0x8c48, 0x8c48, 0x8c48, 0x8c48, 0x8c48, 0x8c48, 0x8c48, 0x8c48, 0x8c48, 0x8c48, 0x8c48, 
  0x8c48, 0x8c48, 0x8c48, 0x8c48, 0x8c48, 0x8c48, 0x8c48, 0x8c48, 0x8c48, 0x8c48, 0x8c48, 0x8c48, 
  0x8c48, 0x8c48, 0x8c48, 0x8c48, 0x8c48, 0x8c48, 0x8c48, 0x8c48, 0x8c48, 0x8c48, 0x8c48, 0x8c48, 
  0x8c48, 0x8c48, 0x8c48, 0x8c48, 0x8c48, 0x8c48, 0x8c48, 0x8c48, 0x8c48, 0x8c48, 0x8c48, 0x8c48, 
  0x8c48, 0x8c48, 0x8c48, 0x8c48, 0x8c48, 0x8c48, 0x8c48, 0x8c48, 0x8c48, 0x8c48, 0x8c48, 0x8c48, 
  0x8c48, 0x8c48, 0x8c48, 0x8c48, 0x8c48, 0x8c48, 0x8c48, 0x8c48, 0x8c48, 0x8c48, 0x8c48, 0x8c48, 
  0x8c48, 0x8c48, 0x8c48, 0x8c48, 0x8c48, 0x8c48, 0x8c48, 0x8c48, 0x8c48, 0x8c48, 0x8c48, 0x8c48, 
  0x8c48, 0x8c48, 0x8c48, 0x8c48, 0x8c48, 0x8c48, 0x8c48, 0x8c48, 0x8c48, 0x8c48, 0x8c48, 0x8c48, 
  0x8c48, 0x8c48, 0x8c48, 0x8c48, 0x8c48, 0x8c48, 0x8c48, 0x8c48, 0x8c48, 0x8c48, 0x8c48, 0x8c48, 
  0x7c27, 0x7c27, 0x7c27, 0x7c27, 0x8c48, 0x8c48, 0x8c48, 0x8c48, 0x8c48, 0x8c48, 0x8c48, 0x8c48, 
  0x8c48, 0x8c48, 0x8c48, 0x8c48, 0x8c48, 0x8c48, 0x8c48, 0x8c48, 0x8c48, 0x8c48, 0x8c48, 0x8c48, 
  0x8c48, 0x8c48, 0x8c48, 0x8c48, 0x8c48, 0x8c48, 0x8c48, 0x8c48, 0x8c48, 0x8c48, 0x8c48, 0x8c48, 
  0x8c48, 0x8c48, 0x8c48, 0x8c48, 0x8c48, 0x8c48, 0x8c48, 0x8c48, 0x8c48, 0x8c48, 0x8c48, 0x8c48, 
  0x8c48, 0x8c48, 0x8c48, 0x8c48, 0x8c48, 0x8c48, 0x8c48, 0x8c48, 0x8c48, 0x8c48, 0x8c48, 0x8c48, 
  0x8c48, 0x8c48, 0x8c48, 0x8c48, 0x8c48, 0x8c48, 0x8c48, 0x8c48, 0x8c48, 0x8c48, 0x8c48, 0x8c48, 
  0x8c48, 0x8c48, 0x8c48, 0x8c48, 0x8c48, 0x8c48, 0x8c48, 0x8c48, 0x8c48, 0x8c48, 0x8c48, 0x8c48, 
  0x8c48, 0x8c48, 0x8c48, 0x8c48, 0x8c48, 0x8c48, 0x8c48, 0x8c48, 0x8c48, 0x8c48, 0x8c48, 0x8c48, 
  0x8c48, 0x8c48, 0x8c48, 0x8c48, 0x8c48, 0x8c48, 0x8c48, 0x8c48, 0x8c48, 0x8c48, 0x8c48, 0x8c48, 
  0x8c48, 0x8c48, 0x8c48, 0x8c48, 0x8c48, 0x8c48, 0x8c48, 0x8c48, 0x8c48, 0x8c48, 0x8c48, 0x8c48, 
  0x8c48, 0x8c48, 0x8c48, 0x8c48, 0x8c48, 0x8c48, 0x8c48, 0x8c48, 0x8c48, 0x8c48, 0x8c48, 0x8c48, 
  0x8c48, 0x8c48, 0x8c48, 0x8c48, 0x8c48, 0x8c48, 0x8c48, 0x8c48, 0x8c48, 0x8c48, 0x8c48, 0x8c48, 
  0x8c48, 0x8c48, 0x8c48, 0x8c48, 0x8c48, 0x8c48, 0x8c48, 0x8c48, 0x8c48, 0x8c48, 0x8c48, 0x8c48, 
  0x8c48, 0x8c48, 0x8c48, 0x8c48, 0x8c48, 0x8c48, 0x8c48, 0x8c48, 0x8c48, 0x8c48, 0x8c48, 0x8c48, 
  0x8c48, 0x8c48, 0x8c48, 0x8c48, 0x8c48, 0x8c48, 0x8c48, 0x8c48, 0x8c48, 0x8c48, 0x8c48, 0x8c48, 
  0x8c48, 0x8c48, 0x8c48, 0x8c48, 0x8c48, 0x8c48, 0x8c48, 0x8c48, 0x8c48, 0x8c48, 0x8c48, 0x8c48, 
  0x8c48, 0x8c48, 0x8c48, 0x8c48, 0x8c48, 0x8c48, 0x8c48, 0x8c48, 0x8c48, 0x8c48, 0x8c48, 0x8c48, 
  0x8c48, 0x8c48, 0x8c48, 0x8c48, 0x8c48, 0x8c48, 0x8c48, 0x8c48, 0x8c48, 0x8c48, 0x8c48, 0x8c48, 
  0x8c48, 0x8c48, 0x8c48, 0x8c48, 0x8c48, 0x8c48, 0x8c48, 0x8c48, 0x8c48, 0x8c48, 0x8c48, 0x8c48, 
  0x8c48, 0x8c48, 0x8c48, 0x8c48, 0x8c48, 0x8c48, 0x8c48, 0x8c48, 0x8c48, 0x8c48, 0x8c48, 0x8c48, 
  0x8c48, 0x8c48, 0x8c48, 0x8c48, 0x8c48, 0x8c48, 0x8c48, 0x8c48, 0x8c48, 0x8c48, 0x8c48, 0x8c48, 
  0x8c48, 0x8c48, 0x8c48, 0x8c48, 0x8c48, 0x8c48, 0x8c48, 0x8c48, 0x8c48, 0x8c48, 0x8c48, 0x8c48, 
  0x8c48, 0x8c48, 0x8c48, 0x8c48, 0x8c48, 0x8c48, 0x8c48, 0x8c48, 0x8c48, 0x8c48, 0x8c48, 0x8c48, 
  0x8c48, 0x8c48, 0x8c48, 0x8c48, 0x7c27, 0x7c27, 0x7c27, 0x7c27, 0x8c48, 0x8c48, 0x8c48, 0x8c48, 
  0x8c48, 0x8c48, 0x8c48, 0x8c48, 0x8c48, 0x8c48, 0x8c48, 0x8c48, 0x8c48, 0x8c48, 0x8c48, 0x8c48, 
  0x8c48, 0x8c48, 0x8c48, 0x8c48, 0x8c48, 0x8c48, 0x8c48, 0x8c48, 0x8c48, 0x8c48, 0x8c48, 0x8c48, 
  0x8c48, 0x8c48, 0x8c48, 0x8c48, 0x8c48, 0x8c48, 0x8c48, 0x8c48, 0x8c48, 0x8c48, 0x8c48, 0x8c48, 
  0x8c48, 0x8c48, 0x8c48, 0x8c48, 0x8c48, 0x8c48, 0x8c48, 0x8c48, 0x8c48, 0x8c48, 0x8c48, 0x8c48, 
  0x8c48, 0x8c48, 0x8c48, 0x8c48, 0x8c48, 0x8c48, 0x8c48, 0x8c48, 0x8c48, 0x8c48, 0x8c48, 0x8c48, 
  0x8c48, 0x8c48, 0x8c48, 0x8c48, 0x8c48, 0x8c48, 0x8c48, 0x8c48, 0x8c48, 0x8c48, 0x8c48, 0x8c48, 
  0x8c48, 0x8c48, 0x8c48, 0x8c48, 0x8c48, 0x8c48, 0x8c48, 0x8c48, 0x8c48, 0x8c48, 0x8c48, 0x8c48, 
  0x8c48, 0x8c48, 0x8c48, 0x8c48, 0x8c48, 0x8c48, 0x8c48, 0x8c48, 0x8c48, 0x8c48, 0x8c48, 0x8c48, 
  0x8c48, 0x8c48, 0x8c48, 0x8c48, 0x8c48, 0x8c48, 0x8c48, 0x8c48, 0x8c48, 0x8c48, 0x8c48, 0x8c48, 
  0x8c48, 0x8c48, 0x8c48, 0x8c48, 0x8c48, 0x8c48, 0x8c48, 0x8c48, 0x8c48, 0x8c48, 0x8c48, 0x8c48, 
  0x8c48, 0x8c48, 0x8c48, 0x8c48, 0x8c48, 0x8c48, 0x8c48, 0x8c48, 0x8c48, 0x8c48, 0x8c48, 0x8c48, 
  0x8c48, 0x8c48, 0x8c48, 0x8c48, 0x8c48, 0x8c48, 0x8c48, 0x8c48, 0x8c48, 0x8c48, 0x8c48, 0x8c48, 
  0x8c48, 0x8c48, 0x8c48, 0x8c48, 0x8c48, 0x8c48, 0x8c48, 0x8c48, 0x8c48, 0x8c48, 0x8c48, 0x8c48, 
  0x8c48, 0x8c48, 0x8c48, 0x8c48, 0x8c48, 0x8c48, 0x8c48, 0x8c48, 0x8c48, 0x8c48, 0x8c48, 0x8c48, 
  0x8c48, 0x8c48, 0x8c48, 0x8c48, 0x8c48, 0x8c48, 0x8c48, 0x8c48, 0x8c48, 0x8c48, 0x8c48, 0x8c48, 
  0x8c48, 0x8c48, 0x8c48, 0x8c48, 0x8c48, 0x8c48, 0x8c48, 0x8c48, 0x8c48, 0x8c48, 0x8c48, 0x8c48, 
  0x8c48, 0x8c48, 0x8c48, 0x8c48, 0x8c48, 0x8c48, 0x8c48, 0x8c48, 0x8c48, 0x8c48, 0x8c48, 0x8c48, 
  0x8c48, 0x8c48, 0x8c48, 0x8c48, 0x8c48, 0x8c48, 0x8c48, 0x8c48, 0x8c48, 0x8c48, 0x8c48, 0x8c48, 
  0x8c48, 0x8c48, 0x8c48, 0x8c48, 0x8c48, 0x8c48, 0x8c48, 0x8c48, 0x8c48, 0x8c48, 0x8c48, 0x8c48, 
  0x8c48, 0x8c48, 0x8c48, 0x8c48, 0x8c48, 0x8c48, 0x8c48, 0x8c48, 0x8c48, 0x8c48, 0x8c48, 0x8c48, 
  0x8c48, 0x8c48, 0x8c48, 0x8c48, 0x8c48, 0x8c48, 0x8c48, 0x8c48, 0x8c48, 0x8c48, 0x8c48, 0x8c48, 
  0x8c48, 0x8c48, 0x8c48, 0x8c48, 0x8c48, 0x8c48, 0x8c48, 0x8c48, 0x8c48, 0x8c48, 0x8c48, 0x8c48, 
  0x8c48, 0x8c48, 0x8c48, 0x8c48, 0x8c48, 0x8c48, 0x8c48, 0x8c48, 0x8c48, 0x8c48, 0x8c48, 0x8c48, 
  0x8c48, 0x8c48, 0x8c48, 0x8c48, 0x8c48, 0x8c48, 0x8c48, 0x8c48, 0x8c48, 0x8c48, 0x8c48, 0x8c48, 
  0x8c48, 0x8c48, 0x8c48, 0x8c48, 0x8c48, 0x8c48, 0x8c48, 0x8c48, 0x8c48, 0x8c48, 0x8c48, 0x8c48, 
  0x8c48, 0x8c48, 0x8c48, 0x8c48, 0x8c48, 0x8c48, 0x8c48, 0x8c48, 0x8c48, 0x8c48, 0x8c48, 0x8c48, 
  0x8c48, 0x8c48, 0x8c48, 0x8c48, 0x8c48, 0x8c48, 0x8c48, 0x8c48, 0x8c48, 0x8c48, 0x8c48, 0x8c48, 
  0x8c48, 0x8c48, 0x8c48, 0x8c48, 0x8c48, 0x8c48, 0x8c48, 0x8c48, 0x8c48, 0x8c48, 0x8c48, 0x8c48, 
  0x8c48, 0x8c48, 0x8c48, 0x8c48, 0x8c48, 0x8c48, 0x8c48, 0x8c48, 0x8c48, 0x8c48, 0x8c48, 0x8c48, 
  0x8c48, 0x8c48, 0x8c48, 0x8c48, 0x8c48, 0x8c48, 0x8c48, 0x8c48, 0x8c48, 0x8c48, 0x8c48, 0x8c48, 
  0x8c48, 0x8c48, 0x8c48, 0x8c48, 0x8c48, 0x8c48, 0x8c48, 0x8c48, 0x8c48, 0x8c48, 0x8c48, 0x8c48, 
  0x8c48, 0x8c48, 0x8c48, 0x8c48, 0x8c48, 0x8c48, 0x8c48, 0x8c48, 0x8c48, 0x8c48, 0x8c48, 0x8c48, 
  0x8c48, 0x8c48, 0x8c48, 0x8c48, 0x8c48, 0x8c48, 0x8c48, 0x8c48, 0x8c48, 0x8c48, 0x8c48, 0x8c48, 
  0x8c48, 0x8c48, 0x8c48, 0x8c48, 0x8c48, 0x8c48, 0x8c48, 0x8c48, 0x8c48, 0x8c48, 0x8c48, 0x8c48, 
  0x8c48, 0x8c48, 0x8c48, 0x8c48, 0x8c48, 0x8c48, 0x8c48, 0x8c48, 0x8c48, 0x8c48, 0x8c48, 0x8c48, 
  0x8c48, 0x8c48, 0x8c48, 0x8c48, 0x8c48, 0x8c48, 0x8c48, 0x8c48, 0x8c48, 0x8c48, 0x8c48, 0x8c48, 
  0x8c48, 0x8c48, 0x8c48, 0x8c48, 0x8c48, 0x8c48, 0x8c48, 0x8c48, 0x8c48, 0x8c48, 0x8c48, 0x8c48, 
  0x8c48, 0x8c48, 0x8c48, 0x8c48, 0x8c48, 0x8c48, 0x8c48, 0x8c48, 0x8c48, 0x8c48, 0x8c48, 0x8c48, 
  0x8c48, 0x8c48, 0x8c48, 0x8c48, 0x8c48, 0x8c48, 0x8c48, 0x8c48, 0x8c48, 0x8c48, 0x8c48, 0x8c48, 
  0x8c48, 0x8c48, 0x8c48, 0x8c48, 0x8c48, 0x8c48, 0x8c48, 0x8c48, 0x8c48, 0x8c48, 0x8c48, 0x8c48, 
  0x8c48, 0x8c48, 0x8c48, 0x8c48, 0x8c48, 0x8c48, 0x8c48, 0x8c48, 0x8c48, 0x8c48, 0x8c48, 0x8c48, 
  0x8c48, 0x8c48, 0x8c48, 0x8c48, 0x8c48, 0x8c48, 0x8c48, 0x8c48, 0x8c48, 0x8c48, 0x8c48, 0x8c48, 
  0x8c48, 0x8c48, 0x8c48, 0x8c48, 0x8c48, 0x8c48, 0x8c48, 0x8c48, 0x8c48, 0x8c48, 0x8c48, 0x8c48, 
  0x8c48, 0x8c48, 0x8c48, 0x8c48, 0x8c48, 0x8c48, 0x8c48, 0x8c48, 0x8c48, 0x8c48, 0x8c48, 0x8c48, 
  0x8c48, 0x8c48, 0x8c48, 0x8c48, 0x8c48, 0x8c48, 0x8c48, 0x8c48, 0x8c48, 0x8c48, 0x8c48, 0x8c48, 
  0x8c48, 0x8c48, 0x8c48, 0x8c48, 0x8c48, 0x8c48, 0x8c48, 0x8c48, 0x8c48, 0x8c48, 0x8c48, 0x8c48, 
  0x8c48, 0x8c48, 0x8c48, 0x8c48, 0x8c48, 0x8c48, 0x8c48, 0x8c48, 0x8c48, 0x8c48, 0x8c48, 0x8c48, 
  0x8c48, 0x8c48, 0x8c48, 0x8c48, 0x8c48, 0x8c48, 0x8c48, 0x8c48, 0x8c48, 0x8c48, 0x8c48, 0x8c48, 
  0x8c48, 0x8c48, 0x8c48, 0x8c48, 0x8c48, 0x8c48, 0x8c48, 0x8c48, 0x8c48, 0x8c48, 0x8c48, 0x8c48, 
  0x8c48, 0x8c48, 0x8c48, 0x8c48, 0x8c48, 0x8c48, 0x8c48, 0x8c48, 0x8c48, 0x8c48, 0x8c48, 0x8c48, 
  0x8c48, 0x8c48, 0x8c48, 0x8c48, 0x8c48, 0x8c48, 0x8c48, 0x8c48, 0x8c48, 0x8c48, 0x8c48, 0x8c48, 
  0x8c48, 0x8c48, 0x8c48, 0x8c48, 0x8c48, 0x8c48, 0x8c48, 0x8c48, 0x8c48, 0x8c48, 0x8c48, 0x8c48, 
  0x8c48, 0x8c48, 0x8c48, 0x8c48, 0x8c48, 0x8c48, 0x8c48, 0x8c48, 0x8c48, 0x8c48, 0x8c48, 0x8c48, 
  0x8c48, 0x8c48, 0x8c48, 0x8c48, 0x8c48, 0x8c48, 0x8c48, 0x8c48, 0x8c48, 0x8c48, 0x8c48, 0x8c48, 
  0x8c48, 0x8c48, 0x8c48, 0x8c48, 0x8c48, 0x8c48, 0x8c48, 0x8c48, 0x8c48, 0x8c48, 0x8c48, 0x8c48, 
  0x8c48, 0x8c48, 0x8c48, 0x8c48, 0x8c48, 0x8c48, 0x8c48, 0x8c48, 0x8c48, 0x8c48, 0x8c48, 0x8c48, 
  0x8c48, 0x8c48, 0x8c48, 0x8c48, 0x8c48, 0x8c48, 0x8c48, 0x8c48, 0x8c48, 0x8c48, 0x8c48, 0x8c48, 
  0x8c48, 0x8c48, 0x8c48, 0x8c48, 0x8c48, 0x8c48, 0x8c48, 0x8c48, 0x8c48, 0x8c48, 0x8c48, 0x8c48, 
  0x8c48, 0x8c48, 0x8c48, 0x8c48, 0x8c48, 0x8c48, 0x8c48, 0x8c48, 0x8c48, 0x8c48, 0x8c48, 0x8c48, 
  0x8c48, 0x8c48, 0x8c48, 0x8c48, 0x8c48, 0x8c48, 0x8c48, 0x8c48, 0x8c48, 0x8c48, 0x8c48, 0x8c48, 
  0x8c48, 0x8c48, 0x8c48, 0x8c48, 0x8c48, 0x8c48, 0x8c48, 0x8c48, 0x8c48, 0x8c48, 0x8c48, 0x8c48, 
  0x8c48, 0x8c48, 0x8c48, 0x8c48, 0x8c48, 0x8c48, 0x8c48, 0x8c48, 0x8c48, 0x8c48, 0x8c48, 0x8c48, 
  0x8c48, 0x8c48, 0x8c48, 0x8c48, 0x8c48, 0x8c48, 0x8c48, 0x8c48, 0x8c48, 0x8c48, 0x8c48, 0x8c48, 
  0x8c48, 0x8c48, 0x8c48, 0x8c48, 0x8c48, 0x8c48, 0x8c48, 0x8c48, 0x8c48, 0x8c48, 0x8c48, 0x8c48, 
  0x8c48, 0x8c48, 0x8c48, 0x8c48, 0x8c48, 0x8c48, 0x8c48, 0x8c48, 0x8c48, 0x8c48, 0x8c48, 0x8c48, 
  0x8c48, 0x8c48, 0x8c48, 0x8c48, 0x8c48, 0x8c48, 0x8c48, 0x8c48, 0x8c48, 0x8c48, 0x8c48, 0x8c48, 
  0x8c48, 0x8c48, 0x8c48, 0x8c48, 0x8c48, 0x8c48, 0x8c48, 0x8c48, 0x8c48, 0x8c48, 0x8c48, 0x8c48, 
  0x8c48, 0x8c48, 0x8c48, 0x8c48, 0x8c48, 0x8c48, 0x8c48, 0x8c48, 0x8c48, 0x8c48, 0x8c48, 0x8c48, 
  0x8c48, 0x8c48, 0x8c48, 0x8c48, 0x8c48, 0x8c48, 0x8c48, 0x8c48, 0x8c48, 0x8c48, 0x8c48, 0x8c48, 
  0x8c48, 0x8c48, 0x8c48, 0x8c48, 0x8c48, 0x8c48, 0x8c48, 0x8c48, 0x8c48, 0x8c48, 0x8c48, 0x8c48, 
  0x8c48, 0x8c48, 0x8c48, 0x8c48, 0x8c48, 0x8c48, 0x8c48, 0x8c48, 0x8c48, 0x8c48, 0x8c48, 0x8c48, 
  0x8c48, 0x8c48, 0x8c48, 0x8c48, 0x8c48, 0x8c48, 0x8c48, 0x8c48, 0x8c48, 0x8c48, 0x8c48, 0x8c48, 
  0x8c48, 0x8c48, 0x8c48, 0x8c48, 0x8c48, 0x8c48, 0x8c48, 0x8c48, 0x8c48, 0x8c48, 0x8c48, 0x8c48, 
  0x8c48, 0x8c48, 0x8c48, 0x8c48, 0x8c48, 0x8c48, 0x8c48, 0x8c48, 0x8c48, 0x8c48, 0x8c48, 0x8c48, 
  0x8c48, 0x8c48, 0x8c48, 0x8c48, 0x8c48, 0x8c48, 0x8c48, 0x8c48, 0x8c48, 0x8c48, 0x8c48, 0x8c48, 
  0x8c48, 0x8c48, 0x8c48, 0x8c48, 0x8c48, 0x8c48, 0x8c48, 0x8c48, 0x8c48, 0x8c48, 0x8c48, 0x8c48, 
  0x8c48, 0x8c48, 0x8c48, 0x8c48, 0x8c48, 0x8c48, 0x8c48, 0x8c48, 0x8c48, 0x8c48, 0x8c48, 0x8c48, 
  0x8c48, 0x8c48, 0x8c48, 0x8c48, 0x8c48, 0x8c48, 0x8c48, 0x8c48, 0x8c48, 0x8c48, 0x8c48, 0x8c48, 
  0x8c48, 0x8c48, 0x8c48, 0x8c48, 0x8c48, 0x8c48, 0x8c48, 0x8c48, 0x8c48, 0x8c48, 0x8c48, 0x8c48, 
  0x8c48, 0x8c48, 0x8c48, 0x8c48, 0x8c48, 0x8c48, 0x8c48, 0x8c48, 0x8c48, 0x8c48, 0x8c48, 0x8c48, 
  0x8c48, 0x8c48, 0x8c48, 0x8c48, 0x8c48, 0x8c48, 0x8c48, 0x8c48, 0x8c48, 0x8c48, 0x8c48, 0x8c48, 
  0x8c48, 0x8c48, 0x8c48, 0x8c48, 0x8c48, 0x8c48, 0x8c48, 0x8c48, 0x8c48, 0x8c48, 0x8c48, 0x8c48, 
  0x8c48, 0x8c48, 0x8c48, 0x8c48, 0x8c48, 0x8c48, 0x8c48, 0x8c48, 0x8c48, 0x8c48, 0x8c48, 0x8c48, 
  0x8c48, 0x8c48, 0x8c48, 0x8c48, 0x8c48, 0x8c48, 0x8c48, 0x8c48, 0x8c48, 0x8c48, 0x8c48, 0x8c48, 
  0x8c48, 0x8c48, 0x8c48, 0x8c48, 0x8c48, 0x8c48, 0x8c48, 0x8c48, 0x8c48, 0x8c48, 0x8c48, 0x8c48, 
  0x8c48, 0x8c48, 0x8c48, 0x8c48, 0x8c48, 0x8c48, 0x8c48, 0x8c48, 0x8c48, 0x8c48, 0x8c48, 0x8c48, 
  0x8c48, 0x8c48, 0x8c48, 0x8c48, 0x8c48, 0x8c48, 0x8c48, 0x8c48, 0x8c48, 0x8c48, 0x8c48, 0x8c48, 
  0x8c48, 0x8c48, 0x8c48, 0x8c48, 0x8c48, 0x8c48, 0x8c48, 0x8c48, 0x8c48, 0x8c48, 0x8c48, 0x8c48, 
  0x8c48, 0x8c48, 0x8c48, 0x8c48, 0x8c48, 0x8c48, 0x8c48, 0x8c48, 0x8c48, 0x8c48, 0x8c48, 0x8c48, 
  0x8c48, 0x8c48, 0x8c48, 0x8c48, 0x8c48, 0x8c48, 0x8c48, 0x8c48, 0x8c48, 0x8c48, 0x8c48, 0x8c48, 
  0x8c48, 0x8c48, 0x8c48, 0x8c48, 0x8c48, 0x8c48, 0x8c48, 0x8c48, 0x8c48, 0x8c48, 0x8c48, 0x8c48, 
  0x8c48, 0x8c48, 0x8c48, 0x8c48, 0x8c48, 0x8c48, 0x8c48, 0x8c48, 0x8c48, 0x8c48, 0x8c48, 0x8c48, 
  0x8c48, 0x8c48, 0x8c48, 0x8c48, 0x8c48, 0x8c48, 0x8c48, 0x8c48, 0x8c48, 0x8c48, 0x8c48, 0x8c48, 
  0x8c48, 0x8c48, 0x8c48, 0x8c48, 0x8c48, 0x8c48, 0x8c48, 0x8c48, 0x8c48, 0x8c48, 0x8c48, 0x8c48, 
  0x8c48, 0x8c48, 0x8c48, 0x8c48, 0x8c48, 0x8c48, 0x8c48, 0x8c48, 0x8c48, 0x8c48, 0x8c48, 0x8c48, 
  0x8c48, 0x8c48, 0x8c48, 0x8c48, 0x8c48, 0x8c48, 0x8c48, 0x8c48, 0x8c48, 0x8c48, 0x8c48, 0x8c48, 
  0x8c48, 0x8c48, 0x8c48, 0x8c48, 0x8c48, 0x8c48, 0x8c48, 0x8c48, 0x8c48, 0x8c48, 0x8c48, 0x8c48, 
  0x8c48, 0x8c48, 0x8c48, 0x8c48, 0x8c48, 0x8c48, 0x8c48, 0x8c48, 0x8c48, 0x8c48, 0x8c48, 0x8c48, 
  0x8c48, 0x8c48, 0x8c48, 0x8c48, 0x8c48, 0x8c48, 0x8c48, 0x8c48, 0x8c48, 0x8c48, 0x8c48, 0x8c48, 
  0x8c48, 0x8c48, 0x8c48, 0x8c48, 0x8c48, 0x8c48, 0x8c48, 0x8c48, 0x8c48, 0x8c48, 0x8c48, 0x8c48, 
  0x8c48, 0x8c48, 0x8c48, 0x8c48, 0x8c48, 0x8c48, 0x8c48, 0x8c48, 0x8c48, 0x8c48, 0x8c48, 0x8c48, 
  0x8c48, 0x8c48, 0x8c48, 0x8c48, 0x8c48, 0x8c48, 0x8c48, 0x8c48, 0x8c48, 0x8c48, 0x8c48, 0x8c48, 
  0x8c48, 0x8c48, 0x8c48, 0x8c48, 0x8c48, 0x8c48, 0x8c48, 0x8c48, 0x8c48, 0x8c48, 0x8c48, 0x8c48, 
  0x8c48, 0x8c48, 0x8c48, 0x8c48, 0x8c48, 0x8c48, 0x8c48, 0x8c48, 0x8c48, 0x8c48, 0x8c48, 0x8c48, 
  0x8c48, 0x8c48, 0x8c48, 0x8c48, 0x8c48, 0x8c48, 0x8c48, 0x8c48, 0x8c48, 0x8c48, 0x8c48, 0x8c48, 
  0x8c48, 0x8c48, 0x8c48, 0x8c48, 0x8c48, 0x8c48, 0x8c48, 0x8c48, 0x8c48, 0x8c48, 0x8c48, 0x8c48, 
  0x8c48, 0x8c48, 0x8c48, 0x8c48, 0x8c48, 0x8c48, 0x8c48, 0x8c48, 0x8c48, 0x8c48, 0x8c48, 0x8c48, 
  0x8c48, 0x8c48, 0x8c48, 0x8c48, 0x8c48, 0x8c48, 0x8c48, 0x8c48, 0x8c48, 0x8c48, 0x8c48, 0x8c48, 
  0x8c48, 0x8c48, 0x8c48, 0x8c48, 0x8c48, 0x8c48, 0x8c48, 0x8c48, 0x8c48, 0x8c48, 0x8c48, 0x8c48, 
  0x8c48, 0x8c48, 0x8c48, 0x8c48, 0x8c48, 0x8c48, 0x8c48, 0x8c48, 0x8c48, 0x8c48, 0x8c48, 0x8c48, 
  0x8c48, 0x8c48, 0x8c48, 0x8c48, 0x8c48, 0x8c48, 0x8c48, 0x8c48, 0x8c48, 0x8c48, 0x8c48, 0x8c48, 
  0x8c48, 0x8c48, 0x8c48, 0x8c48, 0x8c48, 0x8c48, 0x8c48, 0x8c48, 0x8c48, 0x8c48, 0x8c48, 0x8c48, 
  0x8c48, 0x8c48, 0x8c48, 0x8c48, 0x8c48, 0x8c48, 0x8c48, 0x8c48, 0x8c48, 0x8c48, 0x8c48, 0x8c48, 
  0x8c48, 0x8c48, 0x8c48, 0x8c48, 0x8c48, 0x8c48, 0x8c48, 0x8c48, 0x8c48, 0x8c48, 0x8c48, 0x8c48, 
  0x8c48, 0x8c48, 0x8c48, 0x8c48, 0x8c48, 0x8c48, 0x8c48, 0x8c48, 0x8c48, 0x8c48, 0x8c48, 0x8c48, 
  0x8c48, 0x8c48, 0x8c48, 0x8c48, 0x8c48, 0x8c48, 0x8c48, 0x8c48, 0x8c48, 0x8c48, 0x8c48, 0x8c48, 
  0x8c48, 0x8c48, 0x8c48, 0x8c48, 0x8c48, 0x8c48, 0x8c48, 0x8c48, 0x8c48, 0x8c48, 0x8c48, 0x8c48, 
  0x8c48, 0x8c48, 0x8c48, 0x8c48, 0x8c48, 0x8c48, 0x8c48, 0x8c48, 0x8c48, 0x8c48, 0x8c48, 0x8c48, 
  0x8c48, 0x8c48, 0x8c48, 0x8c48, 0x8c48, 0x8c48, 0x8c48, 0x8c48, 0x8c48, 0x8c48, 0x8c48, 0x8c48, 
  0x8c48, 0x8c48, 0x8c48, 0x8c48, 0x8c48, 0x8c48, 0x8c48, 0x8c48, 0x8c48, 0x8c48, 0x8c48, 0x8c48, 
  0x8c48, 0x8c48, 0x8c48, 0x8c48, 0x8c48, 0x8c48, 0x8c48, 0x8c48, 0x8c48, 0x8c48, 0x8c48, 0x8c48, 
  0x8c48, 0x8c48, 0x8c48, 0x8c48, 0x8c48, 0x8c48, 0x8c48, 0x8c48, 0x8c48, 0x8c48, 0x8c48, 0x8c48, 
  0x8c48, 0x8c48, 0x8c48, 0x8c48, 0x8c48, 0x8c48, 0x8c48, 0x8c48, 0x8c48, 0x8c48, 0x8c48, 0x8c48, 
  0x8c48, 0x8c48, 0x8c48, 0x8c48, 0x8c48, 0x8c48, 0x8c48, 0x8c48, 0x8c48, 0x8c48, 0x8c48, 0x8c48, 
  0x8c48, 0x8c48, 0x8c48, 0x8c48, 0x8c48, 0x8c48, 0x8c48, 0x8c48, 0x8c48, 0x8c48, 0x8c48, 0x8c48, 
  0x8c48, 0x8c48, 0x8c48, 0x8c48, 0x8c48, 0x8c48, 0x8c48, 0x8c48, 0x8c48, 0x8c48, 0x8c48, 0x8c48, 
  0x8c48, 0x8c48, 0x8c48, 0x8c48, 0x8c48, 0x8c48, 0x8c48, 0x8c48, 0x8c48, 0x8c48, 0x8c48, 0x8c48, 
  0x8c48, 0x8c48, 0x8c48, 0x8c48, 0x8c48, 0x8c48, 0x8c48, 0x8c48, 0x8c48, 0x8c48, 0x8c48, 0x8c48, 
  0x8c48, 0x8c48, 0x8c48, 0x8c48, 0x8c48, 0x8c48, 0x8c48, 0x8c48, 0x8c48, 0x8c48, 0x8c48, 0x8c48, 
  0x8c48, 0x8c48, 0x8c48, 0x8c48, 0x8c48, 0x8c48, 0x8c48, 0x8c48, 0x8c48, 0x8c48, 0x8c48, 0x8c48, 
  0x8c48, 0x8c48, 0x8c48, 0x8c48, 0x8c48, 0x8c48, 0x8c48, 0x8c48, 0x8c48, 0x8c48, 0x8c48, 0x8c48, 
  0x8c48, 0x8c48, 0x8c48, 0x8c48, 0x8c48, 0x8c48, 0x8c48, 0x8c48, 0x8c48, 0x8c48, 0x8c48, 0x8c48, 
  0x8c48, 0x8c48, 0x8c48, 0x8c48, 0x8c48, 0x8c48, 0x8c48, 0x8c48, 0x8c48, 0x8c48, 0x8c48, 0x8c48, 
  0x8c48, 0x8c48, 0x8c48, 0x8c48, 0x8c48, 0x8c48, 0x8c48, 0x8c48, 0x8c48, 0x8c48, 0x8c48, 0x8c48, 
  0x8c48, 0x8c48, 0x8c48, 0x8c48, 0x8c48, 0x8c48, 0x8c48, 0x8c48, 0x8c48, 0x8c48, 0x8c48, 0x8c48, 
  0x8c48, 0x8c48, 0x8c48, 0x8c48, 0x8c48, 0x8c48, 0x8c48, 0x8c48, 0x8c48, 0x8c48, 0x8c48, 0x8c48, 
  0x8c48, 0x8c48, 0x8c48, 0x8c48, 0x8c48, 0x8c48, 0x8c48, 0x8c48, 0x8c48, 0x8c48, 0x8c48, 0x8c48, 
  0x8c48, 0x8c48, 0x8c48, 0x8c48, 0x8c48, 0x8c48, 0x8c48, 0x8c48, 0x8c48, 0x8c48, 0x8c48, 0x8c48, 
  0x8c48, 0x8c48, 0x8c48, 0x8c48, 0x8c48, 0x8c48, 0x8c48, 0x8c48, 0x8c48, 0x8c48, 0x8c48, 0x8c48, 
  0x8c48, 0x8c48, 0x8c48, 0x8c48, 0x8c48, 0x8c48, 0x8c48, 0x8c48, 0x8c48, 0x8c48, 0x8c48, 0x8c48, 
  0x8c48, 0x8c48, 0x8c48, 0x8c48, 0x8c48, 0x8c48, 0x8c48, 0x8c48, 0x8c48, 0x8c48, 0x8c48, 0x8c48, 
  0x8c48, 0x8c48, 0x8c48, 0x8c48, 0x8c48, 0x8c48, 0x8c48, 0x8c48, 0x8c48, 0x8c48, 0x8c48, 0x8c48, 
  0x8c48, 0x8c48, 0x8c48, 0x8c48, 0x8c48, 0x8c48, 0x8c48, 0x8c48, 0x8c48, 0x8c48, 0x8c48, 0x8c48, 
  0x8c48, 0x8c48, 0x8c48, 0x8c48, 0x8c48, 0x8c48, 0x8c48, 0x8c48, 0x8c48, 0x8c48, 0x8c48, 0x8c48, 
  0x8c48, 0x8c48, 0x8c48, 0x8c48, 0x8c48, 0x8c48, 0x8c48, 0x8c48, 0x8c48, 0x8c48, 0x8c48, 0x8c48, 
  0x8c48, 0x8c48, 0x8c48, 0x8c48, 0x8c48, 0x8c48, 0x8c48, 0x8c48, 0x8c48, 0x8c48, 0x8c48, 0x8c48, 
  0x8c48, 0x8c48, 0x8c48, 0x8c48, 0x8c48, 0x8c48, 0x8c48, 0x8c48, 0x8c48, 0x8c48, 0x8c48, 0x8c48, 
  0x8c48, 0x8c48, 0x8c48, 0x8c48, 0x8c48, 0x8c48, 0x8c48, 0x8c48, 0x8c48, 0x8c48, 0x8c48, 0x8c48, 
  0x8c48, 0x8c48, 0x8c48, 0x8c48, 0x8c48, 0x8c48, 0x8c48, 0x8c48, 0x8c48, 0x8c48, 0x8c48, 0x8c48, 
  0x8c48, 0x8c48, 0x8c48, 0x8c48, 0x8c48, 0x8c48, 0x8c48, 0x8c48, 0x8c48, 0x8c48, 0x8c48, 0x8c48, 
  0x8c48, 0x8c48, 0x8c48, 0x8c48, 0x8c48, 0x8c48, 0x8c48, 0x8c48, 0x8c48, 0x8c48, 0x8c48, 0x8c48, 
  0x8c48, 0x8c48, 0x8c48, 0x8c48, 0x8c48, 0x8c48, 0x8c48, 0x8c48, 0x8c48, 0x8c48, 0x8c48, 0x8c48, 
  0x8c48, 0x8c48, 0x8c48, 0x8c48, 0x8c48, 0x8c48, 0x8c48, 0x8c48, 0x8c48, 0x8c48, 0x8c48, 0x8c48, 
  0x8c48, 0x8c48, 0x8c48, 0x8c48, 0x8c48, 0x8c48, 0x8c48, 0x8c48, 0x8c48, 0x8c48, 0x8c48, 0x8c48, 
  0x8c48, 0x8c48, 0x8c48, 0x8c48, 0x8c48, 0x8c48, 0x8c48, 0x8c48, 0x8c48, 0x8c48, 0x8c48, 0x8c48, 
  0x8c48, 0x8c48, 0x8c48, 0x8c48, 0x8c48, 0x8c48, 0x8c48, 0x8c48, 0x8c48, 0x8c48, 0x8c48, 0x8c48, 
  0x8c48, 0x8c48, 0x8c48, 0x8c48, 0x8c48, 0x8c48, 0x8c48, 0x8c48, 0x8c48, 0x8c48, 0x8c48, 0x8c48, 
  0x8c48, 0x8c48, 0x8c48, 0x8c48, 0x8c48, 0x8c48, 0x8c48, 0x8c48, 0x8c48, 0x8c48, 0x8c48, 0x8c48, 
  0x8c48, 0x8c48, 0x8c48, 0x8c48, 0x8c48, 0x8c48, 0x8c48, 0x8c48, 0x8c48, 0x8c48, 0x8c48, 0x8c48, 
  0x8c48, 0x8c48, 0x8c48, 0x8c48, 0x8c48, 0x8c48, 0x8c48, 0x8c48, 0x8c48, 0x8c48, 0x8c48, 0x8c48, 
  0x8c48, 0x8c48, 0x8c48, 0x8c48, 0x8c48, 0x8c48, 0x8c48, 0x8c48, 0x8c48, 0x8c48, 0x8c48, 0x8c48, 
  0x8c48, 0x8c48, 0x8c48, 0x8c48, 0x8c48, 0x8c48, 0x8c48, 0x8c48, 0x8c48, 0x8c48, 0x8c48, 0x8c48, 
  0x8c48, 0x8c48, 0x8c48, 0x8c48, 0x8c48, 0x8c48, 0x8c48, 0x8c48, 0x8c48, 0x8c48, 0x8c48, 0x8c48, 
  0x8c48, 0x8c48, 0x8c48, 0x8c48, 0x8c48, 0x8c48, 0x8c48, 0x8c48, 0x8c48, 0x8c48, 0x8c48, 0x8c48, 
  0x8c48, 0x8c48, 0x8c48, 0x8c48, 0x8c48, 0x8c48, 0x8c48, 0x8c48, 0x8c48, 0x8c48, 0x8c48, 0x8c48, 
  0x8c48, 0x8c48, 0x8c48, 0x8c48, 0x8c48, 0x8c48, 0x8c48, 0x8c48, 0x8c48, 0x8c48, 0x8c48, 0x8c48, 
  0x8c48, 0x8c48, 0x8c48, 0x8c48, 0x8c48, 0x8c48, 0x8c48, 0x8c48, 0x8c48, 0x8c48, 0x8c48, 0x8c48, 
  0x8c48, 0x8c48, 0x8c48, 0x8c48, 0x8c48, 0x8c48, 0x8c48, 0x8c48, 0x8c48, 0x8c48, 0x8c48, 0x8c48, 
  0x8c48, 0x8c48, 0x8c48, 0x8c48, 0x8c48, 0x8c48, 0x8c48, 0x8c48, 0x8c48, 0x8c48, 0x8c48, 0x8c48, 
  0x8c48, 0x8c48, 0x8c48, 0x8c48, 0x8c48, 0x8c48, 0x8c48, 0x8c48, 0x8c48, 0x8c48, 0x8c48, 0x8c48, 
  0x8c48, 0x8c48, 0x8c48, 0x8c48, 0x8c48, 0x8c48, 0x8c48, 0x8c48, 0x8c48, 0x8c48, 0x8c48, 0x8c48, 
  0x8c48, 0x8c48, 0x8c48, 0x8c48, 0x8c48, 0x8c48, 0x8c48, 0x8c48, 0x8c48, 0x8c48, 0x8c48, 0x8c48, 
  0x8c48, 0x8c48, 0x8c48, 0x8c48, 0x8c48, 0x8c48, 0x8c48, 0x8c48, 0x8c48, 0x8c48, 0x8c48, 0x8c48, 
  0x8c48, 0x8c48, 0x8c48, 0x8c48, 0x8c48, 0x8c48, 0x8c48, 0x8c48, 0x8c48, 0x8c48, 0x8c48, 0x8c48, 
  0x8c48, 0x8c48, 0x8c48, 0x8c48, 0x8c48, 0x8c48, 0x8c48, 0x8c48, 0x8c48, 0x8c48, 0x8c48, 0x8c48, 
  0x8c48, 0x8c48, 0x8c48, 0x8c48, 0x8c48, 0x8c48, 0x8c48, 0x8c48, 0x8c48, 0x8c48, 0x8c48, 0x8c48, 
  0x8c48, 0x8c48, 0x8c48, 0x8c48, 0x8c48, 0x8c48, 0x8c48, 0x8c48, 0x8c48, 0x8c48, 0x8c48, 0x8c48, 
  0x8c48, 0x8c48, 0x8c48, 0x8c48, 0x8c48, 0x8c48, 0x8c48, 0x8c48, 0x8c48, 0x8c48, 0x8c48, 0x8c48, 
  0x8c48, 0x8c48, 0x8c48, 0x8c48, 0x8c48, 0x8c48, 0x8c48, 0x8c48, 0x8c48, 0x8c48, 0x8c48, 0x8c48, 
  0x8c48, 0x8c48, 0x8c48, 0x8c48, 0x8c48, 0x8c48, 0x8c48, 0x8c48, 0x8c48, 0x8c48, 0x8c48, 0x8c48, 
  0x8c48, 0x8c48, 0x8c48, 0x8c48, 0x8c48, 0x8c48, 0x8c48, 0x8c48, 0x8c48, 0x8c48, 0x8c48, 0x8c48, 
  0x8c48, 0x8c48, 0x8c48, 0x8c48, 0x8c48, 0x8c48, 0x8c48, 0x8c48, 0x8c48, 0x8c48, 0x8c48, 0x8c48, 
  0x8c48, 0x8c48, 0x8c48, 0x8c48, 0x8c48, 0x8c48, 0x8c48, 0x8c48, 0x8c48, 0x8c48, 0x8c48, 0x8c48, 
  0x8c48, 0x8c48, 0x8c48, 0x8c48, 0x8c48, 0x8c48, 0x8c48, 0x8c48, 0x8c48, 0x8c48, 0x8c48, 0x8c48, 
  0x8c48, 0x8c48, 0x8c48, 0x8c48, 0x8c48, 0x8c48, 0x8c48, 0x8c48, 0x8c48, 0x8c48, 0x8c48, 0x8c48, 
  0x8c48, 0x8c48, 0x8c48, 0x8c48, 0x8c48, 0x8c48, 0x8c48, 0x8c48, 0x8c48, 0x8c48, 0x8c48, 0x8c48, 
  0x8c48, 0x8c48, 0x8c48, 0x8c48, 0x8c48, 0x8c48, 0x8c48, 0x8c48, 0x8c48, 0x8c48, 0x8c48, 0x8c48, 
  0x8c48, 0x8c48, 0x8c48, 0x8c48, 0x8c48, 0x8c48, 0x8c48, 0x8c48, 0x8c48, 0x8c48, 0x8c48, 0x8c48, 
  0x8c48, 0x8c48, 0x8c48, 0x8c48, 0x8c48, 0x8c48, 0x8c48, 0x8c48, 0x8c48, 0x8c48, 0x8c48, 0x8c48, 
  0x8c48, 0x8c48, 0x8c48, 0x8c48, 0x8c48, 0x8c48, 0x8c48, 0x8c48, 0x8c48, 0x8c48, 0x8c48, 0x8c48, 
  0x8c48, 0x8c48, 0x8c48, 0x8c48, 0x8c48, 0x8c48, 0x8c48, 0x8c48, 0x8c48, 0x8c48, 0x8c48, 0x8c48, 
  0x8c48, 0x8c48, 0x8c48, 0x8c48, 0x8c48, 0x8c48, 0x8c48, 0x8c48, 0x8c48, 0x8c48, 0x8c48, 0x8c48, 
  0x8c48, 0x8c48, 0x8c48, 0x8c48, 0x8c48, 0x8c48, 0x8c48, 0x8c48, 0x8c48, 0x8c48, 0x8c48, 0x8c48, 
  0x8c48, 0x8c48, 0x8c48, 0x8c48, 0x8c48, 0x8c48, 0x8c48, 0x8c48, 0x8c48, 0x8c48, 0x8c48, 0x8c48, 
  0x8c48, 0x8c48, 0x8c48, 0x8c48, 0x8c48, 0x8c48, 0x8c48, 0x8c48, 0x8c48, 0x8c48, 0x8c48, 0x8c48, 
  0x8c48, 0x8c48, 0x8c48, 0x8c48, 0x8c48, 0x8c48, 0x8c48, 0x8c48, 0x8c48, 0x8c48, 0x8c48, 0x8c48, 
  0x8c48, 0x8c48, 0x8c48, 0x8c48, 0x8c48, 0x8c48, 0x8c48, 0x8c48, 0x8c48, 0x8c48, 0x8c48, 0x8c48, 
  0x8c48, 0x8c48, 0x8c48, 0x8c48, 0x8c48, 0x8c48, 0x8c48, 0x8c48, 0x8c48, 0x8c48, 0x8c48, 0x8c48, 
  0x8c48, 0x8c48, 0x8c48, 0x8c48, 0x8c48, 0x8c48, 0x8c48, 0x8c48, 0x8c48, 0x8c48, 0x8c48, 0x8c48, 
  0x8c48, 0x8c48, 0x8c48, 0x8c48, 0x8c48, 0x8c48, 0x8c48, 0x8c48, 0x8c48, 0x8c48, 0x8c48, 0x8c48, 
  0x8c48, 0x8c48, 0x8c48, 0x8c48, 0x8c48, 0x8c48, 0x8c48, 0x8c48, 0x8c48, 0x8c48, 0x8c48, 0x8c48, 
  0x8c48, 0x8c48, 0x8c48, 0x8c48, 0x8c48, 0x8c48, 0x8c48, 0x8c48, 0x8c48, 0x8c48, 0x8c48, 0x8c48, 
  0x8c48, 0x8c48, 0x8c48, 0x8c48, 0x8c48, 0x8c48, 0x8c48, 0x8c48, 0x8c48, 0x8c48, 0x8c48, 0x8c48, 
  0x8c48, 0x8c48, 0x8c48, 0x8c48, 0x8c48, 0x8c48, 0x8c48, 0x8c48, 0x8c48, 0x8c48, 0x8c48, 0x8c48, 
  0x8c48, 0x8c48, 0x8c48, 0x8c48, 0x8c48, 0x8c48, 0x8c48, 0x8c48, 0x8c48, 0x8c48, 0x8c48, 0x8c48, 
  0x8c48, 0x8c48, 0x8c48, 0x8c48, 0x8c48, 0x8c48, 0x8c48, 0x8c48, 0x8c48, 0x8c48, 0x8c48, 0x8c48, 
  0x8c48, 0x8c48, 0x8c48, 0x8c48, 0x8c48, 0x8c48, 0x8c48, 0x8c48, 0x8c48, 0x8c48, 0x8c48, 0x8c48, 
  0x8c48, 0x8c48, 0x8c48, 0x8c48, 0x8c48, 0x8c48, 0x8c48, 0x8c48, 0x8c48, 0x8c48, 0x8c48, 0x8c48, 
  0x8c48, 0x8c48, 0x8c48, 0x8c48, 0x8c48, 0x8c48, 0x8c48, 0x8c48, 0x8c48, 0x8c48, 0x8c48, 0x8c48, 
  0x8c48, 0x8c48, 0x8c48, 0x8c48, 0x8c48, 0x8c48, 0x8c48, 0x8c48, 0x8c48, 0x8c48, 0x8c88, 0x8c88, 
  0x94a9, 0x94a9, 0x8c48, 0x8c48, 0x8c48, 0x8c48, 0x8c48, 0x8c48, 0x8c48, 0x8c48, 0x8c48, 0x8c48, 
  0x8c48, 0x8c48, 0x8c48, 0x8c48, 0x8c48, 0x8c48, 0x8c48, 0x8c48, 0x8c48, 0x8c48, 0x8c48, 0x8c48, 
  0x8c48, 0x8c48, 0x8c48, 0x8c48, 0x8c48, 0x8c48, 0x8c48, 0x8c48, 0x8c48, 0x8c48, 0x8c48, 0x8c48, 
  0x8c48, 0x8c48, 0x8c48, 0x8c48, 0x8c48, 0x8c48, 0x8c48, 0x8c48, 0x8c48, 0x8c48, 0x8c48, 0x8c48, 
  0x8c48, 0x8c48, 0x8c48, 0x8c48, 0x8c48, 0x8c48, 0x8c48, 0x8c48, 0x8c48, 0x8c48, 0x8c48, 0x8c48, 
  0x8c48, 0x8c48, 0x8c48, 0x8c48, 0x8c48, 0x8c48, 0x8c48, 0x8c48, 0x8c48, 0x8c48, 0x8c48, 0x8c48, 
  0x8c48, 0x8c48, 0x8c48, 0x8c48, 0x8c48, 0x8c48, 0x8c48, 0x8c48, 0x8c48, 0x8c48, 0x8c48, 0x8c48, 
  0x8c48, 0x8c48, 0x8c48, 0x8c48, 0x8c48, 0x8c48, 0x8c48, 0x8c48, 0x8c48, 0x8c48, 0x8c48, 0x8c48, 
  0x8c48, 0x8c48, 0x8c48, 0x8c48, 0x8c48, 0x8c48, 0x8c48, 0x8c48, 0x8c48, 0x8c48, 0x8c48, 0x8c48, 
  0x8c48, 0x8c48, 0x8c48, 0x8c48, 0x8c48, 0x8c48, 0x8c48, 0x8c48, 0x8c48, 0x8c48, 0x8c48, 0x8c48, 
  0x8c48, 0x8c48, 0x8c48, 0x8c48, 0x8c48, 0x8c48, 0x8c48, 0x8c48, 0x8c48, 0x8c48, 0x8c48, 0x8c48, 
  0x8c48, 0x8c48, 0x8c48, 0x8c48, 0x8c48, 0x8c48, 0x8c48, 0x8c48, 0x8c48, 0x8c48, 0x8c48, 0x8c48, 
  0x8c48, 0x8c48, 0x8c48, 0x8c48, 0x8c48, 0x8c48, 0x8c48, 0x8c48, 0x8c48, 0x8c48, 0x8c48, 0x8c48, 
  0x8c48, 0x8c48, 0x8c48, 0x8c48, 0x8c48, 0x8c48, 0x8c48, 0x8c48, 0x8c48, 0x8c48, 0x8c48, 0x8c48, 
  0x8c48, 0x8c48, 0x8c48, 0x8c48, 0x8c48, 0x8c48, 0x8c48, 0x8c48, 0x8c48, 0x8c48, 0x8c48, 0x8c48, 
  0x8c48, 0x8c48, 0x8c48, 0x8c48, 0x8c48, 0x8c48, 0x8c48, 0x8c48, 0x8c48, 0x8c48, 0x8c48, 0x8c48, 
  0x8c48, 0x8c48, 0x8c48, 0x8c48, 0x8c48, 0x8c48, 0x8c48, 0x8c48, 0x8c48, 0x8c48, 0x8c48, 0x8c48, 
  0x8c48, 0x8c48, 0x8c48, 0x8c48, 0x8c48, 0x8c48, 0x8c48, 0x8c48, 0x8c48, 0x8c48, 0x8c48, 0x8c48, 
  0x8c48, 0x8c48, 0x8c48, 0x8c48, 0x8c48, 0x8c48, 0x8c48, 0x8c48, 0x8c48, 0x8c48, 0x8c48, 0x8c48, 
  0x8c48, 0x8c48, 0x8c48, 0x8c48, 0x8c48, 0x8c48, 0x8c48, 0x8c48, 0x8c48, 0x8c48, 0x8c48, 0x8c48, 
  0x8c48, 0x8c48, 0x8c48, 0x8c48, 0x8c48, 0x8c48, 0x8c48, 0x8c48, 0x8c48, 0x8c48, 0x8c48, 0x8c48, 
  0x8c48, 0x8c48, 0x8c48, 0x8c48, 0x8c48, 0x8c48, 0x8c48, 0x8c48, 0x8c48, 0x8c48, 0x8c48, 0x8c48, 
  0x8c48, 0x8c48, 0x8c48, 0x8c48, 0x8c48, 0x8c48, 0x8c48, 0x8c48, 0x8c48, 0x8c48, 0x8c48, 0x8c48, 
  0x8c48, 0x8c48, 0x8c88, 0x8c88, 0x94a9, 0x94a9, 0x8c48, 0x8c48, 0x8c48, 0x8c48, 0x8c48, 0x8c48, 
  0x8c48, 0x8c48, 0x8c48, 0x8c48, 0x8c48, 0x8c48, 0x8c48, 0x8c48, 0x8c48, 0x8c48, 0x8c48, 0x8c48, 
  0x8c48, 0x8c48, 0x8c48, 0x8c48, 0x8c48, 0x8c48, 0x8c48, 0x8c48, 0x8c48, 0x8c48, 0x8c48, 0x8c48, 
  0x8c48, 0x8c48, 0x8c48, 0x8c48, 0x8c48, 0x8c48, 0x8c48, 0x8c48, 0x8c48, 0x8c48, 0x8c48, 0x8c48, 
  0x8c48, 0x8c48, 0x8c48, 0x8c48, 0x8c48, 0x8c48, 0x8c48, 0x8c48, 0x8c48, 0x8c48, 0x8c48, 0x8c48, 
  0x8c48, 0x8c48, 0x8c48, 0x8c48, 0x8c48, 0x8c48, 0x8c48, 0x8c48, 0x8c48, 0x8c48, 0x8c48, 0x8c48, 
  0x8c48, 0x8c48, 0x8c48, 0x8c48, 0x8c48, 0x8c48, 0x8c48, 0x8c48, 0x8c48, 0x8c48, 0x8c48, 0x8c48, 
  0x8c48, 0x8c48, 0x8c48, 0x8c48, 0x8c48, 0x8c48, 0x8c48, 0x8c48, 0x8c48, 0x8c48, 0x8c48, 0x8c48, 
  0x8c48, 0x8c48, 0x8c48, 0x8c48, 0x8c48, 0x8c48, 0x8c48, 0x8c48, 0x8c48, 0x8c48, 0x8c48, 0x8c48, 
  0x8c48, 0x8c48, 0x8c48, 0x8c48, 0x8c48, 0x8c48, 0x8c48, 0x8c48, 0x8c48, 0x8c48, 0x8c48, 0x8c48, 
  0x8c48, 0x8c48, 0x8c48, 0x8c48, 0x8c48, 0x8c48, 0x8c48, 0x8c48, 0x8c48, 0x8c48, 0x8c48, 0x8c48, 
  0x8c48, 0x8c48, 0x8c48, 0x8c48, 0x8c48, 0x8c48, 0x8c48, 0x8c48, 0x8c48, 0x8c48, 0x8c48, 0x8c48, 
  0x8c48, 0x8c48, 0x8c48, 0x8c48, 0x8c48, 0x8c48, 0x8c48, 0x8c48, 0x8c48, 0x8c48, 0x8c48, 0x8c48, 
  0x8c48, 0x8c48, 0x8c48, 0x8c48, 0x8c48, 0x8c48, 0x8c48, 0x8c48, 0x8c48, 0x8c48, 0x8c48, 0x8c48, 
  0x8c48, 0x8c48, 0x8c48, 0x8c48, 0x8c48, 0x8c48, 0x8c48, 0x8c48, 0x8c48, 0x8c48, 0x8c48, 0x8c48, 
  0x8c48, 0x8c48, 0x8c48, 0x8c48, 0x8c48, 0x8c48, 0x8c48, 0x8c48, 0x8c48, 0x8c48, 0x8c48, 0x8c48, 
  0x8c48, 0x8c48, 0x8c48, 0x8c48, 0x8c48, 0x8c48, 0x8c48, 0x8c48, 0x8c48, 0x8c48, 0x8c48, 0x8c48, 
  0x8c48, 0x8c48, 0x8c48, 0x8c48, 0x8c48, 0x8c48, 0x8c48, 0x8c48, 0x8c48, 0x8c48, 0x8c48, 0x8c48, 
  0x8c48, 0x8c48, 0x8c48, 0x8c48, 0x8c48, 0x8c48, 0x8c48, 0x8c48, 0x8c48, 0x8c48, 0x8c48, 0x8c48, 
  0x8c48, 0x8c48, 0x8c48, 0x8c48, 0x8c48, 0x8c48, 0x8c48, 0x8c48, 0x8c48, 0x8c48, 0x8c48, 0x8c48, 
  0x8c48, 0x8c48, 0x8c48, 0x8c48, 0x8c48, 0x8c48, 0x8c48, 0x8c48, 0x8c48, 0x8c48, 0x8c48, 0x8c48, 
  0x8c48, 0x8c48, 0x8c48, 0x8c48, 0x8c48, 0x8c48, 0x8c48, 0x8c48, 0x8c48, 0x8c48, 0x8c48, 0x8c48, 
  0x8c48, 0x8c48, 0x8c48, 0x8c48, 0x8c48, 0x8c48, 0x8c48, 0x8c48, 0x8c48, 0x8c48, 0x8c48, 0x8c48, 
  0x8c48, 0x8c48, 0x8c48, 0x8c48, 0x8c48, 0x8c48, 0x8c48, 0x8c48, 0x94a9, 0x94a9, 0x94a9, 0x94a9, 
  0x8c48, 0x8c48, 0x8c48, 0x8c48, 0x8c48, 0x8c48, 0x8c48, 0x8c48, 0x8c48, 0x8c48, 0x8c48, 0x8c48, 
  0x8c48, 0x8c48, 0x8c48, 0x8c48, 0x8c48, 0x8c48, 0x8c48, 0x8c48, 0x8c48, 0x8c48, 0x8c48, 0x8c48, 
  0x8c48, 0x8c48, 0x8c48, 0x8c48, 0x8c48, 0x8c48, 0x8c48, 0x8c48, 0x8c48, 0x8c48, 0x8c48, 0x8c48, 
  0x8c48, 0x8c48, 0x8c48, 0x8c48, 0x8c48, 0x8c48, 0x8c48, 0x8c48, 0x8c48, 0x8c48, 0x8c48, 0x8c48, 
  0x8c48, 0x8c48, 0x8c48, 0x8c48, 0x8c48, 0x8c48, 0x8c48, 0x8c48, 0x8c48, 0x8c48, 0x8c48, 0x8c48, 
  0x8c48, 0x8c48, 0x8c48, 0x8c48, 0x8c48, 0x8c48, 0x8c48, 0x8c48, 0x8c48, 0x8c48, 0x8c48, 0x8c48, 
  0x8c48, 0x8c48, 0x8c48, 0x8c48, 0x8c48, 0x8c48, 0x8c48, 0x8c48, 0x8c48, 0x8c48, 0x8c48, 0x8c48, 
  0x8c48, 0x8c48, 0x8c48, 0x8c48, 0x8c48, 0x8c48, 0x8c48, 0x8c48, 0x8c48, 0x8c48, 0x8c48, 0x8c48, 
  0x8c48, 0x8c48, 0x8c48, 0x8c48, 0x8c48, 0x8c48, 0x8c48, 0x8c48, 0x8c48, 0x8c48, 0x8c48, 0x8c48, 
  0x8c48, 0x8c48, 0x8c48, 0x8c48, 0x8c48, 0x8c48, 0x8c48, 0x8c48, 0x8c48, 0x8c48, 0x8c48, 0x8c48, 
  0x8c48, 0x8c48, 0x8c48, 0x8c48, 0x8c48, 0x8c48, 0x8c48, 0x8c48, 0x8c48, 0x8c48, 0x8c48, 0x8c48, 
  0x8c48, 0x8c48, 0x8c48, 0x8c48, 0x8c48, 0x8c48, 0x8c48, 0x8c48, 0x8c48, 0x8c48, 0x8c48, 0x8c48, 
  0x8c48, 0x8c48, 0x8c48, 0x8c48, 0x8c48, 0x8c48, 0x8c48, 0x8c48, 0x8c48, 0x8c48, 0x8c48, 0x8c48, 
  0x8c48, 0x8c48, 0x8c48, 0x8c48, 0x8c48, 0x8c48, 0x8c48, 0x8c48, 0x8c48, 0x8c48, 0x8c48, 0x8c48, 
  0x8c48, 0x8c48, 0x8c48, 0x8c48, 0x8c48, 0x8c48, 0x8c48, 0x8c48, 0x8c48, 0x8c48, 0x8c48, 0x8c48, 
  0x8c48, 0x8c48, 0x8c48, 0x8c48, 0x8c48, 0x8c48, 0x8c48, 0x8c48, 0x8c48, 0x8c48, 0x8c48, 0x8c48, 
  0x8c48, 0x8c48, 0x8c48, 0x8c48, 0x8c48, 0x8c48, 0x8c48, 0x8c48, 0x8c48, 0x8c48, 0x8c48, 0x8c48, 
  0x8c48, 0x8c48, 0x8c48, 0x8c48, 0x8c48, 0x8c48, 0x8c48, 0x8c48, 0x8c48, 0x8c48, 0x8c48, 0x8c48, 
  0x8c48, 0x8c48, 0x8c48, 0x8c48, 0x8c48, 0x8c48, 0x8c48, 0x8c48, 0x8c48, 0x8c48, 0x8c48, 0x8c48, 
  0x8c48, 0x8c48, 0x8c48, 0x8c48, 0x8c48, 0x8c48, 0x8c48, 0x8c48, 0x8c48, 0x8c48, 0x8c48, 0x8c48, 
  0x8c48, 0x8c48, 0x8c48, 0x8c48, 0x8c48, 0x8c48, 0x8c48, 0x8c48, 0x8c48, 0x8c48, 0x8c48, 0x8c48, 
  0x8c48, 0x8c48, 0x8c48, 0x8c48, 0x8c48, 0x8c48, 0x8c48, 0x8c48, 0x8c48, 0x8c48, 0x8c48, 0x8c48, 
  0x8c48, 0x8c48, 0x8c48, 0x8c48, 0x8c48, 0x8c48, 0x8c48, 0x8c48, 0x8c48, 0x8c48, 0x8c48, 0x8c48, 
  0x94a9, 0x94a9, 0x94a9, 0x94a9, 0x8c48, 0x8c48, 0x8c48, 0x8c48, 0x8c48, 0x8c48, 0x8c48, 0x8c48, 
  0x8c48, 0x8c48, 0x8c48, 0x8c48, 0x8c48, 0x8c48, 0x8c48, 0x8c48, 0x8c48, 0x8c48, 0x8c48, 0x8c48, 
  0x8c48, 0x8c48, 0x8c48, 0x8c48, 0x8c48, 0x8c48, 0x8c48, 0x8c48, 0x8c48, 0x8c48, 0x8c48, 0x8c48, 
  0x8c48, 0x8c48, 0x8c48, 0x8c48, 0x8c48, 0x8c48, 0x8c48, 0x8c48, 0x8c48, 0x8c48, 0x8c48, 0x8c48, 
  0x8c48, 0x8c48, 0x8c48, 0x8c48, 0x8c48, 0x8c48, 0x8c48, 0x8c48, 0x8c48, 0x8c48, 0x8c48, 0x8c48, 
  0x8c48, 0x8c48, 0x8c48, 0x8c48, 0x8c48, 0x8c48, 0x8c48, 0x8c48, 0x8c48, 0x8c48, 0x8c48, 0x8c48, 
  0x8c48, 0x8c48, 0x8c48, 0x8c48, 0x8c48, 0x8c48, 0x8c48, 0x8c48, 0x8c48, 0x8c48, 0x8c48, 0x8c48, 
  0x8c48, 0x8c48, 0x8c48, 0x8c48, 0x8c48, 0x8c48, 0x8c48, 0x8c48, 0x8c48, 0x8c48, 0x8c48, 0x8c48, 
  0x8c48, 0x8c48, 0x8c48, 0x8c48, 0x8c48, 0x8c48, 0x8c48, 0x8c48, 0x8c48, 0x8c48, 0x8c48, 0x8c48, 
  0x8c48, 0x8c48, 0x8c48, 0x8c48, 0x8c48, 0x8c48, 0x8c48, 0x8c48, 0x8c48, 0x8c48, 0x8c48, 0x8c48, 
  0x8c48, 0x8c48, 0x8c48, 0x8c48, 0x8c48, 0x8c48, 0x8c48, 0x8c48, 0x8c48, 0x8c48, 0x8c48, 0x8c48, 
  0x8c48, 0x8c48, 0x8c48, 0x8c48, 0x8c48, 0x8c48, 0x8c48, 0x8c48, 0x8c48, 0x8c48, 0x8c48, 0x8c48, 
  0x8c48, 0x8c48, 0x8c48, 0x8c48, 0x8c48, 0x8c48, 0x8c48, 0x8c48, 0x8c48, 0x8c48, 0x8c48, 0x8c48, 
  0x8c48, 0x8c48, 0x8c48, 0x8c48, 0x8c48, 0x8c48, 0x8c48, 0x8c48, 0x8c48, 0x8c48, 0x8c48, 0x8c48, 
  0x8c48, 0x8c48, 0x8c48, 0x8c48, 0x8c48, 0x8c48, 0x8c48, 0x8c48, 0x8c48, 0x8c48, 0x8c48, 0x8c48, 
  0x8c48, 0x8c48, 0x8c48, 0x8c48, 0x8c48, 0x8c48, 0x8c48, 0x8c48, 0x8c48, 0x8c48, 0x8c48, 0x8c48, 
  0x8c48, 0x8c48, 0x8c48, 0x8c48, 0x8c48, 0x8c48, 0x8c48, 0x8c48, 0x8c48, 0x8c48, 0x8c48, 0x8c48, 
  0x8c48, 0x8c48, 0x8c48, 0x8c48, 0x8c48, 0x8c48, 0x8c48, 0x8c48, 0x8c48, 0x8c48, 0x8c48, 0x8c48, 
  0x8c48, 0x8c48, 0x8c48, 0x8c48, 0x8c48, 0x8c48, 0x8c48, 0x8c48, 0x8c48, 0x8c48, 0x8c48, 0x8c48, 
  0x8c48, 0x8c48, 0x8c48, 0x8c48, 0x8c48, 0x8c48, 0x8c48, 0x8c48, 0x8c48, 0x8c48, 0x8c48, 0x8c48, 
  0x8c48, 0x8c48, 0x8c48, 0x8c48, 0x8c48, 0x8c48, 0x8c48, 0x8c48, 0x8c48, 0x8c48, 0x8c48, 0x8c48, 
  0x8c48, 0x8c48, 0x8c48, 0x8c48, 0x8c48, 0x8c48, 0x8c48, 0x8c48, 0x8c48, 0x8c48, 0x8c48, 0x8c48, 
  0x8c48, 0x8c48, 0x8c48, 0x8c48, 0x8c48, 0x8c48, 0x8c48, 0x8c48, 0x8c48, 0x8c48, 0x8c48, 0x8c48, 
  0x8c48, 0x8c48, 0x8c48, 0x8c48, 0x8c88, 0x8c88, 0x8c88, 0x8c88, 0x8c88, 0x8c88, 0x8c48, 0x8c48, 
  0x8c48, 0x8c48, 0x8c48, 0x8c48, 0x8c48, 0x8c48, 0x8c48, 0x8c48, 0x8c48, 0x8c48, 0x8c48, 0x8c48, 
  0x8c48, 0x8c48, 0x8c48, 0x8c48, 0x8c48, 0x8c48, 0x8c48, 0x8c48, 0x8c48, 0x8c48, 0x8c48, 0x8c48, 
  0x8c48, 0x8c48, 0x8c48, 0x8c48, 0x8c48, 0x8c48, 0x8c48, 0x8c48, 0x8c48, 0x8c48, 0x8c48, 0x8c48, 
  0x8c48, 0x8c48, 0x8c48, 0x8c48, 0x8c48, 0x8c48, 0x8c48, 0x8c48, 0x8c48, 0x8c48, 0x8c48, 0x8c48, 
  0x8c48, 0x8c48, 0x8c48, 0x8c48, 0x8c48, 0x8c48, 0x8c48, 0x8c48, 0x8c48, 0x8c48, 0x8c48, 0x8c48, 
  0x8c48, 0x8c48, 0x8c48, 0x8c48, 0x8c48, 0x8c48, 0x8c48, 0x8c48, 0x8c48, 0x8c48, 0x8c48, 0x8c48, 
  0x8c48, 0x8c48, 0x8c48, 0x8c48, 0x8c48, 0x8c48, 0x8c48, 0x8c48, 0x8c48, 0x8c48, 0x8c48, 0x8c48, 
  0x8c48, 0x8c48, 0x8c48, 0x8c48, 0x8c48, 0x8c48, 0x8c48, 0x8c48, 0x8c48, 0x8c48, 0x8c48, 0x8c48, 
  0x8c48, 0x8c48, 0x8c48, 0x8c48, 0x8c48, 0x8c48, 0x8c48, 0x8c48, 0x8c48, 0x8c48, 0x8c48, 0x8c48, 
  0x8c48, 0x8c48, 0x8c48, 0x8c48, 0x8c48, 0x8c48, 0x8c48, 0x8c48, 0x8c48, 0x8c48, 0x8c48, 0x8c48, 
  0x8c48, 0x8c48, 0x8c48, 0x8c48, 0x8c48, 0x8c48, 0x8c48, 0x8c48, 0x8c48, 0x8c48, 0x8c48, 0x8c48, 
  0x8c48, 0x8c48, 0x8c48, 0x8c48, 0x8c48, 0x8c48, 0x8c48, 0x8c48, 0x8c48, 0x8c48, 0x8c48, 0x8c48, 
  0x8c48, 0x8c48, 0x8c48, 0x8c48, 0x8c48, 0x8c48, 0x8c48, 0x8c48, 0x8c48, 0x8c48, 0x8c48, 0x8c48, 
  0x8c48, 0x8c48, 0x8c48, 0x8c48, 0x8c48, 0x8c48, 0x8c48, 0x8c48, 0x8c48, 0x8c48, 0x8c48, 0x8c48, 
  0x8c48, 0x8c48, 0x8c48, 0x8c48, 0x8c48, 0x8c48, 0x8c48, 0x8c48, 0x8c48, 0x8c48, 0x8c48, 0x8c48, 
  0x8c48, 0x8c48, 0x8c48, 0x8c48, 0x8c48, 0x8c48, 0x8c48, 0x8c48, 0x8c48, 0x8c48, 0x8c48, 0x8c48, 
  0x8c48, 0x8c48, 0x8c48, 0x8c48, 0x8c48, 0x8c48, 0x8c48, 0x8c48, 0x8c48, 0x8c48, 0x8c48, 0x8c48, 
  0x8c48, 0x8c48, 0x8c48, 0x8c48, 0x8c48, 0x8c48, 0x8c48, 0x8c48, 0x8c48, 0x8c48, 0x8c48, 0x8c48, 
  0x8c48, 0x8c48, 0x8c48, 0x8c48, 0x8c48, 0x8c48, 0x8c48, 0x8c48, 0x8c48, 0x8c48, 0x8c48, 0x8c48, 
  0x8c48, 0x8c48, 0x8c48, 0x8c48, 0x8c48, 0x8c48, 0x8c48, 0x8c48, 0x8c48, 0x8c48, 0x8c48, 0x8c48, 
  0x8c48, 0x8c48, 0x8c48, 0x8c48, 0x8c48, 0x8c48, 0x8c48, 0x8c48, 0x8c48, 0x8c48, 0x8c48, 0x8c48, 
  0x8c48, 0x8c48, 0x8c48, 0x8c48, 0x8c48, 0x8c48, 0x8c48, 0x8c48, 0x8c48, 0x8c48, 0x8c48, 0x8c48, 
  0x8c48, 0x8c48, 0x8c48, 0x8c48, 0x8c48, 0x8c48, 0x8c48, 0x8c48, 0x8c88, 0x8c88, 0x8c88, 0x8c88, 
  0x8c88, 0x8c88, 0x8c48, 0x8c48, 0x8c48, 0x8c48, 0x8c48, 0x8c48, 0x8c48, 0x8c48, 0x8c48, 0x8c48, 
  0x8c48, 0x8c48, 0x8c48, 0x8c48, 0x8c48, 0x8c48, 0x8c48, 0x8c48, 0x8c48, 0x8c48, 0x8c48, 0x8c48, 
  0x8c48, 0x8c48, 0x8c48, 0x8c48, 0x8c48, 0x8c48, 0x8c48, 0x8c48, 0x8c48, 0x8c48, 0x8c48, 0x8c48, 
  0x8c48, 0x8c48, 0x8c48, 0x8c48, 0x8c48, 0x8c48, 0x8c48, 0x8c48, 0x8c48, 0x8c48, 0x8c48, 0x8c48, 
  0x8c48, 0x8c48, 0x8c48, 0x8c48, 0x8c48, 0x8c48, 0x8c48, 0x8c48, 0x8c48, 0x8c48, 0x8c48, 0x8c48, 
  0x8c48, 0x8c48, 0x8c48, 0x8c48, 0x8c48, 0x8c48, 0x8c48, 0x8c48, 0x8c48, 0x8c48, 0x8c48, 0x8c48, 
  0x8c48, 0x8c48, 0x8c48, 0x8c48, 0x8c48, 0x8c48, 0x8c48, 0x8c48, 0x8c48, 0x8c48, 0x8c48, 0x8c48, 
  0x8c48, 0x8c48, 0x8c48, 0x8c48, 0x8c48, 0x8c48, 0x8c48, 0x8c48, 0x8c48, 0x8c48, 0x8c48, 0x8c48, 
  0x8c48, 0x8c48, 0x8c48, 0x8c48, 0x8c48, 0x8c48, 0x8c48, 0x8c48, 0x8c48, 0x8c48, 0x8c48, 0x8c48, 
  0x8c48, 0x8c48, 0x8c48, 0x8c48, 0x8c48, 0x8c48, 0x8c48, 0x8c48, 0x8c48, 0x8c48, 0x8c48, 0x8c48, 
  0x8c48, 0x8c48, 0x8c48, 0x8c48, 0x8c48, 0x8c48, 0x8c48, 0x8c48, 0x8c48, 0x8c48, 0x8c48, 0x8c48, 
  0x8c48, 0x8c48, 0x8c48, 0x8c48, 0x8c48, 0x8c48, 0x8c48, 0x8c48, 0x8c48, 0x8c48, 0x8c48, 0x8c48, 
  0x8c48, 0x8c48, 0x8c48, 0x8c48, 0x8c48, 0x8c48, 0x8c48, 0x8c48, 0x8c48, 0x8c48, 0x8c48, 0x8c48, 
  0x8c48, 0x8c48, 0x8c48, 0x8c48, 0x8c48, 0x8c48, 0x8c48, 0x8c48, 0x8c48, 0x8c48, 0x8c48, 0x8c48, 
  0x8c48, 0x8c48, 0x8c48, 0x8c48, 0x8c48, 0x8c48, 0x8c48, 0x8c48, 0x8c48, 0x8c48, 0x8c48, 0x8c48, 
  0x8c48, 0x8c48, 0x8c48, 0x8c48, 0x8c48, 0x8c48, 0x8c48, 0x8c48, 0x8c48, 0x8c48, 0x8c48, 0x8c48, 
  0x8c48, 0x8c48, 0x8c48, 0x8c48, 0x8c48, 0x8c48, 0x8c48, 0x8c48, 0x8c48, 0x8c48, 0x8c48, 0x8c48, 
  0x8c48, 0x8c48, 0x8c48, 0x8c48, 0x8c48, 0x8c48, 0x8c48, 0x8c48, 0x8c48, 0x8c48, 0x8c48, 0x8c48, 
  0x8c48, 0x8c48, 0x8c48, 0x8c48, 0x8c48, 0x8c48, 0x8c48, 0x8c48, 0x8c48, 0x8c48, 0x8c48, 0x8c48, 
  0x8c48, 0x8c48, 0x8c48, 0x8c48, 0x8c48, 0x8c48, 0x8c48, 0x8c48, 0x8c48, 0x8c48, 0x8c48, 0x8c48, 
  0x8c48, 0x8c48, 0x8c48, 0x8c48, 0x8c48, 0x8c48, 0x8c48, 0x8c48, 0x8c48, 0x8c48, 0x8c48, 0x8c48, 
  0x8c48, 0x8c48, 0x8c48, 0x8c48, 0x8c48, 0x8c48, 0x8c48, 0x8c48, 0x8c48, 0x8c48, 0x8c48, 0x8c48, 
  0x8c48, 0x8c48, 0x8c48, 0x8c48, 0x8c48, 0x8c48, 0x8c48, 0x8c48, 0x8c48, 0x8c48, 0x8c48, 0x8c48, 
  0x7c27, 0x7c27, 0x8c88, 0x8c88, 0x8c88, 0x8c88, 0x7c27, 0x7c27, 0x8c88, 0x8c88, 0x8c88, 0x8c88, 
  0x94a9, 0x94a9, 0x94a9, 0x94a9, 0x8c48, 0x8c48, 0x8c48, 0x8c48, 0x8c48, 0x8c48, 0x8c48, 0x8c48, 
  0x8c48, 0x8c48, 0x8c48, 0x8c48, 0x8c48, 0x8c48, 0x8c48, 0x8c48, 0x8c48, 0x8c48, 0x8c48, 0x8c48, 
  0x8c48, 0x8c48, 0x8c48, 0x8c48, 0x8c48, 0x8c48, 0x8c48, 0x8c48, 0x8c48, 0x8c48, 0x8c48, 0x8c48, 
  0x8c48, 0x8c48, 0x8c48, 0x8c48, 0x8c48, 0x8c48, 0x8c48, 0x8c48, 0x8c48, 0x8c48, 0x8c48, 0x8c48, 
  0x8c48, 0x8c48, 0x8c48, 0x8c48, 0x8c48, 0x8c48, 0x8c48, 0x8c48, 0x8c48, 0x8c48, 0x8c48, 0x8c48, 
  0x8c48, 0x8c48, 0x8c48, 0x8c48, 0x8c48, 0x8c48, 0x8c48, 0x8c48, 0x8c48, 0x8c48, 0x8c48, 0x8c48, 
  0x8c48, 0x8c48, 0x8c48, 0x8c48, 0x8c48, 0x8c48, 0x8c48, 0x8c48, 0x8c48, 0x8c48, 0x8c48, 0x8c48, 
  0x8c48, 0x8c48, 0x8c48, 0x8c48, 0x8c48, 0x8c48, 0x8c48, 0x8c48, 0x8c48, 0x8c48, 0x8c48, 0x8c48, 
  0x8c48, 0x8c48, 0x8c48, 0x8c48, 0x8c48, 0x8c48, 0x8c48, 0x8c48, 0x8c48, 0x8c48, 0x8c48, 0x8c48, 
  0x8c48, 0x8c48, 0x8c48, 0x8c48, 0x8c48, 0x8c48, 0x8c48, 0x8c48, 0x8c48, 0x8c48, 0x8c48, 0x8c48, 
  0x8c48, 0x8c48, 0x8c48, 0x8c48, 0x8c48, 0x8c48, 0x8c48, 0x8c48, 0x8c88, 0x8c88, 0x94a9, 0x94a9, 
  0x8c48, 0x8c48, 0x8c48, 0x8c48, 0x8c48, 0x8c48, 0x8c48, 0x8c48, 0x94a9, 0x94a9, 0x94a9, 0x94a9, 
  0x8c48, 0x8c48, 0x8c48, 0x8c48, 0x8c48, 0x8c48, 0x8c48, 0x8c48, 0x8c48, 0x8c48, 0x8c48, 0x8c48, 
  0x8c48, 0x8c48, 0x8c48, 0x8c48, 0x8c48, 0x8c48, 0x8c48, 0x8c48, 0x8c48, 0x8c48, 0x8c48, 0x8c48, 
  0x8c48, 0x8c48, 0x8c48, 0x8c48, 0x8c48, 0x8c48, 0x8c48, 0x8c48, 0x8c48, 0x8c48, 0x8c48, 0x8c48, 
  0x8c48, 0x8c48, 0x8c48, 0x8c48, 0x8c48, 0x8c48, 0x8c48, 0x8c48, 0x8c48, 0x8c48, 0x8c48, 0x8c48, 
  0x8c48, 0x8c48, 0x8c48, 0x8c48, 0x8c48, 0x8c48, 0x8c48, 0x8c48, 0x8c48, 0x8c48, 0x8c48, 0x8c48, 
  0x8c48, 0x8c48, 0x8c48, 0x8c48, 0x8c48, 0x8c48, 0x8c48, 0x8c48, 0x8c48, 0x8c48, 0x8c48, 0x8c48, 
  0x8c48, 0x8c48, 0x8c48, 0x8c48, 0x8c48, 0x8c48, 0x8c48, 0x8c48, 0x8c48, 0x8c48, 0x8c48, 0x8c48, 
  0x8c48, 0x8c48, 0x8c48, 0x8c48, 0x8c48, 0x8c48, 0x8c48, 0x8c48, 0x8c48, 0x8c48, 0x8c48, 0x8c48, 
  0x8c48, 0x8c48, 0x8c48, 0x8c48, 0x8c48, 0x8c48, 0x8c48, 0x8c48, 0x8c48, 0x8c48, 0x8c48, 0x8c48, 
  0x8c48, 0x8c48, 0x8c48, 0x8c48, 0x8c48, 0x8c48, 0x8c48, 0x8c48, 0x8c48, 0x8c48, 0x8c48, 0x8c48, 
  0x8c48, 0x8c48, 0x8c48, 0x8c48, 0x7c27, 0x7c27, 0x8c88, 0x8c88, 0x8c88, 0x8c88, 0x7c27, 0x7c27, 
  0x8c88, 0x8c88, 0x8c88, 0x8c88, 0x94a9, 0x94a9, 0x94a9, 0x94a9, 0x8c48, 0x8c48, 0x8c48, 0x8c48, 
  0x8c48, 0x8c48, 0x8c48, 0x8c48, 0x8c48, 0x8c48, 0x8c48, 0x8c48, 0x8c48, 0x8c48, 0x8c48, 0x8c48, 
  0x8c48, 0x8c48, 0x8c48, 0x8c48, 0x8c48, 0x8c48, 0x8c48, 0x8c48, 0x8c48, 0x8c48, 0x8c48, 0x8c48, 
  0x8c48, 0x8c48, 0x8c48, 0x8c48, 0x8c48, 0x8c48, 0x8c48, 0x8c48, 0x8c48, 0x8c48, 0x8c48, 0x8c48, 
  0x8c48, 0x8c48, 0x8c48, 0x8c48, 0x8c48, 0x8c48, 0x8c48, 0x8c48, 0x8c48, 0x8c48, 0x8c48, 0x8c48, 
  0x8c48, 0x8c48, 0x8c48, 0x8c48, 0x8c48, 0x8c48, 0x8c48, 0x8c48, 0x8c48, 0x8c48, 0x8c48, 0x8c48, 
  0x8c48, 0x8c48, 0x8c48, 0x8c48, 0x8c48, 0x8c48, 0x8c48, 0x8c48, 0x8c48, 0x8c48, 0x8c48, 0x8c48, 
  0x8c48, 0x8c48, 0x8c48, 0x8c48, 0x8c48, 0x8c48, 0x8c48, 0x8c48, 0x8c48, 0x8c48, 0x8c48, 0x8c48, 
  0x8c48, 0x8c48, 0x8c48, 0x8c48, 0x8c48, 0x8c48, 0x8c48, 0x8c48, 0x8c48, 0x8c48, 0x8c48, 0x8c48, 
  0x8c48, 0x8c48, 0x8c48, 0x8c48, 0x8c48, 0x8c48, 0x8c48, 0x8c48, 0x8c48, 0x8c48, 0x8c48, 0x8c48, 
  0x8c48, 0x8c48, 0x8c48, 0x8c48, 0x8c48, 0x8c48, 0x8c48, 0x8c48, 0x8c48, 0x8c48, 0x8c48, 0x8c48, 
  0x8c88, 0x8c88, 0x94a9, 0x94a9, 0x8c48, 0x8c48, 0x8c48, 0x8c48, 0x8c48, 0x8c48, 0x8c48, 0x8c48, 
  0x94a9, 0x94a9, 0x94a9, 0x94a9, 0x8c48, 0x8c48, 0x8c48, 0x8c48, 0x8c48, 0x8c48, 0x8c48, 0x8c48, 
  0x8c48, 0x8c48, 0x8c48, 0x8c48, 0x8c48, 0x8c48, 0x8c48, 0x8c48, 0x8c48, 0x8c48, 0x8c48, 0x8c48, 
  0x8c48, 0x8c48, 0x8c48, 0x8c48, 0x8c48, 0x8c48, 0x8c48, 0x8c48, 0x8c48, 0x8c48, 0x8c48, 0x8c48, 
  0x8c48, 0x8c48, 0x8c48, 0x8c48, 0x8c48, 0x8c48, 0x8c48, 0x8c48, 0x8c48, 0x8c48, 0x8c48, 0x8c48, 
  0x8c48, 0x8c48, 0x8c48, 0x8c48, 0x8c48, 0x8c48, 0x8c48, 0x8c48, 0x8c48, 0x8c48, 0x8c48, 0x8c48, 
  0x8c48, 0x8c48, 0x8c48, 0x8c48, 0x8c48, 0x8c48, 0x8c48, 0x8c48, 0x8c48, 0x8c48, 0x8c48, 0x8c48, 
  0x8c48, 0x8c48, 0x8c48, 0x8c48, 0x8c48, 0x8c48, 0x8c48, 0x8c48, 0x8c48, 0x8c48, 0x8c48, 0x8c48, 
  0x8c48, 0x8c48, 0x8c48, 0x8c48, 0x8c48, 0x8c48, 0x8c48, 0x8c48, 0x8c48, 0x8c48, 0x8c48, 0x8c48, 
  0x8c48, 0x8c48, 0x8c48, 0x8c48, 0x8c48, 0x8c48, 0x8c48, 0x8c48, 0x8c48, 0x8c48, 0x8c48, 0x8c48, 
  0x8c48, 0x8c48, 0x8c48, 0x8c48, 0x8c48, 0x8c48, 0x8c48, 0x8c48, 0x8c48, 0x8c48, 0x8c48, 0x8c48, 
  0x8c48, 0x8c48, 0x8c48, 0x8c48, 0x8c48, 0x8c48, 0x8c48, 0x8c48, 0x8c48, 0x8c48, 0x7c27, 0x7c27, 
  0x7c27, 0x7c27, 0x8c88, 0x8c88, 0x8c88, 0x8c88, 0x8c88, 0x8c88, 0x8c48, 0x8c48, 0x8c48, 0x8c48, 
  0x8c48, 0x8c48, 0x8c48, 0x8c48, 0x8c48, 0x8c48, 0x8c48, 0x8c48, 0x8c48, 0x8c48, 0x8c48, 0x8c48, 
  0x8c48, 0x8c48, 0x8c48, 0x8c48, 0x8c48, 0x8c48, 0x8c48, 0x8c48, 0x8c48, 0x8c48, 0x8c48, 0x8c48, 
  0x8c48, 0x8c48, 0x8c48, 0x8c48, 0x8c48, 0x8c48, 0x8c48, 0x8c48, 0x8c48, 0x8c48, 0x8c48, 0x8c48, 
  0x8c48, 0x8c48, 0x8c48, 0x8c48, 0x8c48, 0x8c48, 0x8c48, 0x8c48, 0x8c48, 0x8c48, 0x8c48, 0x8c48, 
  0x8c48, 0x8c48, 0x8c48, 0x8c48, 0x8c48, 0x8c48, 0x8c48, 0x8c48, 0x8c48, 0x8c48, 0x8c48, 0x8c48, 
  0x8c48, 0x8c48, 0x8c48, 0x8c48, 0x8c48, 0x8c48, 0x8c48, 0x8c48, 0x8c48, 0x8c48, 0x8c48, 0x8c48, 
  0x8c48, 0x8c48, 0x8c48, 0x8c48, 0x8c48, 0x8c48, 0x8c48, 0x8c48, 0x8c48, 0x8c48, 0x8c48, 0x8c48, 
  0x8c48, 0x8c48, 0x8c48, 0x8c48, 0x8c48, 0x8c48, 0x8c48, 0x8c48, 0x8c48, 0x8c48, 0x8c48, 0x8c48, 
  0x8c48, 0x8c48, 0x8c48, 0x8c48, 0x8c48, 0x8c48, 0x8c48, 0x8c48, 0x8c48, 0x8c48, 0x8c48, 0x8c48, 
  0x8c48, 0x8c48, 0x8c48, 0x8c48, 0x8c48, 0x8c48, 0x8c48, 0x8c48, 0x8c48, 0x8c48, 0x8c48, 0x8c48, 
  0x8c48, 0x8c48, 0x8c48, 0x8c48, 0x8c48, 0x8c48, 0x94a9, 0x94a9, 0x94a9, 0x94a9, 0x8c48, 0x8c48, 
  0x8c48, 0x8c48, 0x8c88, 0x8c88, 0x94a9, 0x94a9, 0x8c48, 0x8c48, 0x8c48, 0x8c48, 0x8c48, 0x8c48, 
  0x8c48, 0x8c48, 0x8c48, 0x8c48, 0x8c48, 0x8c48, 0x8c48, 0x8c48, 0x8c48, 0x8c48, 0x8c48, 0x8c48, 
  0x8c48, 0x8c48, 0x8c48, 0x8c48, 0x8c48, 0x8c48, 0x8c48, 0x8c48, 0x8c48, 0x8c48, 0x8c48, 0x8c48, 
  0x8c48, 0x8c48, 0x8c48, 0x8c48, 0x8c48, 0x8c48, 0x8c48, 0x8c48, 0x8c48, 0x8c48, 0x8c48, 0x8c48, 
  0x8c48, 0x8c48, 0x8c48, 0x8c48, 0x8c48, 0x8c48, 0x8c48, 0x8c48, 0x8c48, 0x8c48, 0x8c48, 0x8c48, 
  0x8c48, 0x8c48, 0x8c48, 0x8c48, 0x8c48, 0x8c48, 0x8c48, 0x8c48, 0x8c48, 0x8c48, 0x8c48, 0x8c48, 
  0x8c48, 0x8c48, 0x8c48, 0x8c48, 0x8c48, 0x8c48, 0x8c48, 0x8c48, 0x8c48, 0x8c48, 0x8c48, 0x8c48, 
  0x8c48, 0x8c48, 0x8c48, 0x8c48, 0x8c48, 0x8c48, 0x8c48, 0x8c48, 0x8c48, 0x8c48, 0x8c48, 0x8c48, 
  0x8c48, 0x8c48, 0x8c48, 0x8c48, 0x8c48, 0x8c48, 0x8c48, 0x8c48, 0x8c48, 0x8c48, 0x8c48, 0x8c48, 
  0x8c48, 0x8c48, 0x8c48, 0x8c48, 0x8c48, 0x8c48, 0x8c48, 0x8c48, 0x8c48, 0x8c48, 0x8c48, 0x8c48, 
  0x8c48, 0x8c48, 0x8c48, 0x8c48, 0x8c48, 0x8c48, 0x8c48, 0x8c48, 0x8c48, 0x8c48, 0x8c48, 0x8c48, 
  0x8c48, 0x8c48, 0x7c27, 0x7c27, 0x7c27, 0x7c27, 0x8c88, 0x8c88, 0x8c88, 0x8c88, 0x8c88, 0x8c88, 
  0x8c48, 0x8c48, 0x8c48, 0x8c48, 0x8c48, 0x8c48, 0x8c48, 0x8c48, 0x8c48, 0x8c48, 0x8c48, 0x8c48, 
  0x8c48, 0x8c48, 0x8c48, 0x8c48, 0x8c48, 0x8c48, 0x8c48, 0x8c48, 0x8c48, 0x8c48, 0x8c48, 0x8c48, 
  0x8c48, 0x8c48, 0x8c48, 0x8c48, 0x8c48, 0x8c48, 0x8c48, 0x8c48, 0x8c48, 0x8c48, 0x8c48, 0x8c48, 
  0x8c48, 0x8c48, 0x8c48, 0x8c48, 0x8c48, 0x8c48, 0x8c48, 0x8c48, 0x8c48, 0x8c48, 0x8c48, 0x8c48, 
  0x8c48, 0x8c48, 0x8c48, 0x8c48, 0x8c48, 0x8c48, 0x8c48, 0x8c48, 0x8c48, 0x8c48, 0x8c48, 0x8c48, 
  0x8c48, 0x8c48, 0x8c48, 0x8c48, 0x8c48, 0x8c48, 0x8c48, 0x8c48, 0x8c48, 0x8c48, 0x8c48, 0x8c48, 
  0x8c48, 0x8c48, 0x8c48, 0x8c48, 0x8c48, 0x8c48, 0x8c48, 0x8c48, 0x8c48, 0x8c48, 0x8c48, 0x8c48, 
  0x8c48, 0x8c48, 0x8c48, 0x8c48, 0x8c48, 0x8c48, 0x8c48, 0x8c48, 0x8c48, 0x8c48, 0x8c48, 0x8c48, 
  0x8c48, 0x8c48, 0x8c48, 0x8c48, 0x8c48, 0x8c48, 0x8c48, 0x8c48, 0x8c48, 0x8c48, 0x8c48, 0x8c48, 
  0x8c48, 0x8c48, 0x8c48, 0x8c48, 0x8c48, 0x8c48, 0x8c48, 0x8c48, 0x8c48, 0x8c48, 0x8c48, 0x8c48, 
  0x8c48, 0x8c48, 0x8c48, 0x8c48, 0x8c48, 0x8c48, 0x8c48, 0x8c48, 0x8c48, 0x8c48, 0x94a9, 0x94a9, 
  0x94a9, 0x94a9, 0x8c48, 0x8c48, 0x8c48, 0x8c48, 0x8c88, 0x8c88, 0x94a9, 0x94a9, 0x8c48, 0x8c48, 
  0x8c48, 0x8c48, 0x8c48, 0x8c48, 0x8c48, 0x8c48, 0x8c48, 0x8c48, 0x8c48, 0x8c48, 0x8c48, 0x8c48, 
  0x8c48, 0x8c48, 0x8c48, 0x8c48, 0x8c48, 0x8c48, 0x8c48, 0x8c48, 0x8c48, 0x8c48, 0x8c48, 0x8c48, 
  0x8c48, 0x8c48, 0x8c48, 0x8c48, 0x8c48, 0x8c48, 0x8c48, 0x8c48, 0x8c48, 0x8c48, 0x8c48, 0x8c48, 
  0x8c48, 0x8c48, 0x8c48, 0x8c48, 0x8c48, 0x8c48, 0x8c48, 0x8c48, 0x8c48, 0x8c48, 0x8c48, 0x8c48, 
  0x8c48, 0x8c48, 0x8c48, 0x8c48, 0x8c48, 0x8c48, 0x8c48, 0x8c48, 0x8c48, 0x8c48, 0x8c48, 0x8c48, 
  0x8c48, 0x8c48, 0x8c48, 0x8c48, 0x8c48, 0x8c48, 0x8c48, 0x8c48, 0x8c48, 0x8c48, 0x8c48, 0x8c48, 
  0x8c48, 0x8c48, 0x8c48, 0x8c48, 0x8c48, 0x8c48, 0x8c48, 0x8c48, 0x8c48, 0x8c48, 0x8c48, 0x8c48, 
  0x8c48, 0x8c48, 0x8c48, 0x8c48, 0x8c48, 0x8c48, 0x8c48, 0x8c48, 0x8c48, 0x8c48, 0x8c48, 0x8c48, 
  0x8c48, 0x8c48, 0x8c48, 0x8c48, 0x8c48, 0x8c48, 0x8c48, 0x8c48, 0x8c48, 0x8c48, 0x8c48, 0x8c48, 
  0x8c48, 0x8c48, 0x8c48, 0x8c48, 0x8c48, 0x8c48, 0x8c48, 0x8c48, 0x8c48, 0x8c48, 0x8c48, 0x8c48, 
  0x8c48, 0x8c48, 0x8c48, 0x8c48, 0x8c48, 0x8c48, 0x8c48, 0x8c48, 0x8c48, 0x8c48, 0x8c88, 0x8c88, 
  0x8c88, 0x8c88, 0x7c27, 0x7c27, 0x8c48, 0x8c48, 0x8c48, 0x8c48, 0x8c48, 0x8c48, 0x8c48, 0x8c48, 
  0x8c48, 0x8c48, 0x8c48, 0x8c48, 0x8c48, 0x8c48, 0x8c48, 0x8c48, 0x8c48, 0x8c48, 0x8c48, 0x8c48, 
  0x8c48, 0x8c48, 0x8c48, 0x8c48, 0x8c48, 0x8c48, 0x8c48, 0x8c48, 0x8c48, 0x8c48, 0x8c48, 0x8c48, 
  0x8c48, 0x8c48, 0x8c48, 0x8c48, 0x8c48, 0x8c48, 0x8c48, 0x8c48, 0x8c48, 0x8c48, 0x8c48, 0x8c48, 
  0x8c48, 0x8c48, 0x8c48, 0x8c48, 0x8c48, 0x8c48, 0x8c48, 0x8c48, 0x8c48, 0x8c48, 0x8c48, 0x8c48, 
  0x8c48, 0x8c48, 0x8c48, 0x8c48, 0x8c48, 0x8c48, 0x8c48, 0x8c48, 0x8c48, 0x8c48, 0x8c48, 0x8c48, 
  0x8c48, 0x8c48, 0x8c48, 0x8c48, 0x8c48, 0x8c48, 0x8c48, 0x8c48, 0x8c48, 0x8c48, 0x8c48, 0x8c48, 
  0x8c48, 0x8c48, 0x8c48, 0x8c48, 0x8c48, 0x8c48, 0x8c48, 0x8c48, 0x8c48, 0x8c48, 0x8c48, 0x8c48, 
  0x8c48, 0x8c48, 0x8c48, 0x8c48, 0x8c48, 0x8c48, 0x8c48, 0x8c48, 0x8c48, 0x8c48, 0x8c48, 0x8c48, 
  0x8c48, 0x8c48, 0x8c48, 0x8c48, 0x8c48, 0x8c48, 0x8c48, 0x8c48, 0x8c48, 0x8c48, 0x8c48, 0x8c48, 
  0x8c48, 0x8c48, 0x8c48, 0x8c48, 0x8c48, 0x8c48, 0x8c48, 0x8c48, 0x8c48, 0x8c48, 0x8c48, 0x8c48, 
  0x8c48, 0x8c48, 0x8c88, 0x8c88, 0x8c88, 0x8c88, 0x8c48, 0x8c48, 0x8c88, 0x8c88, 0x8c88, 0x8c88, 
  0x7c27, 0x7c27, 0x8c48, 0x8c48, 0x8c48, 0x8c48, 0x8c48, 0x8c48, 0x8c48, 0x8c48, 0x8c48, 0x8c48, 
  0x8c48, 0x8c48, 0x8c48, 0x8c48, 0x8c48, 0x8c48, 0x8c48, 0x8c48, 0x8c48, 0x8c48, 0x8c48, 0x8c48, 
  0x8c48, 0x8c48, 0x8c48, 0x8c48, 0x8c48, 0x8c48, 0x8c48, 0x8c48, 0x8c48, 0x8c48, 0x8c48, 0x8c48, 
  0x8c48, 0x8c48, 0x8c48, 0x8c48, 0x8c48, 0x8c48, 0x8c48, 0x8c48, 0x8c48, 0x8c48, 0x8c48, 0x8c48, 
  0x8c48, 0x8c48, 0x8c48, 0x8c48, 0x8c48, 0x8c48, 0x8c48, 0x8c48, 0x8c48, 0x8c48, 0x8c48, 0x8c48, 
  0x8c48, 0x8c48, 0x8c48, 0x8c48, 0x8c48, 0x8c48, 0x8c48, 0x8c48, 0x8c48, 0x8c48, 0x8c48, 0x8c48, 
  0x8c48, 0x8c48, 0x8c48, 0x8c48, 0x8c48, 0x8c48, 0x8c48, 0x8c48, 0x8c48, 0x8c48, 0x8c48, 0x8c48, 
  0x8c48, 0x8c48, 0x8c48, 0x8c48, 0x8c48, 0x8c48, 0x8c48, 0x8c48, 0x8c48, 0x8c48, 0x8c48, 0x8c48, 
  0x8c48, 0x8c48, 0x8c48, 0x8c48, 0x8c48, 0x8c48, 0x8c48, 0x8c48, 0x8c48, 0x8c48, 0x8c48, 0x8c48, 
  0x8c48, 0x8c48, 0x8c48, 0x8c48, 0x8c48, 0x8c48, 0x8c48, 0x8c48, 0x8c48, 0x8c48, 0x8c48, 0x8c48, 
  0x8c48, 0x8c48, 0x8c48, 0x8c48, 0x8c48, 0x8c48, 0x8c48, 0x8c48, 0x8c48, 0x8c48, 0x8c48, 0x8c48, 
  0x8c48, 0x8c48, 0x8c88, 0x8c88, 0x8c88, 0x8c88, 0x7c27, 0x7c27, 0x8c48, 0x8c48, 0x8c48, 0x8c48, 
  0x8c48, 0x8c48, 0x8c48, 0x8c48, 0x8c48, 0x8c48, 0x8c48, 0x8c48, 0x8c48, 0x8c48, 0x8c48, 0x8c48, 
  0x8c48, 0x8c48, 0x8c48, 0x8c48, 0x8c48, 0x8c48, 0x8c48, 0x8c48, 0x8c48, 0x8c48, 0x8c48, 0x8c48, 
  0x8c48, 0x8c48, 0x8c48, 0x8c48, 0x8c48, 0x8c48, 0x8c48, 0x8c48, 0x8c48, 0x8c48, 0x8c48, 0x8c48, 
  0x8c48, 0x8c48, 0x8c48, 0x8c48, 0x8c48, 0x8c48, 0x8c48, 0x8c48, 0x8c48, 0x8c48, 0x8c48, 0x8c48, 
  0x8c48, 0x8c48, 0x8c48, 0x8c48, 0x8c48, 0x8c48, 0x8c48, 0x8c48, 0x8c48, 0x8c48, 0x8c48, 0x8c48, 
  0x8c48, 0x8c48, 0x8c48, 0x8c48, 0x8c48, 0x8c48, 0x8c48, 0x8c48, 0x8c48, 0x8c48, 0x8c48, 0x8c48, 
  0x8c48, 0x8c48, 0x8c48, 0x8c48, 0x8c48, 0x8c48, 0x8c48, 0x8c48, 0x8c48, 0x8c48, 0x8c48, 0x8c48, 
  0x8c48, 0x8c48, 0x8c48, 0x8c48, 0x8c48, 0x8c48, 0x8c48, 0x8c48, 0x8c48, 0x8c48, 0x8c48, 0x8c48, 
  0x8c48, 0x8c48, 0x8c48, 0x8c48, 0x8c48, 0x8c48, 0x8c48, 0x8c48, 0x8c48, 0x8c48, 0x8c48, 0x8c48, 
  0x8c48, 0x8c48, 0x8c48, 0x8c48, 0x8c48, 0x8c48, 0x8c48, 0x8c48, 0x8c48, 0x8c48, 0x8c48, 0x8c48, 
  0x8c48, 0x8c48, 0x8c48, 0x8c48, 0x8c48, 0x8c48, 0x8c88, 0x8c88, 0x8c88, 0x8c88, 0x8c48, 0x8c48, 
  0x8c88, 0x8c88, 0x8c88, 0x8c88, 0x7c27, 0x7c27, 0x8c48, 0x8c48, 0x8c48, 0x8c48, 0x8c48, 0x8c48, 
  0x8c48, 0x8c48, 0x8c48, 0x8c48, 0x8c48, 0x8c48, 0x8c48, 0x8c48, 0x8c48, 0x8c48, 0x8c48, 0x8c48, 
  0x8c48, 0x8c48, 0x8c48, 0x8c48, 0x8c48, 0x8c48, 0x8c48, 0x8c48, 0x8c48, 0x8c48, 0x8c48, 0x8c48, 
  0x8c48, 0x8c48, 0x8c48, 0x8c48, 0x8c48, 0x8c48, 0x8c48, 0x8c48, 0x8c48, 0x8c48, 0x8c48, 0x8c48, 
  0x8c48, 0x8c48, 0x8c48, 0x8c48, 0x8c48, 0x8c48, 0x8c48, 0x8c48, 0x8c48, 0x8c48, 0x8c48, 0x8c48, 
  0x8c48, 0x8c48, 0x8c48, 0x8c48, 0x8c48, 0x8c48, 0x8c48, 0x8c48, 0x8c48, 0x8c48, 0x8c48, 0x8c48, 
  0x8c48, 0x8c48, 0x8c48, 0x8c48, 0x8c48, 0x8c48, 0x8c88, 0x8c88, 0x94a9, 0x94a9, 0x8c48, 0x8c48, 
  0x8c48, 0x8c48, 0x8c48, 0x8c48, 0x8c48, 0x8c48, 0x8c88, 0x8c88, 0x8c88, 0x8c88, 0x8c48, 0x8c48, 
  0x8c48, 0x8c48, 0x8c48, 0x8c48, 0x8c48, 0x8c48, 0x8c48, 0x8c48, 0x8c48, 0x8c48, 0x8c48, 0x8c48, 
  0x8c48, 0x8c48, 0x8c48, 0x8c48, 0x8c48, 0x8c48, 0x8c48, 0x8c48, 0x8c48, 0x8c48, 0x8c48, 0x8c48, 
  0x8c48, 0x8c48, 0x8c48, 0x8c48, 0x8c48, 0x8c48, 0x8c48, 0x8c48, 0x8c48, 0x8c48, 0x8c48, 0x8c48, 
  0x8c48, 0x8c48, 0x8c48, 0x8c48, 0x8c48, 0x8c48, 0x8c88, 0x8c88, 0x7c27, 0x7c27, 0x8c48, 0x8c48, 
  0x8c48, 0x8c48, 0x8c48, 0x8c48, 0x8c48, 0x8c48, 0x8c48, 0x8c48, 0x8c48, 0x8c48, 0x8c48, 0x8c48, 
  0x8c48, 0x8c48, 0x8c48, 0x8c48, 0x8c48, 0x8c48, 0x8c48, 0x8c48, 0x8c48, 0x8c48, 0x8c48, 0x8c48, 
  0x8c48, 0x8c48, 0x8c48, 0x8c48, 0x8c48, 0x8c48, 0x8c48, 0x8c48, 0x8c48, 0x8c48, 0x8c48, 0x8c48, 
  0x8c48, 0x8c48, 0x8c48, 0x8c48, 0x8c48, 0x8c48, 0x8c48, 0x8c48, 0x8c48, 0x8c48, 0x8c48, 0x8c48, 
  0x8c48, 0x8c48, 0x8c48, 0x8c48, 0x8c48, 0x8c48, 0x8c48, 0x8c48, 0x8c48, 0x8c48, 0x8c48, 0x8c48, 
  0x8c48, 0x8c48, 0x8c48, 0x8c48, 0x8c48, 0x8c48, 0x8c48, 0x8c48, 0x8c48, 0x8c48, 0x8c48, 0x8c48, 
  0x8c48, 0x8c48, 0x8c48, 0x8c48, 0x8c48, 0x8c48, 0x8c48, 0x8c48, 0x8c48, 0x8c48, 0x8c48, 0x8c48, 
  0x8c48, 0x8c48, 0x8c48, 0x8c48, 0x8c48, 0x8c48, 0x8c48, 0x8c48, 0x8c48, 0x8c48, 0x8c48, 0x8c48, 
  0x8c48, 0x8c48, 0x8c48, 0x8c48, 0x8c48, 0x8c48, 0x8c48, 0x8c48, 0x8c48, 0x8c48, 0x8c48, 0x8c48, 
  0x8c48, 0x8c48, 0x8c48, 0x8c48, 0x8c48, 0x8c48, 0x8c48, 0x8c48, 0x8c48, 0x8c48, 0x8c48, 0x8c48, 
  0x8c48, 0x8c48, 0x8c48, 0x8c48, 0x8c48, 0x8c48, 0x8c48, 0x8c48, 0x8c48, 0x8c48, 0x7c27, 0x7c27, 
  0x7c27, 0x7c27, 0x8c48, 0x8c48, 0x8c88, 0x8c88, 0x8c88, 0x8c88, 0x7c27, 0x7c27, 0x8c48, 0x8c48, 
  0x8c48, 0x8c48, 0x8c48, 0x8c48, 0x8c48, 0x8c48, 0x8c48, 0x8c48, 0x8c48, 0x8c48, 0x8c48, 0x8c48, 
  0x8c48, 0x8c48, 0x8c48, 0x8c48, 0x8c48, 0x8c48, 0x8c48, 0x8c48, 0x8c48, 0x8c48, 0x8c48, 0x8c48, 
  0x8c48, 0x8c48, 0x8c48, 0x8c48, 0x8c48, 0x8c48, 0x8c48, 0x8c48, 0x8c48, 0x8c48, 0x8c48, 0x8c48, 
  0x8c48, 0x8c48, 0x8c48, 0x8c48, 0x8c48, 0x8c48, 0x8c48, 0x8c48, 0x8c48, 0x8c48, 0x8c48, 0x8c48, 
  0x8c48, 0x8c48, 0x8c48, 0x8c48, 0x8c48, 0x8c48, 0x8c48, 0x8c48, 0x8c48, 0x8c48, 0x8c48, 0x8c48, 
  0x8c48, 0x8c48, 0x8c48, 0x8c48, 0x8c48, 0x8c48, 0x8c48, 0x8c48, 0x8c48, 0x8c48, 0x8c88, 0x8c88, 
  0x94a9, 0x94a9, 0x8c48, 0x8c48, 0x8c48, 0x8c48, 0x8c48, 0x8c48, 0x8c48, 0x8c48, 0x8c88, 0x8c88, 
  0x8c88, 0x8c88, 0x8c48, 0x8c48, 0x8c48, 0x8c48, 0x8c48, 0x8c48, 0x8c48, 0x8c48, 0x8c48, 0x8c48, 
  0x8c48, 0x8c48, 0x8c48, 0x8c48, 0x8c48, 0x8c48, 0x8c48, 0x8c48, 0x8c48, 0x8c48, 0x8c48, 0x8c48, 
  0x8c48, 0x8c48, 0x8c48, 0x8c48, 0x8c48, 0x8c48, 0x8c48, 0x8c48, 0x8c48, 0x8c48, 0x8c48, 0x8c48, 
  0x8c48, 0x8c48, 0x8c48, 0x8c48, 0x8c48, 0x8c48, 0x8c48, 0x8c48, 0x8c48, 0x8c48, 0x8c88, 0x8c88, 
  0x7c27, 0x7c27, 0x8c48, 0x8c48, 0x8c48, 0x8c48, 0x8c48, 0x8c48, 0x8c48, 0x8c48, 0x8c48, 0x8c48, 
  0x8c48, 0x8c48, 0x8c48, 0x8c48, 0x8c48, 0x8c48, 0x8c48, 0x8c48, 0x8c48, 0x8c48, 0x8c48, 0x8c48, 
  0x8c48, 0x8c48, 0x8c48, 0x8c48, 0x8c48, 0x8c48, 0x8c48, 0x8c48, 0x8c48, 0x8c48, 0x8c48, 0x8c48, 
  0x8c48, 0x8c48, 0x8c48, 0x8c48, 0x8c48, 0x8c48, 0x8c48, 0x8c48, 0x8c48, 0x8c48, 0x8c48, 0x8c48, 
  0x8c48, 0x8c48, 0x8c48, 0x8c48, 0x8c48, 0x8c48, 0x8c48, 0x8c48, 0x8c48, 0x8c48, 0x8c48, 0x8c48, 
  0x8c48, 0x8c48, 0x8c48, 0x8c48, 0x8c48, 0x8c48, 0x8c48, 0x8c48, 0x8c48, 0x8c48, 0x8c48, 0x8c48, 
  0x8c48, 0x8c48, 0x8c48, 0x8c48, 0x8c48, 0x8c48, 0x8c48, 0x8c48, 0x8c48, 0x8c48, 0x8c48, 0x8c48, 
  0x8c48, 0x8c48, 0x8c48, 0x8c48, 0x8c48, 0x8c48, 0x8c48, 0x8c48, 0x8c48, 0x8c48, 0x8c48, 0x8c48, 
  0x8c48, 0x8c48, 0x8c48, 0x8c48, 0x8c48, 0x8c48, 0x8c48, 0x8c48, 0x8c48, 0x8c48, 0x8c48, 0x8c48, 
  0x8c48, 0x8c48, 0x8c48, 0x8c48, 0x8c48, 0x8c48, 0x8c48, 0x8c48, 0x8c48, 0x8c48, 0x8c48, 0x8c48, 
  0x8c48, 0x8c48, 0x8c48, 0x8c48, 0x8c48, 0x8c48, 0x8c48, 0x8c48, 0x8c48, 0x8c48, 0x8c48, 0x8c48, 
  0x8c48, 0x8c48, 0x7c27, 0x7c27, 0x7c27, 0x7c27, 0x8c48, 0x8c48, 0x8c88, 0x8c88, 0x8c88, 0x8c88, 
  0x7c27, 0x7c27, 0x8c48, 0x8c48, 0x8c48, 0x8c48, 0x8c48, 0x8c48, 0x8c48, 0x8c48, 0x8c48, 0x8c48, 
  0x8c48, 0x8c48, 0x8c48, 0x8c48, 0x8c48, 0x8c48, 0x8c48, 0x8c48, 0x8c48, 0x8c48, 0x8c48, 0x8c48, 
  0x8c48, 0x8c48, 0x8c48, 0x8c48, 0x8c48, 0x8c48, 0x8c48, 0x8c48, 0x8c48, 0x8c48, 0x8c48, 0x8c48, 
  0x8c48, 0x8c48, 0x8c48, 0x8c48, 0x8c48, 0x8c48, 0x8c48, 0x8c48, 0x8c48, 0x8c48, 0x8c48, 0x8c48, 
  0x8c48, 0x8c48, 0x8c48, 0x8c48, 0x8c48, 0x8c48, 0x8c48, 0x8c48, 0x8c48, 0x8c48, 0x8c48, 0x8c48, 
  0x8c48, 0x8c48, 0x8c48, 0x8c48, 0x8c48, 0x8c48, 0x8c48, 0x8c48, 0x8c48, 0x8c48, 0x8c48, 0x8c48, 
  0x8c48, 0x8c48, 0x8c48, 0x8c48, 0x94a9, 0x94a9, 0x94a9, 0x94a9, 0x8c48, 0x8c48, 0x8c48, 0x8c48, 
  0x8c88, 0x8c88, 0x8c88, 0x8c88, 0x8c48, 0x8c48, 0x8c48, 0x8c48, 0x8c48, 0x8c48, 0x8c48, 0x8c48, 
  0x8c48, 0x8c48, 0x8c48, 0x8c48, 0x8c48, 0x8c48, 0x8c48, 0x8c48, 0x8c48, 0x8c48, 0x8c48, 0x8c48, 
  0x8c48, 0x8c48, 0x8c48, 0x8c48, 0x8c48, 0x8c48, 0x8c48, 0x8c48, 0x8c48, 0x8c48, 0x8c48, 0x8c48, 
  0x8c48, 0x8c48, 0x8c48, 0x8c48, 0x8c48, 0x8c48, 0x8c48, 0x8c48, 0x8c48, 0x8c48, 0x8c48, 0x8c48, 
  0x8c48, 0x8c48, 0x8c48, 0x8c48, 0x8c48, 0x8c48, 0x8c48, 0x8c48, 0x8c48, 0x8c48, 0x8c48, 0x8c48, 
  0x8c48, 0x8c48, 0x8c48, 0x8c48, 0x8c48, 0x8c48, 0x8c48, 0x8c48, 0x8c48, 0x8c48, 0x8c48, 0x8c48, 
  0x8c48, 0x8c48, 0x8c48, 0x8c48, 0x8c48, 0x8c48, 0x8c48, 0x8c48, 0x8c48, 0x8c48, 0x8c48, 0x8c48, 
  0x8c48, 0x8c48, 0x8c48, 0x8c48, 0x8c48, 0x8c48, 0x8c48, 0x8c48, 0x8c48, 0x8c48, 0x8c48, 0x8c48, 
  0x8c48, 0x8c48, 0x8c48, 0x8c48, 0x8c48, 0x8c48, 0x8c48, 0x8c48, 0x8c48, 0x8c48, 0x8c48, 0x8c48, 
  0x8c48, 0x8c48, 0x8c48, 0x8c48, 0x8c48, 0x8c48, 0x8c48, 0x8c48, 0x8c48, 0x8c48, 0x8c48, 0x8c48, 
  0x8c48, 0x8c48, 0x8c48, 0x8c48, 0x8c48, 0x8c48, 0x8c48, 0x8c48, 0x8c48, 0x8c48, 0x8c48, 0x8c48, 
  0x8c48, 0x8c48, 0x8c48, 0x8c48, 0x8c48, 0x8c48, 0x8c48, 0x8c48, 0x8c48, 0x8c48, 0x8c48, 0x8c48, 
  0x8c48, 0x8c48, 0x8c48, 0x8c48, 0x8c48, 0x8c48, 0x8c48, 0x8c48, 0x8c48, 0x8c48, 0x8c48, 0x8c48, 
  0x8c48, 0x8c48, 0x8c48, 0x8c48, 0x8c48, 0x8c48, 0x8c48, 0x8c48, 0x8c48, 0x8c48, 0x8c48, 0x8c48, 
  0x8c48, 0x8c48, 0x8c48, 0x8c48, 0x8c48, 0x8c48, 0x8c48, 0x8c48, 0x8c48, 0x8c48, 0x8c48, 0x8c48, 
  0x8c48, 0x8c48, 0x8c48, 0x8c48, 0x8c48, 0x8c48, 0x8c48, 0x8c48, 0x8c48, 0x8c48, 0x8c48, 0x8c48, 
  0x7c27, 0x7c27, 0x7c27, 0x7c27, 0x8c48, 0x8c48, 0x8c48, 0x8c48, 0x8c48, 0x8c48, 0x8c48, 0x8c48, 
  0x8c48, 0x8c48, 0x8c48, 0x8c48, 0x8c48, 0x8c48, 0x8c48, 0x8c48, 0x8c48, 0x8c48, 0x8c48, 0x8c48, 
  0x8c48, 0x8c48, 0x8c48, 0x8c48, 0x8c48, 0x8c48, 0x8c48, 0x8c48, 0x8c48, 0x8c48, 0x8c48, 0x8c48, 
  0x8c48, 0x8c48, 0x8c48, 0x8c48, 0x8c48, 0x8c48, 0x8c48, 0x8c48, 0x8c48, 0x8c48, 0x8c48, 0x8c48, 
  0x8c48, 0x8c48, 0x8c48, 0x8c48, 0x8c48, 0x8c48, 0x8c48, 0x8c48, 0x8c48, 0x8c48, 0x8c48, 0x8c48, 
  0x8c48, 0x8c48, 0x8c48, 0x8c48, 0x8c48, 0x8c48, 0x8c48, 0x8c48, 0x8c48, 0x8c48, 0x8c48, 0x8c48, 
  0x8c48, 0x8c48, 0x8c48, 0x8c48, 0x8c48, 0x8c48, 0x8c48, 0x8c48, 0x94a9, 0x94a9, 0x94a9, 0x94a9, 
  0x8c48, 0x8c48, 0x8c48, 0x8c48, 0x8c88, 0x8c88, 0x8c88, 0x8c88, 0x8c48, 0x8c48, 0x8c48, 0x8c48, 
  0x8c48, 0x8c48, 0x8c48, 0x8c48, 0x8c48, 0x8c48, 0x8c48, 0x8c48, 0x8c48, 0x8c48, 0x8c48, 0x8c48, 
  0x8c48, 0x8c48, 0x8c48, 0x8c48, 0x8c48, 0x8c48, 0x8c48, 0x8c48, 0x8c48, 0x8c48, 0x8c48, 0x8c48, 
  0x8c48, 0x8c48, 0x8c48, 0x8c48, 0x8c48, 0x8c48, 0x8c48, 0x8c48, 0x8c48, 0x8c48, 0x8c48, 0x8c48, 
  0x8c48, 0x8c48, 0x8c48, 0x8c48, 0x8c48, 0x8c48, 0x8c48, 0x8c48, 0x8c48, 0x8c48, 0x8c48, 0x8c48, 
  0x8c48, 0x8c48, 0x8c48, 0x8c48, 0x8c48, 0x8c48, 0x8c48, 0x8c48, 0x8c48, 0x8c48, 0x8c48, 0x8c48, 
  0x8c48, 0x8c48, 0x8c48, 0x8c48, 0x8c48, 0x8c48, 0x8c48, 0x8c48, 0x8c48, 0x8c48, 0x8c48, 0x8c48, 
  0x8c48, 0x8c48, 0x8c48, 0x8c48, 0x8c48, 0x8c48, 0x8c48, 0x8c48, 0x8c48, 0x8c48, 0x8c48, 0x8c48, 
  0x8c48, 0x8c48, 0x8c48, 0x8c48, 0x8c48, 0x8c48, 0x8c48, 0x8c48, 0x8c48, 0x8c48, 0x8c48, 0x8c48, 
  0x8c48, 0x8c48, 0x8c48, 0x8c48, 0x8c48, 0x8c48, 0x8c48, 0x8c48, 0x8c48, 0x8c48, 0x8c48, 0x8c48, 
  0x8c48, 0x8c48, 0x8c48, 0x8c48, 0x8c48, 0x8c48, 0x8c48, 0x8c48, 0x8c48, 0x8c48, 0x8c48, 0x8c48, 
  0x8c48, 0x8c48, 0x8c48, 0x8c48, 0x8c48, 0x8c48, 0x8c48, 0x8c48, 0x8c48, 0x8c48, 0x8c48, 0x8c48, 
  0x8c48, 0x8c48, 0x8c48, 0x8c48, 0x8c48, 0x8c48, 0x8c48, 0x8c48, 0x8c48, 0x8c48, 0x8c48, 0x8c48, 
  0x8c48, 0x8c48, 0x8c48, 0x8c48, 0x8c48, 0x8c48, 0x8c48, 0x8c48, 0x8c48, 0x8c48, 0x8c48, 0x8c48, 
  0x8c48, 0x8c48, 0x8c48, 0x8c48, 0x8c48, 0x8c48, 0x8c48, 0x8c48, 0x8c48, 0x8c48, 0x8c48, 0x8c48, 
  0x8c48, 0x8c48, 0x8c48, 0x8c48, 0x8c48, 0x8c48, 0x8c48, 0x8c48, 0x8c48, 0x8c48, 0x8c48, 0x8c48, 
  0x8c48, 0x8c48, 0x8c48, 0x8c48, 0x7c27, 0x7c27, 0x7c27, 0x7c27, 0x8c48, 0x8c48, 0x8c48, 0x8c48, 
  0x8c48, 0x8c48, 0x8c48, 0x8c48, 0x8c48, 0x8c48, 0x8c48, 0x8c48, 0x8c48, 0x8c48, 0x8c48, 0x8c48, 
  0x8c48, 0x8c48, 0x8c48, 0x8c48, 0x8c48, 0x8c48, 0x8c48, 0x8c48, 0x8c48, 0x8c48, 0x8c48, 0x8c48, 
  0x8c48, 0x8c48, 0x8c48, 0x8c48, 0x8c48, 0x8c48, 0x8c48, 0x8c48, 0x8c48, 0x8c48, 0x8c48, 0x8c48, 
  0x8c48, 0x8c48, 0x8c48, 0x8c48, 0x8c48, 0x8c48, 0x8c48, 0x8c48, 0x8c48, 0x8c48, 0x8c48, 0x8c48, 
  0x8c48, 0x8c48, 0x8c48, 0x8c48, 0x8c48, 0x8c48, 0x8c48, 0x8c48, 0x8c48, 0x8c48, 0x8c48, 0x8c48, 
  0x8c48, 0x8c48, 0x8c48, 0x8c48, 0x8c48, 0x8c48, 0x8c48, 0x8c48, 0x8c48, 0x8c48, 0x8c48, 0x8c48, 
  0x7c27, 0x7c27, 0x8c88, 0x8c88, 0x8c88, 0x8c88, 0x8c48, 0x8c48, 0x8c88, 0x8c88, 0x8c88, 0x8c88, 
  0x8c48, 0x8c48, 0x8c48, 0x8c48, 0x8c48, 0x8c48, 0x8c48, 0x8c48, 0x8c48, 0x8c48, 0x8c48, 0x8c48, 
  0x8c48, 0x8c48, 0x8c48, 0x8c48, 0x8c48, 0x8c48, 0x8c48, 0x8c48, 0x8c48, 0x8c48, 0x8c48, 0x8c48, 
  0x8c48, 0x8c48, 0x8c48, 0x8c48, 0x8c48, 0x8c48, 0x8c48, 0x8c48, 0x8c48, 0x8c48, 0x8c48, 0x8c48, 
  0x8c48, 0x8c48, 0x8c48, 0x8c48, 0x8c48, 0x8c48, 0x8c48, 0x8c48, 0x8c48, 0x8c48, 0x8c48, 0x8c48, 
  0x8c48, 0x8c48, 0x8c48, 0x8c48, 0x8c48, 0x8c48, 0x8c48, 0x8c48, 0x8c48, 0x8c48, 0x8c48, 0x8c48, 
  0x8c48, 0x8c48, 0x8c48, 0x8c48, 0x8c48, 0x8c48, 0x8c48, 0x8c48, 0x8c48, 0x8c48, 0x8c48, 0x8c48, 
  0x8c48, 0x8c48, 0x8c48, 0x8c48, 0x8c48, 0x8c48, 0x8c48, 0x8c48, 0x8c48, 0x8c48, 0x8c48, 0x8c48, 
  0x8c48, 0x8c48, 0x8c48, 0x8c48, 0x8c48, 0x8c48, 0x8c48, 0x8c48, 0x8c48, 0x8c48, 0x8c48, 0x8c48, 
  0x8c48, 0x8c48, 0x8c48, 0x8c48, 0x8c48, 0x8c48, 0x8c48, 0x8c48, 0x8c48, 0x8c48, 0x8c48, 0x8c48, 
  0x8c48, 0x8c48, 0x8c48, 0x8c48, 0x8c48, 0x8c48, 0x8c48, 0x8c48, 0x8c48, 0x8c48, 0x8c48, 0x8c48, 
  0x8c48, 0x8c48, 0x8c48, 0x8c48, 0x8c48, 0x8c48, 0x8c48, 0x8c48, 0x8c48, 0x8c48, 0x8c48, 0x8c48, 
  0x8c48, 0x8c48, 0x8c48, 0x8c48, 0x8c48, 0x8c48, 0x8c48, 0x8c48, 0x8c48, 0x8c48, 0x8c48, 0x8c48, 
  0x8c48, 0x8c48, 0x8c48, 0x8c48, 0x8c48, 0x8c48, 0x8c48, 0x8c48, 0x8c48, 0x8c48, 0x8c48, 0x8c48, 
  0x8c48, 0x8c48, 0x8c48, 0x8c48, 0x8c48, 0x8c48, 0x8c48, 0x8c48, 0x8c48, 0x8c48, 0x8c48, 0x8c48, 
  0x8c48, 0x8c48, 0x8c48, 0x8c48, 0x8c48, 0x8c48, 0x8c48, 0x8c48, 0x8c48, 0x8c48, 0x8c48, 0x8c48, 
  0x8c48, 0x8c48, 0x8c48, 0x8c48, 0x8c48, 0x8c48, 0x8c48, 0x8c48, 0x8c48, 0x8c48, 0x8c48, 0x8c48, 
  0x8c48, 0x8c48, 0x8c48, 0x8c48, 0x8c48, 0x8c48, 0x8c48, 0x8c48, 0x8c48, 0x8c48, 0x8c48, 0x8c48, 
  0x8c48, 0x8c48, 0x8c48, 0x8c48, 0x8c48, 0x8c48, 0x8c48, 0x8c48, 0x8c48, 0x8c48, 0x8c48, 0x8c48, 
  0x8c48, 0x8c48, 0x8c48, 0x8c48, 0x8c48, 0x8c48, 0x8c48, 0x8c48, 0x8c48, 0x8c48, 0x8c48, 0x8c48, 
  0x8c48, 0x8c48, 0x8c48, 0x8c48, 0x8c48, 0x8c48, 0x8c48, 0x8c48, 0x8c48, 0x8c48, 0x8c48, 0x8c48, 
  0x8c48, 0x8c48, 0x8c48, 0x8c48, 0x8c48, 0x8c48, 0x8c48, 0x8c48, 0x8c48, 0x8c48, 0x8c48, 0x8c48, 
  0x8c48, 0x8c48, 0x8c48, 0x8c48, 0x8c48, 0x8c48, 0x8c48, 0x8c48, 0x8c48, 0x8c48, 0x8c48, 0x8c48, 
  0x8c48, 0x8c48, 0x8c48, 0x8c48, 0x7c27, 0x7c27, 0x8c88, 0x8c88, 0x8c88, 0x8c88, 0x8c48, 0x8c48, 
  0x8c88, 0x8c88, 0x8c88, 0x8c88, 0x8c48, 0x8c48, 0x8c48, 0x8c48, 0x8c48, 0x8c48, 0x8c48, 0x8c48, 
  0x8c48, 0x8c48, 0x8c48, 0x8c48, 0x8c48, 0x8c48, 0x8c48, 0x8c48, 0x8c48, 0x8c48, 0x8c48, 0x8c48, 
  0x8c48, 0x8c48, 0x8c48, 0x8c48, 0x8c48, 0x8c48, 0x8c48, 0x8c48, 0x8c48, 0x8c48, 0x8c48, 0x8c48, 
  0x8c48, 0x8c48, 0x8c48, 0x8c48, 0x8c48, 0x8c48, 0x8c48, 0x8c48, 0x8c48, 0x8c48, 0x8c48, 0x8c48, 
  0x8c48, 0x8c48, 0x8c48, 0x8c48, 0x8c48, 0x8c48, 0x8c48, 0x8c48, 0x8c48, 0x8c48, 0x8c48, 0x8c48, 
  0x8c48, 0x8c48, 0x8c48, 0x8c48, 0x8c48, 0x8c48, 0x8c48, 0x8c48, 0x8c48, 0x8c48, 0x8c48, 0x8c48, 
  0x8c48, 0x8c48, 0x8c48, 0x8c48, 0x8c48, 0x8c48, 0x8c48, 0x8c48, 0x8c48, 0x8c48, 0x8c48, 0x8c48, 
  0x8c48, 0x8c48, 0x8c48, 0x8c48, 0x8c48, 0x8c48, 0x8c48, 0x8c48, 0x8c48, 0x8c48, 0x8c48, 0x8c48, 
  0x8c48, 0x8c48, 0x8c48, 0x8c48, 0x8c48, 0x8c48, 0x8c48, 0x8c48, 0x8c48, 0x8c48, 0x8c48, 0x8c48, 
  0x8c48, 0x8c48, 0x8c48, 0x8c48, 0x8c48, 0x8c48, 0x8c48, 0x8c48, 0x8c48, 0x8c48, 0x8c48, 0x8c48, 
  0x8c48, 0x8c48, 0x8c48, 0x8c48, 0x8c48, 0x8c48, 0x8c48, 0x8c48, 0x8c48, 0x8c48, 0x8c48, 0x8c48, 
  0x8c48, 0x8c48, 0x8c48, 0x8c48, 0x8c48, 0x8c48, 0x8c48, 0x8c48, 0x8c48, 0x8c48, 0x8c48, 0x8c48, 
  0x8c48, 0x8c48, 0x8c48, 0x8c48, 0x8c48, 0x8c48, 0x8c48, 0x8c48, 0x8c48, 0x8c48, 0x8c48, 0x8c48, 
  0x8c48, 0x8c48, 0x8c48, 0x8c48, 0x8c48, 0x8c48, 0x8c48, 0x8c48, 0x8c48, 0x8c48, 0x8c48, 0x8c48, 
  0x8c48, 0x8c48, 0x8c48, 0x8c48, 0x8c48, 0x8c48, 0x8c48, 0x8c48, 0x8c48, 0x8c48, 0x8c48, 0x8c48, 
  0x8c48, 0x8c48, 0x8c48, 0x8c48, 0x8c48, 0x8c48, 0x8c48, 0x8c48, 0x8c48, 0x8c48, 0x8c48, 0x8c48, 
  0x8c48, 0x8c48, 0x8c48, 0x8c48, 0x8c48, 0x8c48, 0x8c48, 0x8c48, 0x8c48, 0x8c48, 0x8c48, 0x8c48, 
  0x8c48, 0x8c48, 0x8c48, 0x8c48, 0x8c48, 0x8c48, 0x8c48, 0x8c48, 0x8c48, 0x8c48, 0x8c48, 0x8c48, 
  0x8c48, 0x8c48, 0x8c48, 0x8c48, 0x8c48, 0x8c48, 0x8c48, 0x8c48, 0x8c48, 0x8c48, 0x8c48, 0x8c48, 
  0x8c48, 0x8c48, 0x8c48, 0x8c48, 0x8c48, 0x8c48, 0x8c48, 0x8c48, 0x8c48, 0x8c48, 0x8c48, 0x8c48, 
  0x8c48, 0x8c48, 0x8c48, 0x8c48, 0x8c48, 0x8c48, 0x8c48, 0x8c48, 0x8c48, 0x8c48, 0x8c48, 0x8c48, 
  0x8c48, 0x8c48, 0x8c48, 0x8c48, 0x8c48, 0x8c48, 0x8c48, 0x8c48, 0x8c48, 0x8c48, 0x8c48, 0x8c48, 
  0x8c48, 0x8c48, 0x8c48, 0x8c48, 0x8c48, 0x8c48, 0x8c48, 0x8c48, 0x7c27, 0x7c27, 0x8c88, 0x8c88, 
  0x8c88, 0x8c88, 0x8c48, 0x8c48, 0x7c27, 0x7c27, 0x7c27, 0x7c27, 0x8c48, 0x8c48, 0x8c48, 0x8c48, 
  0x8c48, 0x8c48, 0x8c48, 0x8c48, 0x8c48, 0x8c48, 0x8c48, 0x8c48, 0x8c48, 0x8c48, 0x8c48, 0x8c48, 
  0x8c48, 0x8c48, 0x8c48, 0x8c48, 0x8c48, 0x8c48, 0x8c48, 0x8c48, 0x8c48, 0x8c48, 0x8c48, 0x8c48, 
  0x8c48, 0x8c48, 0x8c48, 0x8c48, 0x8c48, 0x8c48, 0x8c48, 0x8c48, 0x8c48, 0x8c48, 0x8c48, 0x8c48, 
  0x8c48, 0x8c48, 0x8c48, 0x8c48, 0x8c48, 0x8c48, 0x8c48, 0x8c48, 0x8c48, 0x8c48, 0x8c48, 0x8c48, 
  0x8c48, 0x8c48, 0x8c48, 0x8c48, 0x8c48, 0x8c48, 0x8c48, 0x8c48, 0x8c48, 0x8c48, 0x8c48, 0x8c48, 
  0x8c48, 0x8c48, 0x8c48, 0x8c48, 0x8c48, 0x8c48, 0x8c48, 0x8c48, 0x8c48, 0x8c48, 0x8c48, 0x8c48, 
  0x8c48, 0x8c48, 0x8c48, 0x8c48, 0x8c48, 0x8c48, 0x8c48, 0x8c48, 0x8c48, 0x8c48, 0x8c48, 0x8c48, 
  0x8c48, 0x8c48, 0x8c48, 0x8c48, 0x8c48, 0x8c48, 0x8c48, 0x8c48, 0x8c48, 0x8c48, 0x8c48, 0x8c48, 
  0x8c48, 0x8c48, 0x8c48, 0x8c48, 0x8c48, 0x8c48, 0x8c48, 0x8c48, 0x8c48, 0x8c48, 0x94a8, 0x94a8, 
  0x8c48, 0x8c48, 0x8c48, 0x8c48, 0x8c48, 0x8c48, 0x8c48, 0x8c48, 0x8c48, 0x8c48, 0x8c48, 0x8c48, 
  0x8c48, 0x8c48, 0x8c48, 0x8c48, 0x8c48, 0x8c48, 0x8c48, 0x8c48, 0x8c48, 0x8c48, 0x8c48, 0x8c48, 
  0x8c48, 0x8c48, 0x8c48, 0x8c48, 0x8c48, 0x8c48, 0x8c48, 0x8c48, 0x8c48, 0x8c48, 0x8c48, 0x8c48, 
  0x8c48, 0x8c48, 0x8c48, 0x8c48, 0x8c48, 0x8c48, 0x8c48, 0x8c48, 0x8c48, 0x8c48, 0x8c48, 0x8c48, 
  0x8c48, 0x8c48, 0x8c48, 0x8c48, 0x8c48, 0x8c48, 0x8c48, 0x8c48, 0x8c48, 0x8c48, 0x8c48, 0x8c48, 
  0x8c48, 0x8c48, 0x8c48, 0x8c48, 0x8c48, 0x8c48, 0x8c48, 0x8c48, 0x8c48, 0x8c48, 0x8c48, 0x8c48, 
  0x8c48, 0x8c48, 0x8c48, 0x8c48, 0x8c48, 0x8c48, 0x8c48, 0x8c48, 0x8c48, 0x8c48, 0x8c48, 0x8c48, 
  0x8c48, 0x8c48, 0x8c48, 0x8c48, 0x8c48, 0x8c48, 0x8c48, 0x8c48, 0x8c48, 0x8c48, 0x8c48, 0x8c48, 
  0x8c48, 0x8c48, 0x8c48, 0x8c48, 0x8c48, 0x8c48, 0x8c48, 0x8c48, 0x8c48, 0x8c48, 0x8c48, 0x8c48, 
  0x8c48, 0x8c48, 0x8c48, 0x8c48, 0x8c48, 0x8c48, 0x8c48, 0x8c48, 0x8c48, 0x8c48, 0x8c48, 0x8c48, 
  0x8c48, 0x8c48, 0x8c48, 0x8c48, 0x8c48, 0x8c48, 0x8c48, 0x8c48, 0x8c48, 0x8c48, 0x8c48, 0x8c48, 
  0x8c48, 0x8c48, 0x8c48, 0x8c48, 0x8c48, 0x8c48, 0x8c48, 0x8c48, 0x8c48, 0x8c48, 0x8c48, 0x8c48, 
  0x8c48, 0x8c48, 0x8c48, 0x8c48, 0x8c48, 0x8c48, 0x8c48, 0x8c48, 0x8c48, 0x8c48, 0x8c48, 0x8c48, 
  0x7c27, 0x7c27, 0x8c88, 0x8c88, 0x8c88, 0x8c88, 0x8c48, 0x8c48, 0x7c27, 0x7c27, 0x7c27, 0x7c27, 
  0x8c48, 0x8c48, 0x8c48, 0x8c48, 0x8c48, 0x8c48, 0x8c48, 0x8c48, 0x8c48, 0x8c48, 0x8c48, 0x8c48, 
  0x8c48, 0x8c48, 0x8c48, 0x8c48, 0x8c48, 0x8c48, 0x8c48, 0x8c48, 0x8c48, 0x8c48, 0x8c48, 0x8c48, 
  0x8c48, 0x8c48, 0x8c48, 0x8c48, 0x8c48, 0x8c48, 0x8c48, 0x8c48, 0x8c48, 0x8c48, 0x8c48, 0x8c48, 
  0x8c48, 0x8c48, 0x8c48, 0x8c48, 0x8c48, 0x8c48, 0x8c48, 0x8c48, 0x8c48, 0x8c48, 0x8c48, 0x8c48, 
  0x8c48, 0x8c48, 0x8c48, 0x8c48, 0x8c48, 0x8c48, 0x8c48, 0x8c48, 0x8c48, 0x8c48, 0x8c48, 0x8c48, 
  0x8c48, 0x8c48, 0x8c48, 0x8c48, 0x8c48, 0x8c48, 0x8c48, 0x8c48, 0x8c48, 0x8c48, 0x8c48, 0x8c48, 
  0x8c48, 0x8c48, 0x8c48, 0x8c48, 0x8c48, 0x8c48, 0x8c48, 0x8c48, 0x8c48, 0x8c48, 0x8c48, 0x8c48, 
  0x8c48, 0x8c48, 0x8c48, 0x8c48, 0x8c48, 0x8c48, 0x8c48, 0x8c48, 0x8c48, 0x8c48, 0x8c48, 0x8c48, 
  0x8c48, 0x8c48, 0x8c48, 0x8c48, 0x8c48, 0x8c48, 0x8c48, 0x8c48, 0x8c48, 0x8c48, 0x8c48, 0x8c48, 
  0x8c48, 0x8c48, 0x94a8, 0x94a8, 0x8c48, 0x8c48, 0x8c48, 0x8c48, 0x8c48, 0x8c48, 0x8c48, 0x8c48, 
  0x8c48, 0x8c48, 0x8c48, 0x8c48, 0x8c48, 0x8c48, 0x8c48, 0x8c48, 0x8c48, 0x8c48, 0x8c48, 0x8c48, 
  0x8c48, 0x8c48, 0x8c48, 0x8c48, 0x8c48, 0x8c48, 0x8c48, 0x8c48, 0x8c48, 0x8c48, 0x8c48, 0x8c48, 
  0x8c48, 0x8c48, 0x8c48, 0x8c48, 0x8c48, 0x8c48, 0x8c48, 0x8c48, 0x8c48, 0x8c48, 0x8c48, 0x8c48, 
  0x8c48, 0x8c48, 0x8c48, 0x8c48, 0x8c48, 0x8c48, 0x8c48, 0x8c48, 0x8c48, 0x8c48, 0x8c48, 0x8c48, 
  0x8c48, 0x8c48, 0x8c48, 0x8c48, 0x8c48, 0x8c48, 0x8c48, 0x8c48, 0x8c48, 0x8c48, 0x8c48, 0x8c48, 
  0x8c48, 0x8c48, 0x8c48, 0x8c48, 0x8c48, 0x8c48, 0x8c48, 0x8c48, 0x8c48, 0x8c48, 0x8c48, 0x8c48, 
  0x8c48, 0x8c48, 0x8c48, 0x8c48, 0x8c48, 0x8c48, 0x8c48, 0x8c48, 0x8c48, 0x8c48, 0x8c48, 0x8c48, 
  0x8c48, 0x8c48, 0x8c48, 0x8c48, 0x8c48, 0x8c48, 0x8c48, 0x8c48, 0x8c48, 0x8c48, 0x8c48, 0x8c48, 
  0x8c48, 0x8c48, 0x8c48, 0x8c48, 0x8c48, 0x8c48, 0x8c48, 0x8c48, 0x8c48, 0x8c48, 0x8c48, 0x8c48, 
  0x8c48, 0x8c48, 0x8c48, 0x8c48, 0x8c48, 0x8c48, 0x8c48, 0x8c48, 0x8c48, 0x8c48, 0x8c48, 0x8c48, 
  0x8c48, 0x8c48, 0x8c48, 0x8c48, 0x8c48, 0x8c48, 0x8c48, 0x8c48, 0x8c48, 0x8c48, 0x8c48, 0x8c48, 
  0x8c48, 0x8c48, 0x8c48, 0x8c48, 0x8c48, 0x8c48, 0x8c48, 0x8c48, 0x8c48, 0x8c48, 0x8c48, 0x8c48, 
  0x8c48, 0x8c48, 0x8c48, 0x8c48, 0x8c48, 0x8c48, 0x7c27, 0x7c27, 0x7c27, 0x7c27, 0x8c48, 0x8c48, 
  0x8c48, 0x8c48, 0x8c48, 0x8c48, 0x8c48, 0x8c48, 0x8c48, 0x8c48, 0x8c48, 0x8c48, 0x8c48, 0x8c48, 
  0x8c48, 0x8c48, 0x8c48, 0x8c48, 0x8c48, 0x8c48, 0x8c48, 0x8c48, 0x8c48, 0x8c48, 0x8c48, 0x8c48, 
  0x8c48, 0x8c48, 0x8c48, 0x8c48, 0x8c48, 0x8c48, 0x8c48, 0x8c48, 0x8c48, 0x8c48, 0x8c48, 0x8c48, 
  0x8c48, 0x8c48, 0x8c48, 0x8c48, 0x8c48, 0x8c48, 0x8c48, 0x8c48, 0x8c48, 0x8c48, 0x8c48, 0x8c48, 
  0x8c48, 0x8c48, 0x8c48, 0x8c48, 0x8c48, 0x8c48, 0x8c48, 0x8c48, 0x8c48, 0x8c48, 0x8c48, 0x8c48, 
  0x8c48, 0x8c48, 0x8c48, 0x8c48, 0x8c48, 0x8c48, 0x8c48, 0x8c48, 0x8c48, 0x8c48, 0x94a9, 0x94a9, 
  0x8c48, 0x8c48, 0x8c48, 0x8c48, 0x8c48, 0x8c48, 0x8c48, 0x8c48, 0x8c48, 0x8c48, 0x8c48, 0x8c48, 
  0x8c48, 0x8c48, 0x8c48, 0x8c48, 0x8c48, 0x8c48, 0x8c48, 0x8c48, 0x8c48, 0x8c48, 0x8c48, 0x8c48, 
  0x8c48, 0x8c48, 0x8c48, 0x8c48, 0x8c48, 0x8c48, 0x8c48, 0x8c48, 0x8c48, 0x8c48, 0x8c48, 0x8c48, 
  0x8c48, 0x8c48, 0x8c48, 0x8c48, 0x8c88, 0x8c88, 0x8c88, 0x8c88, 0x8c48, 0x8c48, 0x8c48, 0x8c48, 
  0x94a8, 0x94a8, 0x8c88, 0x8c88, 0x8c88, 0x8c88, 0x8c48, 0x8c48, 0x8c48, 0x8c48, 0x8c48, 0x8c48, 
  0x8c48, 0x8c48, 0x8c48, 0x8c48, 0x8c48, 0x8c48, 0x8c48, 0x8c48, 0x8c48, 0x8c48, 0x8c48, 0x8c48, 
  0x8c48, 0x8c48, 0x8c48, 0x8c48, 0x8c48, 0x8c48, 0x8c48, 0x8c48, 0x8c48, 0x8c48, 0x8c48, 0x8c48, 
  0x8c48, 0x8c48, 0x8c48, 0x8c48, 0x8c48, 0x8c48, 0x8c48, 0x8c48, 0x8c48, 0x8c48, 0x8c48, 0x8c48, 
  0x8c48, 0x8c48, 0x8c48, 0x8c48, 0x8c48, 0x8c48, 0x8c48, 0x8c48, 0x8c48, 0x8c48, 0x8c48, 0x8c48, 
  0x8c48, 0x8c48, 0x8c48, 0x8c48, 0x8c48, 0x8c48, 0x8c48, 0x8c48, 0x8c48, 0x8c48, 0x8c48, 0x8c48, 
  0x8c48, 0x8c48, 0x8c48, 0x8c48, 0x8c48, 0x8c48, 0x8c48, 0x8c48, 0x8c48, 0x8c48, 0x8c48, 0x8c48, 
  0x8c48, 0x8c48, 0x8c48, 0x8c48, 0x8c48, 0x8c48, 0x8c48, 0x8c48, 0x8c48, 0x8c48, 0x8c48, 0x8c48, 
  0x8c48, 0x8c48, 0x8c48, 0x8c48, 0x8c48, 0x8c48, 0x8c48, 0x8c48, 0x8c48, 0x8c48, 0x8c48, 0x8c48, 
  0x8c48, 0x8c48, 0x8c48, 0x8c48, 0x8c48, 0x8c48, 0x8c48, 0x8c48, 0x8c48, 0x8c48, 0x8c48, 0x8c48, 
  0x8c48, 0x8c48, 0x8c48, 0x8c48, 0x8c48, 0x8c48, 0x8c48, 0x8c48, 0x8c48, 0x8c48, 0x8c48, 0x8c48, 
  0x8c48, 0x8c48, 0x8c48, 0x8c48, 0x8c48, 0x8c48, 0x8c48, 0x8c48, 0x8c48, 0x8c48, 0x8c48, 0x8c48, 
  0x8c48, 0x8c48, 0x8c48, 0x8c48, 0x8c48, 0x8c48, 0x8c48, 0x8c48, 0x8c48, 0x8c48, 0x7c27, 0x7c27, 
  0x7c27, 0x7c27, 0x8c48, 0x8c48, 0x8c48, 0x8c48, 0x8c48, 0x8c48, 0x8c48, 0x8c48, 0x8c48, 0x8c48, 
  0x8c48, 0x8c48, 0x8c48, 0x8c48, 0x8c48, 0x8c48, 0x8c48, 0x8c48, 0x8c48, 0x8c48, 0x8c48, 0x8c48, 
  0x8c48, 0x8c48, 0x8c48, 0x8c48, 0x8c48, 0x8c48, 0x8c48, 0x8c48, 0x8c48, 0x8c48, 0x8c48, 0x8c48, 
  0x8c48, 0x8c48, 0x8c48, 0x8c48, 0x8c48, 0x8c48, 0x8c48, 0x8c48, 0x8c48, 0x8c48, 0x8c48, 0x8c48, 
  0x8c48, 0x8c48, 0x8c48, 0x8c48, 0x8c48, 0x8c48, 0x8c48, 0x8c48, 0x8c48, 0x8c48, 0x8c48, 0x8c48, 
  0x8c48, 0x8c48, 0x8c48, 0x8c48, 0x8c48, 0x8c48, 0x8c48, 0x8c48, 0x8c48, 0x8c48, 0x8c48, 0x8c48, 
  0x8c48, 0x8c48, 0x94a9, 0x94a9, 0x8c48, 0x8c48, 0x8c48, 0x8c48, 0x8c48, 0x8c48, 0x8c48, 0x8c48, 
  0x8c48, 0x8c48, 0x8c48, 0x8c48, 0x8c48, 0x8c48, 0x8c48, 0x8c48, 0x8c48, 0x8c48, 0x8c48, 0x8c48, 
  0x8c48, 0x8c48, 0x8c48, 0x8c48, 0x8c48, 0x8c48, 0x8c48, 0x8c48, 0x8c48, 0x8c48, 0x8c48, 0x8c48, 
  0x8c48, 0x8c48, 0x8c48, 0x8c48, 0x8c48, 0x8c48, 0x8c48, 0x8c48, 0x8c88, 0x8c88, 0x8c88, 0x8c88, 
  0x8c48, 0x8c48, 0x8c48, 0x8c48, 0x94a8, 0x94a8, 0x8c88, 0x8c88, 0x8c88, 0x8c88, 0x8c48, 0x8c48, 
  0x8c48, 0x8c48, 0x8c48, 0x8c48, 0x8c48, 0x8c48, 0x8c48, 0x8c48, 0x8c48, 0x8c48, 0x8c48, 0x8c48, 
  0x8c48, 0x8c48, 0x8c48, 0x8c48, 0x8c48, 0x8c48, 0x8c48, 0x8c48, 0x8c48, 0x8c48, 0x8c48, 0x8c48, 
  0x8c48, 0x8c48, 0x8c48, 0x8c48, 0x8c48, 0x8c48, 0x8c48, 0x8c48, 0x8c48, 0x8c48, 0x8c48, 0x8c48, 
  0x8c48, 0x8c48, 0x8c48, 0x8c48, 0x8c48, 0x8c48, 0x8c48, 0x8c48, 0x8c48, 0x8c48, 0x8c48, 0x8c48, 
  0x8c48, 0x8c48, 0x8c48, 0x8c48, 0x8c48, 0x8c48, 0x8c48, 0x8c48, 0x8c48, 0x8c48, 0x8c48, 0x8c48, 
  0x8c48, 0x8c48, 0x8c48, 0x8c48, 0x8c48, 0x8c48, 0x8c48, 0x8c48, 0x8c48, 0x8c48, 0x8c48, 0x8c48, 
  0x8c48, 0x8c48, 0x8c48, 0x8c48, 0x8c48, 0x8c48, 0x8c48, 0x8c48, 0x8c48, 0x8c48, 0x8c48, 0x8c48, 
  0x8c48, 0x8c48, 0x8c48, 0x8c48, 0x8c48, 0x8c48, 0x8c48, 0x8c48, 0x8c48, 0x8c48, 0x8c48, 0x8c48, 
  0x8c48, 0x8c48, 0x8c48, 0x8c48, 0x8c48, 0x8c48, 0x94a8, 0x94a8, 0x8c48, 0x8c48, 0x8c48, 0x8c48, 
  0x8c48, 0x8c48, 0x8c48, 0x8c48, 0x8c48, 0x8c48, 0x8c48, 0x8c48, 0x8c48, 0x8c48, 0x8c48, 0x8c48, 
  0x8c48, 0x8c48, 0x8c48, 0x8c48, 0x8c48, 0x8c48, 0x8c48, 0x8c48, 0x8c48, 0x8c48, 0x8c48, 0x8c48, 
  0x8c48, 0x8c48, 0x8c48, 0x8c48, 0x8c48, 0x8c48, 0x8c48, 0x8c48, 0x8c48, 0x8c48, 0x8c48, 0x8c48, 
  0x8c48, 0x8c48, 0x8c48, 0x8c48, 0x8c48, 0x8c48, 0x8c48, 0x8c48, 0x8c48, 0x8c48, 0x8c48, 0x8c48, 
  0x8c48, 0x8c48, 0x8c48, 0x8c48, 0x8c48, 0x8c48, 0x8c48, 0x8c48, 0x8c48, 0x8c48, 0x8c48, 0x8c48, 
  0x8c48, 0x8c48, 0x8c48, 0x8c48, 0x8c48, 0x8c48, 0x8c48, 0x8c48, 0x8c48, 0x8c48, 0x8c48, 0x8c48, 
  0x8c48, 0x8c48, 0x8c48, 0x8c48, 0x8c48, 0x8c48, 0x8c48, 0x8c48, 0x8c48, 0x8c48, 0x8c48, 0x8c48, 
  0x8c48, 0x8c48, 0x8c48, 0x8c48, 0x8c48, 0x8c48, 0x8c48, 0x8c48, 0x8c48, 0x8c48, 0x8c48, 0x8c48, 
  0x8c48, 0x8c48, 0x8c48, 0x8c48, 0x8c48, 0x8c48, 0x8c48, 0x8c48, 0x8c48, 0x8c48, 0x8c48, 0x8c48, 
  0x8c48, 0x8c48, 0x8c48, 0x8c48, 0x94a9, 0x94a9, 0x8c48, 0x8c48, 0x8c48, 0x8c48, 0x8c48, 0x8c48, 
  0x8c48, 0x8c48, 0x8c48, 0x8c48, 0x8c48, 0x8c48, 0x8c48, 0x8c48, 0x8c48, 0x8c48, 0x8c48, 0x8c48, 
  0x8c48, 0x8c48, 0x8c48, 0x8c48, 0x8c48, 0x8c48, 0x8c48, 0x8c48, 0x8c48, 0x8c48, 0x8c48, 0x8c48, 
  0x8c48, 0x8c48, 0x8c48, 0x8c48, 0x8c48, 0x8c48, 0x94a8, 0x94a8, 0x8c48, 0x8c48, 0x8c48, 0x8c48, 
  0x8c88, 0x8c88, 0x8427, 0x8427, 0x8c48, 0x8c48, 0x8c88, 0x8c88, 0x94a8, 0x94a8, 0x94a8, 0x94a8, 
  0x8c48, 0x8c48, 0x8c48, 0x8c48, 0x8c48, 0x8c48, 0x8c48, 0x8c48, 0x8c48, 0x8c48, 0x8c48, 0x8c48, 
  0x8c48, 0x8c48, 0x8c48, 0x8c48, 0x8c48, 0x8c48, 0x8c48, 0x8c48, 0x8c48, 0x8c48, 0x8c48, 0x8c48, 
  0x8c48, 0x8c48, 0x8c48, 0x8c48, 0x8c48, 0x8c48, 0x8c48, 0x8c48, 0x8c48, 0x8c48, 0x8c48, 0x8c48, 
  0x8c48, 0x8c48, 0x8c48, 0x8c48, 0x8c48, 0x8c48, 0x8c48, 0x8c48, 0x8c48, 0x8c48, 0x8c48, 0x8c48, 
  0x8c48, 0x8c48, 0x8c48, 0x8c48, 0x8c48, 0x8c48, 0x8c48, 0x8c48, 0x8c48, 0x8c48, 0x8c48, 0x8c48, 
  0x8c48, 0x8c48, 0x8c48, 0x8c48, 0x8c48, 0x8c48, 0x8c48, 0x8c48, 0x8c48, 0x8c48, 0x8c48, 0x8c48, 
  0x8c48, 0x8c48, 0x8c48, 0x8c48, 0x8c48, 0x8c48, 0x8c48, 0x8c48, 0x8c48, 0x8c48, 0x8c48, 0x8c48, 
  0x8c48, 0x8c48, 0x8c48, 0x8c48, 0x8c48, 0x8c48, 0x8c48, 0x8c48, 0x8c48, 0x8c48, 0x8c48, 0x8c48, 
  0x8c48, 0x8c48, 0x8c48, 0x8c48, 0x8c48, 0x8c48, 0x8c48, 0x8c48, 0x8c48, 0x8c48, 0x94a8, 0x94a8, 
  0x8c48, 0x8c48, 0x8c48, 0x8c48, 0x8c48, 0x8c48, 0x8c48, 0x8c48, 0x8c48, 0x8c48, 0x8c48, 0x8c48, 
  0x8c48, 0x8c48, 0x8c48, 0x8c48, 0x8c48, 0x8c48, 0x8c48, 0x8c48, 0x8c48, 0x8c48, 0x8c48, 0x8c48, 
  0x8c48, 0x8c48, 0x8c48, 0x8c48, 0x8c48, 0x8c48, 0x8c48, 0x8c48, 0x8c48, 0x8c48, 0x8c48, 0x8c48, 
  0x8c48, 0x8c48, 0x8c48, 0x8c48, 0x8c48, 0x8c48, 0x8c48, 0x8c48, 0x8c48, 0x8c48, 0x8c48, 0x8c48, 
  0x8c48, 0x8c48, 0x8c48, 0x8c48, 0x8c48, 0x8c48, 0x8c48, 0x8c48, 0x8c48, 0x8c48, 0x8c48, 0x8c48, 
  0x8c48, 0x8c48, 0x8c48, 0x8c48, 0x8c48, 0x8c48, 0x8c48, 0x8c48, 0x8c48, 0x8c48, 0x8c48, 0x8c48, 
  0x8c48, 0x8c48, 0x8c48, 0x8c48, 0x8c48, 0x8c48, 0x8c48, 0x8c48, 0x8c48, 0x8c48, 0x8c48, 0x8c48, 
  0x8c48, 0x8c48, 0x8c48, 0x8c48, 0x8c48, 0x8c48, 0x8c48, 0x8c48, 0x8c48, 0x8c48, 0x8c48, 0x8c48, 
  0x8c48, 0x8c48, 0x8c48, 0x8c48, 0x8c48, 0x8c48, 0x8c48, 0x8c48, 0x8c48, 0x8c48, 0x8c48, 0x8c48, 
  0x8c48, 0x8c48, 0x8c48, 0x8c48, 0x8c48, 0x8c48, 0x8c48, 0x8c48, 0x94a9, 0x94a9, 0x8c48, 0x8c48, 
  0x8c48, 0x8c48, 0x8c48, 0x8c48, 0x8c48, 0x8c48, 0x8c48, 0x8c48, 0x8c48, 0x8c48, 0x8c48, 0x8c48, 
  0x8c48, 0x8c48, 0x8c48, 0x8c48, 0x8c48, 0x8c48, 0x8c48, 0x8c48, 0x8c48, 0x8c48, 0x8c48, 0x8c48, 
  0x8c48, 0x8c48, 0x8c48, 0x8c48, 0x8c48, 0x8c48, 0x8c48, 0x8c48, 0x8c48, 0x8c48, 0x94a8, 0x94a8, 
  0x8c48, 0x8c48, 0x8c48, 0x8c48, 0x8c88, 0x8c88, 0x8427, 0x8427, 0x8c48, 0x8c48, 0x8c88, 0x8c88, 
  0x94a8, 0x94a8, 0x94a8, 0x94a8, 0x8c48, 0x8c48, 0x8c48, 0x8c48, 0x8c48, 0x8c48, 0x8c48, 0x8c48, 
  0x8c48, 0x8c48, 0x8c48, 0x8c48, 0x8c48, 0x8c48, 0x8c48, 0x8c48, 0x8c48, 0x8c48, 0x8c48, 0x8c48, 
  0x8c48, 0x8c48, 0x8c48, 0x8c48, 0x8c48, 0x8c48, 0x8c48, 0x8c48, 0x8c48, 0x8c48, 0x8c48, 0x8c48, 
  0x8c48, 0x8c48, 0x8c48, 0x8c48, 0x8c48, 0x8c48, 0x8c48, 0x8c48, 0x8c48, 0x8c48, 0x8c48, 0x8c48, 
  0x8c48, 0x8c48, 0x8c48, 0x8c48, 0x8c48, 0x8c48, 0x8c48, 0x8c48, 0x8c48, 0x8c48, 0x8c48, 0x8c48, 
  0x8c48, 0x8c48, 0x8c48, 0x8c48, 0x8c48, 0x8c48, 0x8c48, 0x8c48, 0x8c48, 0x8c48, 0x8c48, 0x8c48, 
  0x8c48, 0x8c48, 0x8c48, 0x8c48, 0x8c48, 0x8c48, 0x8c48, 0x8c48, 0x8c48, 0x8c48, 0x8c48, 0x8c48, 
  0x8c48, 0x8c48, 0x8c48, 0x8c48, 0x8c48, 0x8c48, 0x8c48, 0x8c48, 0x8c48, 0x8c48, 0x8c48, 0x8c48, 
  0x8c48, 0x8c48, 0x8c48, 0x8c48, 0x8c48, 0x8c48, 0x8c48, 0x8c48, 0x8c48, 0x8c48, 0x8c48, 0x8c48, 
  0x8c48, 0x8c48, 0x8c48, 0x8c48, 0x94a8, 0x94a8, 0x8c88, 0x8c88, 0x8c48, 0x8c48, 0x8c48, 0x8c48, 
  0x8c48, 0x8c48, 0x8c48, 0x8c48, 0x8c48, 0x8c48, 0x8c48, 0x8c48, 0x8c48, 0x8c48, 0x8c48, 0x8c48, 
  0x8c48, 0x8c48, 0x8c48, 0x8c48, 0x8c48, 0x8c48, 0x8c48, 0x8c48, 0x8c48, 0x8c48, 0x8c48, 0x8c48, 
  0x8c48, 0x8c48, 0x8c48, 0x8c48, 0x8c48, 0x8c48, 0x8c48, 0x8c48, 0x8c48, 0x8c48, 0x8c48, 0x8c48, 
  0x8c48, 0x8c48, 0x8c48, 0x8c48, 0x8c48, 0x8c48, 0x8c48, 0x8c48, 0x8c48, 0x8c48, 0x8c48, 0x8c48, 
  0x8c48, 0x8c48, 0x8c48, 0x8c48, 0x8c48, 0x8c48, 0x8c48, 0x8c48, 0x8c48, 0x8c48, 0x8c48, 0x8c48, 
  0x8c48, 0x8c48, 0x8c48, 0x8c48, 0x8c48, 0x8c48, 0x8c48, 0x8c48, 0x8c48, 0x8c48, 0x8c48, 0x8c48, 
  0x8c48, 0x8c48, 0x8c48, 0x8c48, 0x8c48, 0x8c48, 0x8c48, 0x8c48, 0x8c48, 0x8c48, 0x8c48, 0x8c48, 
  0x8c48, 0x8c48, 0x8c48, 0x8c48, 0x8c48, 0x8c48, 0x8c48, 0x8c48, 0x8c48, 0x8c48, 0x8c48, 0x8c48, 
  0x8c48, 0x8c48, 0x8c48, 0x8c48, 0x8c48, 0x8c48, 0x8c48, 0x8c48, 0x8c48, 0x8c48, 0x8c88, 0x8c88, 
  0x8c88, 0x8c88, 0x8c48, 0x8c48, 0x8c48, 0x8c48, 0x8c48, 0x8c48, 0x8c48, 0x8c48, 0x8c48, 0x8c48, 
  0x8c48, 0x8c48, 0x8c48, 0x8c48, 0x8c48, 0x8c48, 0x8c48, 0x8c48, 0x8c48, 0x8c48, 0x8c48, 0x8c48, 
  0x8c48, 0x8c48, 0x8c48, 0x8c48, 0x8c48, 0x8c48, 0x8c48, 0x8c48, 0x8c48, 0x8c48, 0x8c48, 0x8c48, 
  0x8c48, 0x8c48, 0x8c48, 0x8c48, 0x94a8, 0x94a8, 0x8c88, 0x8c88, 0x8427, 0x8427, 0x8c48, 0x8c48, 
  0x8c88, 0x8c88, 0x8c88, 0x8c88, 0x94a8, 0x94a8, 0x8427, 0x8427, 0x8c48, 0x8c48, 0x8c48, 0x8c48, 
  0x8c48, 0x8c48, 0x8c48, 0x8c48, 0x8c48, 0x8c48, 0x8c48, 0x8c48, 0x8c48, 0x8c48, 0x8c48, 0x8c48, 
  0x8c48, 0x8c48, 0x8c48, 0x8c48, 0x8c48, 0x8c48, 0x8c48, 0x8c48, 0x8c48, 0x8c48, 0x8c48, 0x8c48, 
  0x8c48, 0x8c48, 0x8c48, 0x8c48, 0x8c48, 0x8c48, 0x8c48, 0x8c48, 0x8c48, 0x8c48, 0x8c48, 0x8c48, 
  0x8c48, 0x8c48, 0x8c48, 0x8c48, 0x8c48, 0x8c48, 0x8c48, 0x8c48, 0x8c48, 0x8c48, 0x8c48, 0x8c48, 
  0x8c48, 0x8c48, 0x8c48, 0x8c48, 0x8c48, 0x8c48, 0x8c48, 0x8c48, 0x8c48, 0x8c48, 0x8c48, 0x8c48, 
  0x8c48, 0x8c48, 0x8c48, 0x8c48, 0x8c48, 0x8c48, 0x8c48, 0x8c48, 0x8c48, 0x8c48, 0x8c48, 0x8c48, 
  0x8c48, 0x8c48, 0x8c48, 0x8c48, 0x8c48, 0x8c48, 0x8c48, 0x8c48, 0x8c48, 0x8c48, 0x8c48, 0x8c48, 
  0x8c48, 0x8c48, 0x8c48, 0x8c48, 0x8c48, 0x8c48, 0x8c48, 0x8c48, 0x8c48, 0x8c48, 0x8c48, 0x8c48, 
  0x8c48, 0x8c48, 0x8c48, 0x8c48, 0x8c48, 0x8c48, 0x8c48, 0x8c48, 0x94a8, 0x94a8, 0x8c88, 0x8c88, 
  0x8c48, 0x8c48, 0x8c48, 0x8c48, 0x8c48, 0x8c48, 0x8c48, 0x8c48, 0x8c48, 0x8c48, 0x8c48, 0x8c48, 
  0x8c48, 0x8c48, 0x8c48, 0x8c48, 0x8c48, 0x8c48, 0x8c48, 0x8c48, 0x8c48, 0x8c48, 0x8c48, 0x8c48, 
  0x8c48, 0x8c48, 0x8c48, 0x8c48, 0x8c48, 0x8c48, 0x8c48, 0x8c48, 0x8c48, 0x8c48, 0x8c48, 0x8c48, 
  0x8c48, 0x8c48, 0x8c48, 0x8c48, 0x8c48, 0x8c48, 0x8c48, 0x8c48, 0x8c48, 0x8c48, 0x8c48, 0x8c48, 
  0x8c48, 0x8c48, 0x8c48, 0x8c48, 0x8c48, 0x8c48, 0x8c48, 0x8c48, 0x8c48, 0x8c48, 0x8c48, 0x8c48, 
  0x8c48, 0x8c48, 0x8c48, 0x8c48, 0x8c48, 0x8c48, 0x8c48, 0x8c48, 0x8c48, 0x8c48, 0x8c48, 0x8c48, 
  0x8c48, 0x8c48, 0x8c48, 0x8c48, 0x8c48, 0x8c48, 0x8c48, 0x8c48, 0x8c48, 0x8c48, 0x8c48, 0x8c48, 
  0x8c48, 0x8c48, 0x8c48, 0x8c48, 0x8c48, 0x8c48, 0x8c48, 0x8c48, 0x8c48, 0x8c48, 0x8c48, 0x8c48, 
  0x8c48, 0x8c48, 0x8c48, 0x8c48, 0x8c48, 0x8c48, 0x8c48, 0x8c48, 0x8c48, 0x8c48, 0x8c48, 0x8c48, 
  0x8c48, 0x8c48, 0x8c88, 0x8c88, 0x8c88, 0x8c88, 0x8c48, 0x8c48, 0x8c48, 0x8c48, 0x8c48, 0x8c48, 
  0x8c48, 0x8c48, 0x8c48, 0x8c48, 0x8c48, 0x8c48, 0x8c48, 0x8c48, 0x8c48, 0x8c48, 0x8c48, 0x8c48, 
  0x8c48, 0x8c48, 0x8c48, 0x8c48, 0x8c48, 0x8c48, 0x8c48, 0x8c48, 0x8c48, 0x8c48, 0x8c48, 0x8c48, 
  0x8c48, 0x8c48, 0x8c48, 0x8c48, 0x8c48, 0x8c48, 0x8c48, 0x8c48, 0x94a8, 0x94a8, 0x8c88, 0x8c88, 
  0x8427, 0x8427, 0x8c48, 0x8c48, 0x8c88, 0x8c88, 0x8c88, 0x8c88, 0x94a8, 0x94a8, 0x8427, 0x8427, 
  0x8c48, 0x8c48, 0x8c48, 0x8c48, 0x8c48, 0x8c48, 0x8c48, 0x8c48, 0x8c48, 0x8c48, 0x8c48, 0x8c48, 
  0x8c48, 0x8c48, 0x8c48, 0x8c48, 0x8c48, 0x8c48, 0x8c48, 0x8c48, 0x8c48, 0x8c48, 0x8c48, 0x8c48, 
  0x8c48, 0x8c48, 0x8c48, 0x8c48, 0x8c48, 0x8c48, 0x8c48, 0x8c48, 0x8c48, 0x8c48, 0x8c48, 0x8c48, 
  0x8c48, 0x8c48, 0x8c48, 0x8c48, 0x8c48, 0x8c48, 0x8c48, 0x8c48, 0x8c48, 0x8c48, 0x8c48, 0x8c48, 
  0x8c48, 0x8c48, 0x8c48, 0x8c48, 0x8c48, 0x8c48, 0x8c48, 0x8c48, 0x8c48, 0x8c48, 0x8c48, 0x8c48, 
  0x8c48, 0x8c48, 0x8c48, 0x8c48, 0x8c48, 0x8c48, 0x8c48, 0x8c48, 0x8c48, 0x8c48, 0x8c48, 0x8c48, 
  0x8c48, 0x8c48, 0x8c48, 0x8c48, 0x8c48, 0x8c48, 0x8c48, 0x8c48, 0x8c48, 0x8c48, 0x8c48, 0x8c48, 
  0x8c48, 0x8c48, 0x8c48, 0x8c48, 0x8c48, 0x8c48, 0x8c48, 0x8c48, 0x8c48, 0x8c48, 0x8c48, 0x8c48, 
  0x8c48, 0x8c48, 0x8c48, 0x8c48, 0x8c48, 0x8c48, 0x8c48, 0x8c48, 0x8c48, 0x8c48, 0x8427, 0x8427, 
  0x8c88, 0x8c88, 0x8c88, 0x8c88, 0x8c48, 0x8c48, 0x8c48, 0x8c48, 0x8c48, 0x8c48, 0x8c48, 0x8c48, 
  0x8c48, 0x8c48, 0x8c48, 0x8c48, 0x8c48, 0x8c48, 0x8c48, 0x8c48, 0x8c48, 0x8c48, 0x8c48, 0x8c48, 
  0x8c48, 0x8c48, 0x8c48, 0x8c48, 0x8c48, 0x8c48, 0x8c48, 0x8c48, 0x8c48, 0x8c48, 0x8c48, 0x8c48, 
  0x8c48, 0x8c48, 0x8c48, 0x8c48, 0x8c48, 0x8c48, 0x8c48, 0x8c48, 0x8c48, 0x8c48, 0x8c48, 0x8c48, 
  0x8c48, 0x8c48, 0x8c48, 0x8c48, 0x8c48, 0x8c48, 0x8c48, 0x8c48, 0x8c48, 0x8c48, 0x8c48, 0x8c48, 
  0x8c48, 0x8c48, 0x8c48, 0x8c48, 0x8c48, 0x8c48, 0x8c48, 0x8c48, 0x8c48, 0x8c48, 0x8c48, 0x8c48, 
  0x8c48, 0x8c48, 0x8c48, 0x8c48, 0x8c48, 0x8c48, 0x8c48, 0x8c48, 0x8c48, 0x8c48, 0x8c48, 0x8c48, 
  0x8c48, 0x8c48, 0x8c48, 0x8c48, 0x8c48, 0x8c48, 0x8c48, 0x8c48, 0x8c48, 0x8c48, 0x8c48, 0x8c48, 
  0x8c48, 0x8c48, 0x8c48, 0x8c48, 0x8c48, 0x8c48, 0x8c48, 0x8c48, 0x8c48, 0x8c48, 0x8c48, 0x8c48, 
  0x8c48, 0x8c48, 0x8c48, 0x8c48, 0x8c48, 0x8c48, 0x8c88, 0x8c88, 0x8c88, 0x8c88, 0x7c27, 0x7c27, 
  0x8c48, 0x8c48, 0x8c48, 0x8c48, 0x8c48, 0x8c48, 0x8c48, 0x8c48, 0x8c48, 0x8c48, 0x8c48, 0x8c48, 
  0x8c48, 0x8c48, 0x8c48, 0x8c48, 0x8c48, 0x8c48, 0x8c48, 0x8c48, 0x8c48, 0x8c48, 0x8c48, 0x8c48, 
  0x8c48, 0x8c48, 0x8c48, 0x8c48, 0x8c48, 0x8c48, 0x8c48, 0x8c48, 0x8c48, 0x8c48, 0x8427, 0x8427, 
  0x8c88, 0x8c88, 0x8c88, 0x8c88, 0x8c48, 0x8c48, 0x8c48, 0x8c48, 0x8c88, 0x8c88, 0x8c88, 0x8c88, 
  0x8427, 0x8427, 0x8c88, 0x8c88, 0x94a8, 0x94a8, 0x8c48, 0x8c48, 0x8c48, 0x8c48, 0x8c48, 0x8c48, 
  0x8c48, 0x8c48, 0x8c48, 0x8c48, 0x8c48, 0x8c48, 0x8c48, 0x8c48, 0x8c48, 0x8c48, 0x8c48, 0x8c48, 
  0x8c48, 0x8c48, 0x8c48, 0x8c48, 0x8c48, 0x8c48, 0x8c48, 0x8c48, 0x8c48, 0x8c48, 0x8c48, 0x8c48, 
  0x8c48, 0x8c48, 0x8c48, 0x8c48, 0x8c48, 0x8c48, 0x8c48, 0x8c48, 0x8c48, 0x8c48, 0x8c48, 0x8c48, 
  0x8c48, 0x8c48, 0x8c48, 0x8c48, 0x8c48, 0x8c48, 0x8c48, 0x8c48, 0x8c48, 0x8c48, 0x8c48, 0x8c48, 
  0x8c48, 0x8c48, 0x8c48, 0x8c48, 0x8c48, 0x8c48, 0x8c48, 0x8c48, 0x8c48, 0x8c48, 0x8c48, 0x8c48, 
  0x8c48, 0x8c48, 0x8c48, 0x8c48, 0x8c48, 0x8c48, 0x8c48, 0x8c48, 0x8c48, 0x8c48, 0x8c48, 0x8c48, 
  0x8c48, 0x8c48, 0x8c48, 0x8c48, 0x8c48, 0x8c48, 0x8c48, 0x8c48, 0x8c48, 0x8c48, 0x8c48, 0x8c48, 
  0x8c48, 0x8c48, 0x8c48, 0x8c48, 0x8c48, 0x8c48, 0x8c48, 0x8c48, 0x8c48, 0x8c48, 0x8c48, 0x8c48, 
  0x8c48, 0x8c48, 0x8427, 0x8427, 0x8c88, 0x8c88, 0x8c88, 0x8c88, 0x8c48, 0x8c48, 0x8c48, 0x8c48, 
  0x8c48, 0x8c48, 0x8c48, 0x8c48, 0x8c48, 0x8c48, 0x8c48, 0x8c48, 0x8c48, 0x8c48, 0x8c48, 0x8c48, 
  0x8c48, 0x8c48, 0x8c48, 0x8c48, 0x8c48, 0x8c48, 0x8c48, 0x8c48, 0x8c48, 0x8c48, 0x8c48, 0x8c48, 
  0x8c48, 0x8c48, 0x8c48, 0x8c48, 0x8c48, 0x8c48, 0x8c48, 0x8c48, 0x8c48, 0x8c48, 0x8c48, 0x8c48, 
  0x8c48, 0x8c48, 0x8c48, 0x8c48, 0x8c48, 0x8c48, 0x8c48, 0x8c48, 0x8c48, 0x8c48, 0x8c48, 0x8c48, 
  0x8c48, 0x8c48, 0x8c48, 0x8c48, 0x8c48, 0x8c48, 0x8c48, 0x8c48, 0x8c48, 0x8c48, 0x8c48, 0x8c48, 
  0x8c48, 0x8c48, 0x8c48, 0x8c48, 0x8c48, 0x8c48, 0x8c48, 0x8c48, 0x8c48, 0x8c48, 0x8c48, 0x8c48, 
  0x8c48, 0x8c48, 0x8c48, 0x8c48, 0x8c48, 0x8c48, 0x8c48, 0x8c48, 0x8c48, 0x8c48, 0x8c48, 0x8c48, 
  0x8c48, 0x8c48, 0x8c48, 0x8c48, 0x8c48, 0x8c48, 0x8c48, 0x8c48, 0x8c48, 0x8c48, 0x8c48, 0x8c48, 
  0x8c48, 0x8c48, 0x8c48, 0x8c48, 0x8c48, 0x8c48, 0x8c48, 0x8c48, 0x8c48, 0x8c48, 0x8c88, 0x8c88, 
  0x8c88, 0x8c88, 0x7c27, 0x7c27, 0x8c48, 0x8c48, 0x8c48, 0x8c48, 0x8c48, 0x8c48, 0x8c48, 0x8c48, 
  0x8c48, 0x8c48, 0x8c48, 0x8c48, 0x8c48, 0x8c48, 0x8c48, 0x8c48, 0x8c48, 0x8c48, 0x8c48, 0x8c48, 
  0x8c48, 0x8c48, 0x8c48, 0x8c48, 0x8c48, 0x8c48, 0x8c48, 0x8c48, 0x8c48, 0x8c48, 0x8c48, 0x8c48, 
  0x8c48, 0x8c48, 0x8427, 0x8427, 0x8c88, 0x8c88, 0x8c88, 0x8c88, 0x8c48, 0x8c48, 0x8c48, 0x8c48, 
  0x8c88, 0x8c88, 0x8c88, 0x8c88, 0x8427, 0x8427, 0x8c88, 0x8c88, 0x94a8, 0x94a8, 0x8c48, 0x8c48, 
  0x8c48, 0x8c48, 0x8c48, 0x8c48, 0x8c48, 0x8c48, 0x8c48, 0x8c48, 0x8c48, 0x8c48, 0x8c48, 0x8c48, 
  0x8c48, 0x8c48, 0x8c48, 0x8c48, 0x8c48, 0x8c48, 0x8c48, 0x8c48, 0x8c48, 0x8c48, 0x8c48, 0x8c48, 
  0x8c48, 0x8c48, 0x8c48, 0x8c48, 0x8c48, 0x8c48, 0x8c48, 0x8c48, 0x8c48, 0x8c48, 0x8c48, 0x8c48, 
  0x8c48, 0x8c48, 0x8c48, 0x8c48, 0x8c48, 0x8c48, 0x8c48, 0x8c48, 0x8c48, 0x8c48, 0x8c48, 0x8c48, 
  0x8c48, 0x8c48, 0x8c48, 0x8c48, 0x8c48, 0x8c48, 0x8c48, 0x8c48, 0x8c48, 0x8c48, 0x8c48, 0x8c48, 
  0x8c48, 0x8c48, 0x8c48, 0x8c48, 0x8c48, 0x8c48, 0x8c48, 0x8c48, 0x8c48, 0x8c48, 0x8c48, 0x8c48, 
  0x8c48, 0x8c48, 0x8c48, 0x8c48, 0x8c48, 0x8c48, 0x8c48, 0x8c48, 0x8c48, 0x8c48, 0x8c48, 0x8c48, 
  0x8c48, 0x8c48, 0x8c48, 0x8c48, 0x8c48, 0x8c48, 0x8c48, 0x8c48, 0x8c48, 0x8c48, 0x8c48, 0x8c48, 
  0x8c48, 0x8c48, 0x8c48, 0x8c48, 0x8c48, 0x8c48, 0x8c48, 0x8c48, 0x8427, 0x8427, 0x8c88, 0x8c88, 
  0x8c48, 0x8c48, 0x8c48, 0x8c48, 0x8c48, 0x8c48, 0x8c48, 0x8c48, 0x8c48, 0x8c48, 0x8c48, 0x8c48, 
  0x8c48, 0x8c48, 0x8c48, 0x8c48, 0x8c48, 0x8c48, 0x8c48, 0x8c48, 0x8c48, 0x8c48, 0x8c48, 0x8c48, 
  0x8c48, 0x8c48, 0x8c48, 0x8c48, 0x8c48, 0x8c48, 0x8c48, 0x8c48, 0x8c48, 0x8c48, 0x8c48, 0x8c48, 
  0x8c48, 0x8c48, 0x8c48, 0x8c48, 0x8c48, 0x8c48, 0x8c48, 0x8c48, 0x8c48, 0x8c48, 0x8c48, 0x8c48, 
  0x8c48, 0x8c48, 0x8c48, 0x8c48, 0x8c48, 0x8c48, 0x8c48, 0x8c48, 0x8c48, 0x8c48, 0x8c48, 0x8c48, 
  0x8c48, 0x8c48, 0x8c48, 0x8c48, 0x8c48, 0x8c48, 0x8c48, 0x8c48, 0x8c48, 0x8c48, 0x8c48, 0x8c48, 
  0x8c48, 0x8c48, 0x8c48, 0x8c48, 0x8c48, 0x8c48, 0x8c48, 0x8c48, 0x8c48, 0x8c48, 0x8c48, 0x8c48, 
  0x8c48, 0x8c48, 0x8c48, 0x8c48, 0x8c48, 0x8c48, 0x8c48, 0x8c48, 0x8c48, 0x8c48, 0x8c48, 0x8c48, 
  0x8c48, 0x8c48, 0x8c48, 0x8c48, 0x8c48, 0x8c48, 0x8c48, 0x8c48, 0x8c48, 0x8c48, 0x8c48, 0x8c48, 
  0x8c48, 0x8c48, 0x7c27, 0x7c27, 0x7c27, 0x7c27, 0x8c88, 0x8c88, 0x94a9, 0x94a9, 0x8c48, 0x8c48, 
  0x8c48, 0x8c48, 0x8c48, 0x8c48, 0x8c48, 0x8c48, 0x8c48, 0x8c48, 0x8c48, 0x8c48, 0x8c48, 0x8c48, 
  0x8c48, 0x8c48, 0x8c48, 0x8c48, 0x8c48, 0x8c48, 0x8c48, 0x8c48, 0x8c48, 0x8c48, 0x8c48, 0x8c48, 
  0x8c48, 0x8c48, 0x8c48, 0x8c48, 0x8c48, 0x8c48, 0x8c48, 0x8c48, 0x8427, 0x8427, 0x8c88, 0x8c88, 
  0x8c48, 0x8c48, 0x8c48, 0x8c48, 0x8c88, 0x8c88, 0x8427, 0x8427, 0x8c88, 0x8c88, 0x8c88, 0x8c88, 
  0x8427, 0x8427, 0x8c48, 0x8c48, 0x8c48, 0x8c48, 0x8c48, 0x8c48, 0x8c48, 0x8c48, 0x8c48, 0x8c48, 
  0x8c48, 0x8c48, 0x8c48, 0x8c48, 0x8c48, 0x8c48, 0x8c48, 0x8c48, 0x8c48, 0x8c48, 0x8c48, 0x8c48, 
  0x8c48, 0x8c48, 0x8c48, 0x8c48, 0x8c48, 0x8c48, 0x8c48, 0x8c48, 0x8c48, 0x8c48, 0x8c48, 0x8c48, 
  0x8c48, 0x8c48, 0x8c48, 0x8c48, 0x8c48, 0x8c48, 0x8c48, 0x8c48, 0x8c48, 0x8c48, 0x8c48, 0x8c48, 
  0x8c48, 0x8c48, 0x8c48, 0x8c48, 0x8c48, 0x8c48, 0x8c48, 0x8c48, 0x8c48, 0x8c48, 0x8c48, 0x8c48, 
  0x8c48, 0x8c48, 0x8c48, 0x8c48, 0x8c48, 0x8c48, 0x8c48, 0x8c48, 0x8c48, 0x8c48, 0x8c48, 0x8c48, 
  0x8c48, 0x8c48, 0x8c48, 0x8c48, 0x8c48, 0x8c48, 0x8c48, 0x8c48, 0x8c48, 0x8c48, 0x8c48, 0x8c48, 
  0x8c48, 0x8c48, 0x8c48, 0x8c48, 0x8c48, 0x8c48, 0x8c48, 0x8c48, 0x8c48, 0x8c48, 0x8c48, 0x8c48, 
  0x8c48, 0x8c48, 0x8c48, 0x8c48, 0x8c48, 0x8c48, 0x8c48, 0x8c48, 0x8c48, 0x8c48, 0x8c48, 0x8c48, 
  0x8427, 0x8427, 0x8c88, 0x8c88, 0x8c48, 0x8c48, 0x8c48, 0x8c48, 0x8c48, 0x8c48, 0x8c48, 0x8c48, 
  0x8c48, 0x8c48, 0x8c48, 0x8c48, 0x8c48, 0x8c48, 0x8c48, 0x8c48, 0x8c48, 0x8c48, 0x8c48, 0x8c48, 
  0x8c48, 0x8c48, 0x8c48, 0x8c48, 0x8c48, 0x8c48, 0x8c48, 0x8c48, 0x8c48, 0x8c48, 0x8c48, 0x8c48, 
  0x8c48, 0x8c48, 0x8c48, 0x8c48, 0x8c48, 0x8c48, 0x8c48, 0x8c48, 0x8c48, 0x8c48, 0x8c48, 0x8c48, 
  0x8c48, 0x8c48, 0x8c48, 0x8c48, 0x8c48, 0x8c48, 0x8c48, 0x8c48, 0x8c48, 0x8c48, 0x8c48, 0x8c48, 
  0x8c48, 0x8c48, 0x8c48, 0x8c48, 0x8c48, 0x8c48, 0x8c48, 0x8c48, 0x8c48, 0x8c48, 0x8c48, 0x8c48, 
  0x8c48, 0x8c48, 0x8c48, 0x8c48, 0x8c48, 0x8c48, 0x8c48, 0x8c48, 0x8c48, 0x8c48, 0x8c48, 0x8c48, 
  0x8c48, 0x8c48, 0x8c48, 0x8c48, 0x8c48, 0x8c48, 0x8c48, 0x8c48, 0x8c48, 0x8c48, 0x8c48, 0x8c48, 
  0x8c48, 0x8c48, 0x8c48, 0x8c48, 0x8c48, 0x8c48, 0x8c48, 0x8c48, 0x8c48, 0x8c48, 0x8c48, 0x8c48, 
  0x8c48, 0x8c48, 0x8c48, 0x8c48, 0x8c48, 0x8c48, 0x7c27, 0x7c27, 0x7c27, 0x7c27, 0x8c88, 0x8c88, 
  0x94a9, 0x94a9, 0x8c48, 0x8c48, 0x8c48, 0x8c48, 0x8c48, 0x8c48, 0x8c48, 0x8c48, 0x8c48, 0x8c48, 
  0x8c48, 0x8c48, 0x8c48, 0x8c48, 0x8c48, 0x8c48, 0x8c48, 0x8c48, 0x8c48, 0x8c48, 0x8c48, 0x8c48, 
  0x8c48, 0x8c48, 0x8c48, 0x8c48, 0x8c48, 0x8c48, 0x8c48, 0x8c48, 0x8c48, 0x8c48, 0x8c48, 0x8c48, 
  0x8427, 0x8427, 0x8c88, 0x8c88, 0x8c48, 0x8c48, 0x8c48, 0x8c48, 0x8c88, 0x8c88, 0x8427, 0x8427, 
  0x8c88, 0x8c88, 0x8c88, 0x8c88, 0x8427, 0x8427, 0x8c48, 0x8c48, 0x8c48, 0x8c48, 0x8c48, 0x8c48, 
  0x8c48, 0x8c48, 0x8c48, 0x8c48, 0x8c48, 0x8c48, 0x8c48, 0x8c48, 0x8c48, 0x8c48, 0x8c48, 0x8c48, 
  0x8c48, 0x8c48, 0x8c48, 0x8c48, 0x8c48, 0x8c48, 0x8c48, 0x8c48, 0x8c48, 0x8c48, 0x8c48, 0x8c48, 
  0x8c48, 0x8c48, 0x8c48, 0x8c48, 0x8c48, 0x8c48, 0x8c48, 0x8c48, 0x8c48, 0x8c48, 0x8c48, 0x8c48, 
  0x8c48, 0x8c48, 0x8c48, 0x8c48, 0x8c48, 0x8c48, 0x8c48, 0x8c48, 0x8c48, 0x8c48, 0x8c48, 0x8c48, 
  0x8c48, 0x8c48, 0x8c48, 0x8c48, 0x8c48, 0x8c48, 0x8c48, 0x8c48, 0x8c48, 0x8c48, 0x8c48, 0x8c48, 
  0x8c48, 0x8c48, 0x8c48, 0x8c48, 0x8c48, 0x8c48, 0x8c48, 0x8c48, 0x8c48, 0x8c48, 0x8c48, 0x8c48, 
  0x8c48, 0x8c48, 0x8c48, 0x8c48, 0x8c48, 0x8c48, 0x8c48, 0x8c48, 0x8c48, 0x8c48, 0x8c48, 0x8c48, 
  0x8c48, 0x8c48, 0x8c48, 0x8c48, 0x8c48, 0x8c48, 0x8c48, 0x8c48, 0x8c48, 0x8c48, 0x8c48, 0x8c48, 
  0x8c48, 0x8c48, 0x8c48, 0x8c48, 0x8c48, 0x8c48, 0x8427, 0x8427, 0x8c48, 0x8c48, 0x8c48, 0x8c48, 
  0x8c48, 0x8c48, 0x8c48, 0x8c48, 0x8c48, 0x8c48, 0x8c48, 0x8c48, 0x8c48, 0x8c48, 0x8c48, 0x8c48, 
  0x8c48, 0x8c48, 0x8c48, 0x8c48, 0x8c48, 0x8c48, 0x8c48, 0x8c48, 0x8c48, 0x8c48, 0x8c48, 0x8c48, 
  0x8c48, 0x8c48, 0x8c48, 0x8c48, 0x8c48, 0x8c48, 0x8c48, 0x8c48, 0x8c48, 0x8c48, 0x8c48, 0x8c48, 
  0x8c48, 0x8c48, 0x8c48, 0x8c48, 0x8c48, 0x8c48, 0x8c48, 0x8c48, 0x8c48, 0x8c48, 0x8c48, 0x8c48, 
  0x8c48, 0x8c48, 0x8c48, 0x8c48, 0x8c48, 0x8c48, 0x8c48, 0x8c48, 0x8c48, 0x8c48, 0x8c48, 0x8c48, 
  0x8c48, 0x8c48, 0x8c48, 0x8c48, 0x8c48, 0x8c48, 0x8c48, 0x8c48, 0x8c48, 0x8c48, 0x8c48, 0x8c48, 
  0x8c48, 0x8c48, 0x8c48, 0x8c48, 0x8c48, 0x8c48, 0x8c48, 0x8c48, 0x8c48, 0x8c48, 0x8c48, 0x8c48, 
  0x8c48, 0x8c48, 0x8c48, 0x8c48, 0x8c48, 0x8c48, 0x8c48, 0x8c48, 0x8c48, 0x8c48, 0x8c48, 0x8c48, 
  0x8c48, 0x8c48, 0x8c48, 0x8c48, 0x8c48, 0x8c48, 0x8c48, 0x8c48, 0x8c48, 0x8c48, 0x8c48, 0x8c48, 
  0x8c48, 0x8c48, 0x8c88, 0x8c88, 0x8c88, 0x8c88, 0x8c48, 0x8c48, 0x8c48, 0x8c48, 0x8c48, 0x8c48, 
  0x8c48, 0x8c48, 0x8c48, 0x8c48, 0x8c48, 0x8c48, 0x8c48, 0x8c48, 0x8c48, 0x8c48, 0x8c48, 0x8c48, 
  0x8c48, 0x8c48, 0x8c48, 0x8c48, 0x8c48, 0x8c48, 0x8c48, 0x8c48, 0x8c48, 0x8c48, 0x8c48, 0x8c48, 
  0x8c48, 0x8c48, 0x8c48, 0x8c48, 0x8c48, 0x8c48, 0x8427, 0x8427, 0x8c48, 0x8c48, 0x8c48, 0x8c48, 
  0x8427, 0x8427, 0x8427, 0x8427, 0x8c88, 0x8c88, 0x8427, 0x8427, 0x8c48, 0x8c48, 0x8c48, 0x8c48, 
  0x8c48, 0x8c48, 0x8c48, 0x8c48, 0x8c48, 0x8c48, 0x8c48, 0x8c48, 0x8c48, 0x8c48, 0x8c48, 0x8c48, 
  0x8c48, 0x8c48, 0x8c48, 0x8c48, 0x8c48, 0x8c48, 0x8c48, 0x8c48, 0x8c48, 0x8c48, 0x8c48, 0x8c48, 
  0x8c48, 0x8c48, 0x8c48, 0x8c48, 0x8c48, 0x8c48, 0x8c48, 0x8c48, 0x8c48, 0x8c48, 0x8c48, 0x8c48, 
  0x8c48, 0x8c48, 0x8c48, 0x8c48, 0x8c48, 0x8c48, 0x8c48, 0x8c48, 0x8c48, 0x8c48, 0x8c48, 0x8c48, 
  0x8c48, 0x8c48, 0x8c48, 0x8c48, 0x8c48, 0x8c48, 0x8c48, 0x8c48, 0x8c48, 0x8c48, 0x8c48, 0x8c48, 
  0x8c48, 0x8c48, 0x8c48, 0x8c48, 0x8c48, 0x8c48, 0x8c48, 0x8c48, 0x8c48, 0x8c48, 0x8c48, 0x8c48, 
  0x8c48, 0x8c48, 0x8c48, 0x8c48, 0x8c48, 0x8c48, 0x8c48, 0x8c48, 0x8c48, 0x8c48, 0x8c48, 0x8c48, 
  0x8c48, 0x8c48, 0x8c48, 0x8c48, 0x8c48, 0x8c48, 0x8c48, 0x8c48, 0x8c48, 0x8c48, 0x8c48, 0x8c48, 
  0x8c48, 0x8c48, 0x8c48, 0x8c48, 0x8c48, 0x8c48, 0x8c48, 0x8c48, 0x8c48, 0x8c48, 0x8427, 0x8427, 
  0x8c48, 0x8c48, 0x8c48, 0x8c48, 0x8c48, 0x8c48, 0x8c48, 0x8c48, 0x8c48, 0x8c48, 0x8c48, 0x8c48, 
  0x8c48, 0x8c48, 0x8c48, 0x8c48, 0x8c48, 0x8c48, 0x8c48, 0x8c48, 0x8c48, 0x8c48, 0x8c48, 0x8c48, 
  0x8c48, 0x8c48, 0x8c48, 0x8c48, 0x8c48, 0x8c48, 0x8c48, 0x8c48, 0x8c48, 0x8c48, 0x8c48, 0x8c48, 
  0x8c48, 0x8c48, 0x8c48, 0x8c48, 0x8c48, 0x8c48, 0x8c48, 0x8c48, 0x8c48, 0x8c48, 0x8c48, 0x8c48, 
  0x8c48, 0x8c48, 0x8c48, 0x8c48, 0x8c48, 0x8c48, 0x8c48, 0x8c48, 0x8c48, 0x8c48, 0x8c48, 0x8c48, 
  0x8c48, 0x8c48, 0x8c48, 0x8c48, 0x8c48, 0x8c48, 0x8c48, 0x8c48, 0x8c48, 0x8c48, 0x8c48, 0x8c48, 
  0x8c48, 0x8c48, 0x8c48, 0x8c48, 0x8c48, 0x8c48, 0x8c48, 0x8c48, 0x8c48, 0x8c48, 0x8c48, 0x8c48, 
  0x8c48, 0x8c48, 0x8c48, 0x8c48, 0x8c48, 0x8c48, 0x8c48, 0x8c48, 0x8c48, 0x8c48, 0x8c48, 0x8c48, 
  0x8c48, 0x8c48, 0x8c48, 0x8c48, 0x8c48, 0x8c48, 0x8c48, 0x8c48, 0x8c48, 0x8c48, 0x8c48, 0x8c48, 
  0x8c48, 0x8c48, 0x8c48, 0x8c48, 0x8c48, 0x8c48, 0x8c88, 0x8c88, 0x8c88, 0x8c88, 0x8c48, 0x8c48, 
  0x8c48, 0x8c48, 0x8c48, 0x8c48, 0x8c48, 0x8c48, 0x8c48, 0x8c48, 0x8c48, 0x8c48, 0x8c48, 0x8c48, 
  0x8c48, 0x8c48, 0x8c48, 0x8c48, 0x8c48, 0x8c48, 0x8c48, 0x8c48, 0x8c48, 0x8c48, 0x8c48, 0x8c48, 
  0x8c48, 0x8c48, 0x8c48, 0x8c48, 0x8c48, 0x8c48, 0x8c48, 0x8c48, 0x8c48, 0x8c48, 0x8427, 0x8427, 
  0x8c48, 0x8c48, 0x8c48, 0x8c48, 0x8427, 0x8427, 0x8427, 0x8427, 0x8c88, 0x8c88, 0x8427, 0x8427, 
  0x8c48, 0x8c48, 0x8c48, 0x8c48, 0x8c48, 0x8c48, 0x8c48, 0x8c48, 0x8c48, 0x8c48, 0x8c48, 0x8c48, 
  0x8c48, 0x8c48, 0x8c48, 0x8c48, 0x8c48, 0x8c48, 0x8c48, 0x8c48, 0x8c48, 0x8c48, 0x8c48, 0x8c48, 
  0x8c48, 0x8c48, 0x8c48, 0x8c48, 0x8c48, 0x8c48, 0x8c48, 0x8c48, 0x8c48, 0x8c48, 0x8c48, 0x8c48, 
  0x8c48, 0x8c48, 0x8c48, 0x8c48, 0x8c48, 0x8c48, 0x8c48, 0x8c48, 0x8c48, 0x8c48, 0x8c48, 0x8c48, 
  0x8c48, 0x8c48, 0x8c48, 0x8c48, 0x8c48, 0x8c48, 0x8c48, 0x8c48, 0x8c48, 0x8c48, 0x8c48, 0x8c48, 
  0x8c48, 0x8c48, 0x8c48, 0x8c48, 0x8c48, 0x8c48, 0x8c48, 0x8c48, 0x8c48, 0x8c48, 0x8c48, 0x8c48, 
  0x8c48, 0x8c48, 0x8c48, 0x8c48, 0x8c48, 0x8c48, 0x8c48, 0x8c48, 0x8c48, 0x8c48, 0x8c48, 0x8c48, 
  0x8c48, 0x8c48, 0x8c48, 0x8c48, 0x8c48, 0x8c48, 0x8c48, 0x8c48, 0x8c48, 0x8c48, 0x8c48, 0x8c48, 
  0x8c48, 0x8c48, 0x8c48, 0x8c48, 0x8c48, 0x8c48, 0x8c48, 0x8c48, 0x8c48, 0x8c48, 0x8c48, 0x8c48, 
  0x8c48, 0x8c48, 0x8c48, 0x8c48, 0x8c48, 0x8c48, 0x8c48, 0x8c48, 0x8c48, 0x8c48, 0x8c48, 0x8c48, 
  0x8c48, 0x8c48, 0x8c48, 0x8c48, 0x8c48, 0x8c48, 0x8c48, 0x8c48, 0x8c48, 0x8c48, 0x8c48, 0x8c48, 
  0x8c48, 0x8c48, 0x8c48, 0x8c48, 0x8c48, 0x8c48, 0x8c48, 0x8c48, 0x8c48, 0x8c48, 0x8c48, 0x8c48, 
  0x8c48, 0x8c48, 0x8c48, 0x8c48, 0x8c48, 0x8c48, 0x8c48, 0x8c48, 0x8c48, 0x8c48, 0x8c48, 0x8c48, 
  0x8c48, 0x8c48, 0x8c48, 0x8c48, 0x8c48, 0x8c48, 0x8c48, 0x8c48, 0x8c48, 0x8c48, 0x8c48, 0x8c48, 
  0x8c48, 0x8c48, 0x8c48, 0x8c48, 0x8c48, 0x8c48, 0x8c48, 0x8c48, 0x8c48, 0x8c48, 0x8c48, 0x8c48, 
  0x8c48, 0x8c48, 0x8c48, 0x8c48, 0x8c48, 0x8c48, 0x8c48, 0x8c48, 0x8c48, 0x8c48, 0x8c48, 0x8c48, 
  0x8c48, 0x8c48, 0x8c48, 0x8c48, 0x8c48, 0x8c48, 0x8c48, 0x8c48, 0x8c48, 0x8c48, 0x8c48, 0x8c48, 
  0x8c48, 0x8c48, 0x8c48, 0x8c48, 0x8c48, 0x8c48, 0x8c48, 0x8c48, 0x8c48, 0x8c48, 0x8c48, 0x8c48, 
  0x8c48, 0x8c48, 0x8c48, 0x8c48, 0x8c48, 0x8c48, 0x8c48, 0x8c48, 0x8c48, 0x8c48, 0x7c27, 0x7c27, 
  0x7c27, 0x7c27, 0x8c48, 0x8c48, 0x8c48, 0x8c48, 0x8c48, 0x8c48, 0x8c48, 0x8c48, 0x8c48, 0x8c48, 
  0x8c48, 0x8c48, 0x8c48, 0x8c48, 0x8c48, 0x8c48, 0x8c48, 0x8c48, 0x8c48, 0x8c48, 0x8c48, 0x8c48, 
  0x8c48, 0x8c48, 0x8c48, 0x8c48, 0x8c48, 0x8c48, 0x8c48, 0x8c48, 0x8c48, 0x8c48, 0x8c48, 0x8c48, 
  0x8c48, 0x8c48, 0x8c48, 0x8c48, 0x8c48, 0x8c48, 0x8c48, 0x8c48, 0x8c48, 0x8c48, 0x8c48, 0x8c48, 
  0x8c48, 0x8c48, 0x8c48, 0x8c48, 0x8c48, 0x8c48, 0x8c48, 0x8c48, 0x8c48, 0x8c48, 0x8c48, 0x8c48, 
  0x8c48, 0x8c48, 0x8c48, 0x8c48, 0x8c48, 0x8c48, 0x8c48, 0x8c48, 0x8c48, 0x8c48, 0x8c48, 0x8c48, 
  0x8c48, 0x8c48, 0x8c48, 0x8c48, 0x8c48, 0x8c48, 0x8c48, 0x8c48, 0x8c48, 0x8c48, 0x8c48, 0x8c48, 
  0x8c48, 0x8c48, 0x8c48, 0x8c48, 0x8c48, 0x8c48, 0x8c48, 0x8c48, 0x8c48, 0x8c48, 0x8c48, 0x8c48, 
  0x8c48, 0x8c48, 0x8c48, 0x8c48, 0x8c48, 0x8c48, 0x8c48, 0x8c48, 0x8c48, 0x8c48, 0x8c48, 0x8c48, 
  0x8c48, 0x8c48, 0x8c48, 0x8c48, 0x8c48, 0x8c48, 0x8c48, 0x8c48, 0x8c48, 0x8c48, 0x8c48, 0x8c48, 
  0x8c48, 0x8c48, 0x8c48, 0x8c48, 0x8c48, 0x8c48, 0x8c48, 0x8c48, 0x8c48, 0x8c48, 0x8c48, 0x8c48, 
  0x8c48, 0x8c48, 0x8c48, 0x8c48, 0x8c48, 0x8c48, 0x8c48, 0x8c48, 0x8c48, 0x8c48, 0x8c48, 0x8c48, 
  0x8c48, 0x8c48, 0x8c48, 0x8c48, 0x8c48, 0x8c48, 0x8c48, 0x8c48, 0x8c48, 0x8c48, 0x8c48, 0x8c48, 
  0x8c48, 0x8c48, 0x8c48, 0x8c48, 0x8c48, 0x8c48, 0x8c48, 0x8c48, 0x8c48, 0x8c48, 0x8c48, 0x8c48, 
  0x8c48, 0x8c48, 0x8c48, 0x8c48, 0x8c48, 0x8c48, 0x8c48, 0x8c48, 0x8c48, 0x8c48, 0x8c48, 0x8c48, 
  0x8c48, 0x8c48, 0x8c48, 0x8c48, 0x8c48, 0x8c48, 0x8c48, 0x8c48, 0x8c48, 0x8c48, 0x8c48, 0x8c48, 
  0x8c48, 0x8c48, 0x8c48, 0x8c48, 0x8c48, 0x8c48, 0x8c48, 0x8c48, 0x8c48, 0x8c48, 0x8c48, 0x8c48, 
  0x8c48, 0x8c48, 0x8c48, 0x8c48, 0x8c48, 0x8c48, 0x8c48, 0x8c48, 0x8c48, 0x8c48, 0x8c48, 0x8c48, 
  0x8c48, 0x8c48, 0x8c48, 0x8c48, 0x8c48, 0x8c48, 0x8c48, 0x8c48, 0x8c48, 0x8c48, 0x8c48, 0x8c48, 
  0x8c48, 0x8c48, 0x8c48, 0x8c48, 0x8c48, 0x8c48, 0x8c48, 0x8c48, 0x8c48, 0x8c48, 0x8c48, 0x8c48, 
  0x8c48, 0x8c48, 0x8c48, 0x8c48, 0x8c48, 0x8c48, 0x8c48, 0x8c48, 0x8c48, 0x8c48, 0x8c48, 0x8c48, 
  0x8c48, 0x8c48, 0x8c48, 0x8c48, 0x8c48, 0x8c48, 0x8c48, 0x8c48, 0x8c48, 0x8c48, 0x8c48, 0x8c48, 
  0x8c48, 0x8c48, 0x8c48, 0x8c48, 0x8c48, 0x8c48, 0x8c48, 0x8c48, 0x8c48, 0x8c48, 0x8c48, 0x8c48, 
  0x8c48, 0x8c48, 0x7c27, 0x7c27, 0x7c27, 0x7c27, 0x8c48, 0x8c48, 0x8c48, 0x8c48, 0x8c48, 0x8c48, 
  0x8c48, 0x8c48, 0x8c48, 0x8c48, 0x8c48, 0x8c48, 0x8c48, 0x8c48, 0x8c48, 0x8c48, 0x8c48, 0x8c48, 
  0x8c48, 0x8c48, 0x8c48, 0x8c48, 0x8c48, 0x8c48, 0x8c48, 0x8c48, 0x8c48, 0x8c48, 0x8c48, 0x8c48, 
  0x8c48, 0x8c48, 0x8c48, 0x8c48, 0x8c48, 0x8c48, 0x8c48, 0x8c48, 0x8c48, 0x8c48, 0x8c48, 0x8c48, 
  0x8c48, 0x8c48, 0x8c48, 0x8c48, 0x8c48, 0x8c48, 0x8c48, 0x8c48, 0x8c48, 0x8c48, 0x8c48, 0x8c48, 
  0x8c48, 0x8c48, 0x8c48, 0x8c48, 0x8c48, 0x8c48, 0x8c48, 0x8c48, 0x8c48, 0x8c48, 0x8c48, 0x8c48, 
  0x8c48, 0x8c48, 0x8c48, 0x8c48, 0x8c48, 0x8c48, 0x8c48, 0x8c48, 0x8c48, 0x8c48, 0x8c48, 0x8c48, 
  0x8c48, 0x8c48, 0x8c48, 0x8c48, 0x8c48, 0x8c48, 0x8c48, 0x8c48, 0x8c48, 0x8c48, 0x8c48, 0x8c48, 
  0x8c48, 0x8c48, 0x8c48, 0x8c48, 0x8c48, 0x8c48, 0x8c48, 0x8c48, 0x8c48, 0x8c48, 0x8c48, 0x8c48, 
  0x8c48, 0x8c48, 0x8c48, 0x8c48, 0x8c48, 0x8c48, 0x8c48, 0x8c48, 0x8c48, 0x8c48, 0x8c48, 0x8c48, 
  0x8c48, 0x8c48, 0x8c48, 0x8c48, 0x8c48, 0x8c48, 0x8c48, 0x8c48, 0x8c48, 0x8c48, 0x8c48, 0x8c48, 
  0x8c48, 0x8c48, 0x8c48, 0x8c48, 0x8c48, 0x8c48, 0x8c48, 0x8c48, 0x8c48, 0x8c48, 0x8c48, 0x8c48, 
  0x8c48, 0x8c48, 0x8c48, 0x8c48, 0x8c48, 0x8c48, 0x8c48, 0x8c48, 0x8c48, 0x8c48, 0x8c48, 0x8c48, 
  0x8c48, 0x8c48, 0x8c48, 0x8c48, 0x8c48, 0x8c48, 0x8c48, 0x8c48, 0x8c48, 0x8c48, 0x8c48, 0x8c48, 
  0x8c48, 0x8c48, 0x8c48, 0x8c48, 0x8c48, 0x8c48, 0x8c48, 0x8c48, 0x8c48, 0x8c48, 0x8c48, 0x8c48, 
  0x8c48, 0x8c48, 0x8c48, 0x8c48, 0x8c48, 0x8c48, 0x8c48, 0x8c48, 0x8c48, 0x8c48, 0x8c48, 0x8c48, 
  0x8c48, 0x8c48, 0x8c48, 0x8c48, 0x8c48, 0x8c48, 0x8c48, 0x8c48, 0x8c48, 0x8c48, 0x8c48, 0x8c48, 
  0x8c48, 0x8c48, 0x8c48, 0x8c48, 0x8c48, 0x8c48, 0x8c48, 0x8c48, 0x8c48, 0x8c48, 0x8c48, 0x8c48, 
  0x8c48, 0x8c48, 0x8c48, 0x8c48, 0x8c48, 0x8c48, 0x8c48, 0x8c48, 0x8c48, 0x8c48, 0x8c48, 0x8c48, 
  0x8c48, 0x8c48, 0x8c48, 0x8c48, 0x8c48, 0x8c48, 0x8c48, 0x8c48, 0x8c48, 0x8c48, 0x8c48, 0x8c48, 
  0x8c48, 0x8c48, 0x8c48, 0x8c48, 0x8c48, 0x8c48, 0x8c48, 0x8c48, 0x8c48, 0x8c48, 0x8c48, 0x8c48, 
  0x8c48, 0x8c48, 0x8c48, 0x8c48, 0x8c48, 0x8c48, 0x8c48, 0x8c48, 0x8c48, 0x8c48, 0x8c48, 0x8c48, 
  0x8c48, 0x8c48, 0x8c48, 0x8c48, 0x8c48, 0x8c48, 0x8c48, 0x8c48, 0x8c48, 0x8c48, 0x8c48, 0x8c48, 
  0x8c48, 0x8c48, 0x8c48, 0x8c48, 0x8c48, 0x8c48, 0x8c48, 0x8c48, 0x8c48, 0x8c48, 0x8c48, 0x8c48, 
  0x8c48, 0x8c48, 0x8c48, 0x8c48, 0x8c48, 0x8c48, 0x8c48, 0x8c48, 0x8c48, 0x8c48, 0x8c48, 0x8c48, 
  0x8c48, 0x8c48, 0x8c48, 0x8c48, 0x8c48, 0x8c48, 0x8c48, 0x8c48, 0x8c48, 0x8c48, 0x8c48, 0x8c48, 
  0x8c48, 0x8c48, 0x8c48, 0x8c48, 0x8c48, 0x8c48, 0x8c48, 0x8c48, 0x8c48, 0x8c48, 0x8c48, 0x8c48, 
  0x8c48, 0x8c48, 0x8c48, 0x8c48, 0x8c48, 0x8c48, 0x8c48, 0x8c48, 0x8c48, 0x8c48, 0x8c48, 0x8c48, 
  0x8c48, 0x8c48, 0x8c48, 0x8c48, 0x8c48, 0x8c48, 0x8c48, 0x8c48, 0x8c48, 0x8c48, 0x8c48, 0x8c48, 
  0x8c48, 0x8c48, 0x8c48, 0x8c48, 0x8c48, 0x8c48, 0x8c48, 0x8c48, 0x8c48, 0x8c48, 0x8c48, 0x8c48, 
  0x8c48, 0x8c48, 0x8c48, 0x8c48, 0x8c48, 0x8c48, 0x8c48, 0x8c48, 0x8c48, 0x8c48, 0x8c48, 0x8c48, 
  0x8c48, 0x8c48, 0x8c48, 0x8c48, 0x8c48, 0x8c48, 0x8c48, 0x8c48, 0x8c48, 0x8c48, 0x8c48, 0x8c48, 
  0x8c48, 0x8c48, 0x8c48, 0x8c48, 0x8c48, 0x8c48, 0x8c48, 0x8c48, 0x8c48, 0x8c48, 0x8c48, 0x8c48, 
  0x8c48, 0x8c48, 0x8c48, 0x8c48, 0x8c48, 0x8c48, 0x8c48, 0x8c48, 0x8c48, 0x8c48, 0x8c48, 0x8c48, 
  0x8c48, 0x8c48, 0x8c48, 0x8c48, 0x8c48, 0x8c48, 0x8c48, 0x8c48, 0x8c48, 0x8c48, 0x8c48, 0x8c48, 
  0x8c48, 0x8c48, 0x8c48, 0x8c48, 0x8c48, 0x8c48, 0x8c48, 0x8c48, 0x8c48, 0x8c48, 0x8c48, 0x8c48, 
  0x8c48, 0x8c48, 0x8c48, 0x8c48, 0x8c48, 0x8c48, 0x8c48, 0x8c48, 0x8c48, 0x8c48, 0x8c48, 0x8c48, 
  0x8c48, 0x8c48, 0x8c48, 0x8c48, 0x8c48, 0x8c48, 0x8c48, 0x8c48, 0x8c48, 0x8c48, 0x8c48, 0x8c48, 
  0x8c48, 0x8c48, 0x8c48, 0x8c48, 0x8c48, 0x8c48, 0x8c48, 0x8c48, 0x8c48, 0x8c48, 0x8c48, 0x8c48, 
  0x8c48, 0x8c48, 0x8c48, 0x8c48, 0x8c48, 0x8c48, 0x8c48, 0x8c48, 0x8c48, 0x8c48, 0x8c48, 0x8c48, 
  0x8c48, 0x8c48, 0x8c48, 0x8c48, 0x8c48, 0x8c48, 0x8c48, 0x8c48, 0x8c48, 0x8c48, 0x8c48, 0x8c48, 
  0x8c48, 0x8c48, 0x8c48, 0x8c48, 0x8c48, 0x8c48, 0x8c48, 0x8c48, 0x8c48, 0x8c48, 0x8c48, 0x8c48, 
  0x8c48, 0x8c48, 0x8c48, 0x8c48, 0x8c48, 0x8c48, 0x8c48, 0x8c48, 0x8c48, 0x8c48, 0x8c48, 0x8c48, 
  0x8c48, 0x8c48, 0x8c48, 0x8c48, 0x8c48, 0x8c48, 0x8c48, 0x8c48, 0x8c48, 0x8c48, 0x8c48, 0x8c48, 
  0x8c48, 0x8c48, 0x8c48, 0x8c48, 0x8c48, 0x8c48, 0x8c48, 0x8c48, 0x8c48, 0x8c48, 0x8c48, 0x8c48, 
  0x8c48, 0x8c48, 0x8c48, 0x8c48, 0x8c48, 0x8c48, 0x8c48, 0x8c48, 0x8c48, 0x8c48, 0x8c48, 0x8c48, 
  0x8c48, 0x8c48, 0x8c48, 0x8c48, 0x8c48, 0x8c48, 0x8c48, 0x8c48, 0x8c48, 0x8c48, 0x8c48, 0x8c48, 
  0x8c48, 0x8c48, 0x8c48, 0x8c48, 0x8c48, 0x8c48, 0x8c48, 0x8c48, 0x8c48, 0x8c48, 0x8c48, 0x8c48, 
  0x8c48, 0x8c48, 0x8c48, 0x8c48, 0x8c48, 0x8c48, 0x8c48, 0x8c48, 0x8c48, 0x8c48, 0x8c48, 0x8c48, 
  0x8c48, 0x8c48, 0x8c48, 0x8c48, 0x8c48, 0x8c48, 0x8c48, 0x8c48, 0x8c48, 0x8c48, 0x8c48, 0x8c48, 
  0x8c48, 0x8c48, 0x8c48, 0x8c48, 0x8c48, 0x8c48, 0x8c48, 0x8c48, 0x8c48, 0x8c48, 0x8c48, 0x8c48, 
  0x8c48, 0x8c48, 0x8c48, 0x8c48, 0x8c48, 0x8c48, 0x8c48, 0x8c48, 0x8c48, 0x8c48, 0x8c48, 0x8c48, 
  0x8c48, 0x8c48, 0x8c48, 0x8c48, 0x8c48, 0x8c48, 0x8c48, 0x8c48, 0x8c48, 0x8c48, 0x8c48, 0x8c48, 
  0x8c48, 0x8c48, 0x8c48, 0x8c48, 0x8c48, 0x8c48, 0x8c48, 0x8c48, 0x8c48, 0x8c48, 0x8c48, 0x8c48, 
  0x8c48, 0x8c48, 0x8c48, 0x8c48, 0x8c48, 0x8c48, 0x8c48, 0x8c48, 0x8c48, 0x8c48, 0x8c48, 0x8c48, 
  0x8c48, 0x8c48, 0x8c48, 0x8c48, 0x8c48, 0x8c48, 0x8c48, 0x8c48, 0x8c48, 0x8c48, 0x8c48, 0x8c48, 
  0x8c48, 0x8c48, 0x8c48, 0x8c48, 0x8c48, 0x8c48, 0x8c48, 0x8c48, 0x8c48, 0x8c48, 0x8c48, 0x8c48, 
  0x8c48, 0x8c48, 0x8c48, 0x8c48, 0x8c48, 0x8c48, 0x8c48, 0x8c48, 0x8c48, 0x8c48, 0x8c48, 0x8c48, 
  0x8c48, 0x8c48, 0x8c48, 0x8c48, 0x8c48, 0x8c48, 0x8c48, 0x8c48, 0x8c48, 0x8c48, 0x8c48, 0x8c48, 
  0x8c48, 0x8c48, 0x8c48, 0x8c48, 0x8c48, 0x8c48, 0x8c48, 0x8c48, 0x8c48, 0x8c48, 0x8c48, 0x8c48, 
  0x8c48, 0x8c48, 0x8c48, 0x8c48, 0x8c48, 0x8c48, 0x8c48, 0x8c48, 0x8c48, 0x8c48, 0x8c48, 0x8c48, 
  0x8c48, 0x8c48, 0x8c48, 0x8c48, 0x8c48, 0x8c48, 0x8c48, 0x8c48, 0x8c48, 0x8c48, 0x8c48, 0x8c48, 
  0x8c48, 0x8c48, 0x8c48, 0x8c48, 0x8c48, 0x8c48, 0x8c48, 0x8c48, 0x8c48, 0x8c48, 0x8c48, 0x8c48, 
  0x8c48, 0x8c48, 0x8c48, 0x8c48, 0x8c48, 0x8c48, 0x8c48, 0x8c48, 0x8c48, 0x8c48, 0x8c48, 0x8c48, 
  0x8c48, 0x8c48, 0x8c48, 0x8c48, 0x8c48, 0x8c48, 0x8c48, 0x8c48, 0x8c48, 0x8c48, 0x8c48, 0x8c48, 
  0x8c48, 0x8c48, 0x8c48, 0x8c48, 0x8c48, 0x8c48, 0x8c48, 0x8c48, 0x8c48, 0x8c48, 0x8c48, 0x8c48, 
  0x8c48, 0x8c48, 0x8c48, 0x8c48, 0x8c48, 0x8c48, 0x8c48, 0x8c48, 0x94a9, 0x94a9, 0x94a9, 0x94a9, 
  0x8c48, 0x8c48, 0x8c48, 0x8c48, 0x8c48, 0x8c48, 0x8c48, 0x8c48, 0x8c48, 0x8c48, 0x94a9, 0x94a9, 
  0x8c48, 0x8c48, 0x8c48, 0x8c48, 0x8c48, 0x8c48, 0x8c48, 0x8c48, 0x8c48, 0x8c48, 0x8c48, 0x8c48, 
  0x8c48, 0x8c48, 0x8c48, 0x8c48, 0x8c48, 0x8c48, 0x8c48, 0x8c48, 0x8c48, 0x8c48, 0x8c48, 0x8c48, 
  0x8c48, 0x8c48, 0x8c48, 0x8c48, 0x8c48, 0x8c48, 0x8c48, 0x8c48, 0x8c48, 0x8c48, 0x8c48, 0x8c48, 
  0x8c48, 0x8c48, 0x8c48, 0x8c48, 0x8c48, 0x8c48, 0x8c48, 0x8c48, 0x8c48, 0x8c48, 0x8c48, 0x8c48, 
  0x8c48, 0x8c48, 0x8c48, 0x8c48, 0x8c48, 0x8c48, 0x8c48, 0x8c48, 0x8c48, 0x8c48, 0x8c48, 0x8c48, 
  0x8c48, 0x8c48, 0x8c48, 0x8c48, 0x8c48, 0x8c48, 0x8c48, 0x8c48, 0x8c48, 0x8c48, 0x8c48, 0x8c48, 
  0x8c48, 0x8c48, 0x8c48, 0x8c48, 0x8c48, 0x8c48, 0x8c48, 0x8c48, 0x8c48, 0x8c48, 0x8c48, 0x8c48, 
  0x8c48, 0x8c48, 0x8c48, 0x8c48, 0x8c48, 0x8c48, 0x8c48, 0x8c48, 0x8c48, 0x8c48, 0x8c48, 0x8c48, 
  0x8c48, 0x8c48, 0x8c48, 0x8c48, 0x8c48, 0x8c48, 0x8c48, 0x8c48, 0x8c48, 0x8c48, 0x8c48, 0x8c48, 
  0x8c48, 0x8c48, 0x8c48, 0x8c48, 0x8c48, 0x8c48, 0x8c48, 0x8c48, 0x8c48, 0x8c48, 0x8c48, 0x8c48, 
  0x8c48, 0x8c48, 0x8c48, 0x8c48, 0x8c48, 0x8c48, 0x8c48, 0x8c48, 0x8c48, 0x8c48, 0x8c48, 0x8c48, 
  0x8c48, 0x8c48, 0x8c48, 0x8c48, 0x8c48, 0x8c48, 0x8c48, 0x8c48, 0x8c48, 0x8c48, 0x8c48, 0x8c48, 
  0x8c48, 0x8c48, 0x8c48, 0x8c48, 0x8c48, 0x8c48, 0x8c48, 0x8c48, 0x8c48, 0x8c48, 0x8c48, 0x8c48, 
  0x8c48, 0x8c48, 0x8c48, 0x8c48, 0x8c48, 0x8c48, 0x8c48, 0x8c48, 0x8c48, 0x8c48, 0x8c48, 0x8c48, 
  0x8c48, 0x8c48, 0x8c48, 0x8c48, 0x8c48, 0x8c48, 0x8c48, 0x8c48, 0x8c48, 0x8c48, 0x8c48, 0x8c48, 
  0x8c48, 0x8c48, 0x8c48, 0x8c48, 0x8c48, 0x8c48, 0x8c48, 0x8c48, 0x8c48, 0x8c48, 0x8c48, 0x8c48, 
  0x8c48, 0x8c48, 0x8c48, 0x8c48, 0x8c48, 0x8c48, 0x8c48, 0x8c48, 0x8c48, 0x8c48, 0x8c48, 0x8c48, 
  0x8c48, 0x8c48, 0x8c48, 0x8c48, 0x8c48, 0x8c48, 0x8c48, 0x8c48, 0x8c48, 0x8c48, 0x8c48, 0x8c48, 
  0x8c48, 0x8c48, 0x8c48, 0x8c48, 0x8c48, 0x8c48, 0x8c48, 0x8c48, 0x8c48, 0x8c48, 0x8c48, 0x8c48, 
  0x8c48, 0x8c48, 0x8c48, 0x8c48, 0x8c48, 0x8c48, 0x8c48, 0x8c48, 0x8c48, 0x8c48, 0x8c48, 0x8c48, 
  0x8c48, 0x8c48, 0x8c48, 0x8c48, 0x8c48, 0x8c48, 0x8c48, 0x8c48, 0x8c48, 0x8c48, 0x8c48, 0x8c48, 
  0x8c48, 0x8c48, 0x8c48, 0x8c48, 0x8c48, 0x8c48, 0x8c48, 0x8c48, 0x8c48, 0x8c48, 0x8c48, 0x8c48, 
  0x94a9, 0x94a9, 0x94a9, 0x94a9, 0x8c48, 0x8c48, 0x8c48, 0x8c48, 0x8c48, 0x8c48, 0x8c48, 0x8c48, 
  0x8c48, 0x8c48, 0x94a9, 0x94a9, 0x8c48, 0x8c48, 0x8c48, 0x8c48, 0x8c48, 0x8c48, 0x8c48, 0x8c48, 
  0x8c48, 0x8c48, 0x8c48, 0x8c48, 0x8c48, 0x8c48, 0x8c48, 0x8c48, 0x8c48, 0x8c48, 0x8c48, 0x8c48, 
  0x8c48, 0x8c48, 0x8c48, 0x8c48, 0x8c48, 0x8c48, 0x8c48, 0x8c48, 0x8c48, 0x8c48, 0x8c48, 0x8c48, 
  0x8c48, 0x8c48, 0x8c48, 0x8c48, 0x8c48, 0x8c48, 0x8c48, 0x8c48, 0x8c48, 0x8c48, 0x8c48, 0x8c48, 
  0x8c48, 0x8c48, 0x8c48, 0x8c48, 0x8c48, 0x8c48, 0x8c48, 0x8c48, 0x8c48, 0x8c48, 0x8c48, 0x8c48, 
  0x8c48, 0x8c48, 0x8c48, 0x8c48, 0x8c48, 0x8c48, 0x8c48, 0x8c48, 0x8c48, 0x8c48, 0x8c48, 0x8c48, 
  0x8c48, 0x8c48, 0x8c48, 0x8c48, 0x8c48, 0x8c48, 0x8c48, 0x8c48, 0x8c48, 0x8c48, 0x8c48, 0x8c48, 
  0x8c48, 0x8c48, 0x8c48, 0x8c48, 0x8c48, 0x8c48, 0x8c48, 0x8c48, 0x8c48, 0x8c48, 0x8c48, 0x8c48, 
  0x8c48, 0x8c48, 0x8c48, 0x8c48, 0x8c48, 0x8c48, 0x8c48, 0x8c48, 0x8c48, 0x8c48, 0x8c48, 0x8c48, 
  0x8c48, 0x8c48, 0x8c48, 0x8c48, 0x8c48, 0x8c48, 0x8c48, 0x8c48, 0x8c48, 0x8c48, 0x8c48, 0x8c48, 
  0x8c48, 0x8c48, 0x8c48, 0x8c48, 0x8c48, 0x8c48, 0x8c48, 0x8c48, 0x8c48, 0x8c48, 0x8c48, 0x8c48, 
  0x8c48, 0x8c48, 0x8c48, 0x8c48, 0x8c48, 0x8c48, 0x8c48, 0x8c48, 0x8c48, 0x8c48, 0x8c48, 0x8c48, 
  0x8c48, 0x8c48, 0x8c48, 0x8c48, 0x8c48, 0x8c48, 0x8c48, 0x8c48, 0x8c48, 0x8c48, 0x8c48, 0x8c48, 
  0x8c48, 0x8c48, 0x8c48, 0x8c48, 0x8c48, 0x8c48, 0x8c48, 0x8c48, 0x8c48, 0x8c48, 0x8c48, 0x8c48, 
  0x8c48, 0x8c48, 0x8c48, 0x8c48, 0x8c48, 0x8c48, 0x8c48, 0x8c48, 0x8c48, 0x8c48, 0x8c48, 0x8c48, 
  0x8c48, 0x8c48, 0x8c48, 0x8c48, 0x8c48, 0x8c48, 0x8c48, 0x8c48, 0x8c48, 0x8c48, 0x8c48, 0x8c48, 
  0x8c48, 0x8c48, 0x8c48, 0x8c48, 0x8c48, 0x8c48, 0x8c48, 0x8c48, 0x8c48, 0x8c48, 0x8c48, 0x8c48, 
  0x8c48, 0x8c48, 0x8c48, 0x8c48, 0x8c48, 0x8c48, 0x8c48, 0x8c48, 0x8c48, 0x8c48, 0x8c48, 0x8c48, 
  0x8c48, 0x8c48, 0x8c48, 0x8c48, 0x8c48, 0x8c48, 0x8c48, 0x8c48, 0x8c48, 0x8c48, 0x8c48, 0x8c48, 
  0x8c48, 0x8c48, 0x8c48, 0x8c48, 0x8c48, 0x8c48, 0x8c48, 0x8c48, 0x8c48, 0x8c48, 0x8c48, 0x8c48, 
  0x8c48, 0x8c48, 0x8c48, 0x8c48, 0x8c48, 0x8c48, 0x8c48, 0x8c48, 0x8c48, 0x8c48, 0x8c48, 0x8c48, 
  0x8c48, 0x8c48, 0x8c48, 0x8c48, 0x8c48, 0x8c48, 0x8c48, 0x8c48, 0x8c48, 0x8c48, 0x8c48, 0x8c48, 
  0x8c48, 0x8c48, 0x8c48, 0x8c48, 0x8c48, 0x8c48, 0x94a9, 0x94a9, 0x8c88, 0x8c88, 0x8c88, 0x8c88, 
  0x8c48, 0x8c48, 0x8c88, 0x8c88, 0x94a9, 0x94a9, 0x8c48, 0x8c48, 0x8c48, 0x8c48, 0x8c48, 0x8c48, 
  0x8c48, 0x8c48, 0x8c48, 0x8c48, 0x8c48, 0x8c48, 0x8c48, 0x8c48, 0x8c48, 0x8c48, 0x8c48, 0x8c48, 
  0x8c48, 0x8c48, 0x8c48, 0x8c48, 0x8c48, 0x8c48, 0x8c48, 0x8c48, 0x8c48, 0x8c48, 0x8c48, 0x8c48, 
  0x8c48, 0x8c48, 0x8c48, 0x8c48, 0x8c48, 0x8c48, 0x8c48, 0x8c48, 0x8c48, 0x8c48, 0x8c48, 0x8c48, 
  0x8c48, 0x8c48, 0x8c48, 0x8c48, 0x8c48, 0x8c48, 0x8c48, 0x8c48, 0x8c48, 0x8c48, 0x8c48, 0x8c48, 
  0x8c48, 0x8c48, 0x8c48, 0x8c48, 0x8c48, 0x8c48, 0x8c48, 0x8c48, 0x8c48, 0x8c48, 0x8c48, 0x8c48, 
  0x8c48, 0x8c48, 0x8c48, 0x8c48, 0x8c48, 0x8c48, 0x8c48, 0x8c48, 0x8c48, 0x8c48, 0x8c48, 0x8c48, 
  0x8c48, 0x8c48, 0x8c48, 0x8c48, 0x8c48, 0x8c48, 0x8c48, 0x8c48, 0x8c48, 0x8c48, 0x8c48, 0x8c48, 
  0x8c48, 0x8c48, 0x8c48, 0x8c48, 0x8c48, 0x8c48, 0x8c48, 0x8c48, 0x8c48, 0x8c48, 0x8c48, 0x8c48, 
  0x8c48, 0x8c48, 0x8c48, 0x8c48, 0x8c48, 0x8c48, 0x8c48, 0x8c48, 0x8c48, 0x8c48, 0x8c48, 0x8c48, 
  0x8c48, 0x8c48, 0x8c48, 0x8c48, 0x8c48, 0x8c48, 0x8c48, 0x8c48, 0x8c48, 0x8c48, 0x8c48, 0x8c48, 
  0x8c48, 0x8c48, 0x8c48, 0x8c48, 0x8c48, 0x8c48, 0x8c48, 0x8c48, 0x8c48, 0x8c48, 0x8c48, 0x8c48, 
  0x8c48, 0x8c48, 0x8c48, 0x8c48, 0x8c48, 0x8c48, 0x8c48, 0x8c48, 0x8c48, 0x8c48, 0x8c48, 0x8c48, 
  0x8c48, 0x8c48, 0x8c48, 0x8c48, 0x8c48, 0x8c48, 0x8c48, 0x8c48, 0x8c48, 0x8c48, 0x8c48, 0x8c48, 
  0x8c48, 0x8c48, 0x8c48, 0x8c48, 0x8c48, 0x8c48, 0x8c48, 0x8c48, 0x8c48, 0x8c48, 0x8c48, 0x8c48, 
  0x8c48, 0x8c48, 0x8c48, 0x8c48, 0x8c48, 0x8c48, 0x8c48, 0x8c48, 0x8c48, 0x8c48, 0x8c48, 0x8c48, 
  0x8c48, 0x8c48, 0x8c48, 0x8c48, 0x8c48, 0x8c48, 0x8c48, 0x8c48, 0x8c48, 0x8c48, 0x8c48, 0x8c48, 
  0x8c48, 0x8c48, 0x8c48, 0x8c48, 0x8c48, 0x8c48, 0x8c48, 0x8c48, 0x8c48, 0x8c48, 0x8c48, 0x8c48, 
  0x8c48, 0x8c48, 0x8c48, 0x8c48, 0x8c48, 0x8c48, 0x8c48, 0x8c48, 0x8c48, 0x8c48, 0x8c48, 0x8c48, 
  0x8c48, 0x8c48, 0x8c48, 0x8c48, 0x8c48, 0x8c48, 0x8c48, 0x8c48, 0x8c48, 0x8c48, 0x8c48, 0x8c48, 
  0x8c48, 0x8c48, 0x8c48, 0x8c48, 0x8c48, 0x8c48, 0x8c48, 0x8c48, 0x8c48, 0x8c48, 0x8c48, 0x8c48, 
  0x8c48, 0x8c48, 0x8c48, 0x8c48, 0x8c48, 0x8c48, 0x8c48, 0x8c48, 0x8c48, 0x8c48, 0x8c48, 0x8c48, 
  0x8c48, 0x8c48, 0x8c48, 0x8c48, 0x8c48, 0x8c48, 0x8c48, 0x8c48, 0x8c48, 0x8c48, 0x94a9, 0x94a9, 
  0x8c88, 0x8c88, 0x8c88, 0x8c88, 0x8c48, 0x8c48, 0x8c88, 0x8c88, 0x94a9, 0x94a9, 0x8c48, 0x8c48, 
  0x8c48, 0x8c48, 0x8c48, 0x8c48, 0x8c48, 0x8c48, 0x8c48, 0x8c48, 0x8c48, 0x8c48, 0x8c48, 0x8c48, 
  0x8c48, 0x8c48, 0x8c48, 0x8c48, 0x8c48, 0x8c48, 0x8c48, 0x8c48, 0x8c48, 0x8c48, 0x8c48, 0x8c48, 
  0x8c48, 0x8c48, 0x8c48, 0x8c48, 0x8c48, 0x8c48, 0x8c48, 0x8c48, 0x8c48, 0x8c48, 0x8c48, 0x8c48, 
  0x8c48, 0x8c48, 0x8c48, 0x8c48, 0x8c48, 0x8c48, 0x8c48, 0x8c48, 0x8c48, 0x8c48, 0x8c48, 0x8c48, 
  0x8c48, 0x8c48, 0x8c48, 0x8c48, 0x8c48, 0x8c48, 0x8c48, 0x8c48, 0x8c48, 0x8c48, 0x8c48, 0x8c48, 
  0x8c48, 0x8c48, 0x8c48, 0x8c48, 0x8c48, 0x8c48, 0x8c48, 0x8c48, 0x8c48, 0x8c48, 0x8c48, 0x8c48, 
  0x8c48, 0x8c48, 0x8c48, 0x8c48, 0x8c48, 0x8c48, 0x8c48, 0x8c48, 0x8c48, 0x8c48, 0x8c48, 0x8c48, 
  0x8c48, 0x8c48, 0x8c48, 0x8c48, 0x8c48, 0x8c48, 0x8c48, 0x8c48, 0x8c48, 0x8c48, 0x8c48, 0x8c48, 
  0x8c48, 0x8c48, 0x8c48, 0x8c48, 0x8c48, 0x8c48, 0x8c48, 0x8c48, 0x8c48, 0x8c48, 0x8c48, 0x8c48, 
  0x8c48, 0x8c48, 0x8c48, 0x8c48, 0x8c48, 0x8c48, 0x8c48, 0x8c48, 0x8c48, 0x8c48, 0x8c48, 0x8c48, 
  0x8c48, 0x8c48, 0x8c48, 0x8c48, 0x8c48, 0x8c48, 0x8c48, 0x8c48, 0x8c48, 0x8c48, 0x8c48, 0x8c48, 
  0x8c48, 0x8c48, 0x8c48, 0x8c48, 0x8c48, 0x8c48, 0x8c48, 0x8c48, 0x8c48, 0x8c48, 0x8c48, 0x8c48, 
  0x8c48, 0x8c48, 0x8c48, 0x8c48, 0x8c48, 0x8c48, 0x8c48, 0x8c48, 0x8c48, 0x8c48, 0x8c48, 0x8c48, 
  0x8c48, 0x8c48, 0x8c48, 0x8c48, 0x8c48, 0x8c48, 0x8c48, 0x8c48, 0x8c48, 0x8c48, 0x8c48, 0x8c48, 
  0x8c48, 0x8c48, 0x8c48, 0x8c48, 0x8c48, 0x8c48, 0x8c48, 0x8c48, 0x8c48, 0x8c48, 0x8c48, 0x8c48, 
  0x8c48, 0x8c48, 0x8c48, 0x8c48, 0x8c48, 0x8c48, 0x8c48, 0x8c48, 0x8c48, 0x8c48, 0x8c48, 0x8c48, 
  0x8c48, 0x8c48, 0x8c48, 0x8c48, 0x8c48, 0x8c48, 0x8c48, 0x8c48, 0x8c48, 0x8c48, 0x8c48, 0x8c48, 
  0x8c48, 0x8c48, 0x8c48, 0x8c48, 0x8c48, 0x8c48, 0x8c48, 0x8c48, 0x8c48, 0x8c48, 0x8c48, 0x8c48, 
  0x8c48, 0x8c48, 0x8c48, 0x8c48, 0x8c48, 0x8c48, 0x8c48, 0x8c48, 0x8c48, 0x8c48, 0x8c48, 0x8c48, 
  0x8c48, 0x8c48, 0x8c48, 0x8c48, 0x8c48, 0x8c48, 0x8c48, 0x8c48, 0x8c48, 0x8c48, 0x8c48, 0x8c48, 
  0x8c48, 0x8c48, 0x8c48, 0x8c48, 0x8c48, 0x8c48, 0x8c48, 0x8c48, 0x8c48, 0x8c48, 0x8c48, 0x8c48, 
  0x8c48, 0x8c48, 0x8c48, 0x8c48, 0x8c48, 0x8c48, 0x8c48, 0x8c48, 0x8c88, 0x8c88, 0x94a9, 0x94a9, 
  0x94a9, 0x94a9, 0x7c27, 0x7c27, 0x8c88, 0x8c88, 0x7c27, 0x7c27, 0x8c88, 0x8c88, 0x8c88, 0x8c88, 
  0x7c27, 0x7c27, 0x8c48, 0x8c48, 0x8c48, 0x8c48, 0x8c48, 0x8c48, 0x8c48, 0x8c48, 0x8c48, 0x8c48, 
  0x8c48, 0x8c48, 0x8c48, 0x8c48, 0x8c48, 0x8c48, 0x8c48, 0x8c48, 0x8c48, 0x8c48, 0x8c48, 0x8c48, 
  0x8c48, 0x8c48, 0x8c48, 0x8c48, 0x8c48, 0x8c48, 0x8c48, 0x8c48, 0x8c48, 0x8c48, 0x8c48, 0x8c48, 
  0x8c48, 0x8c48, 0x8c48, 0x8c48, 0x8c48, 0x8c48, 0x8c48, 0x8c48, 0x8c48, 0x8c48, 0x8c48, 0x8c48, 
  0x8c48, 0x8c48, 0x8c48, 0x8c48, 0x8c48, 0x8c48, 0x8c48, 0x8c48, 0x8c48, 0x8c48, 0x8c48, 0x8c48, 
  0x8c48, 0x8c48, 0x8c48, 0x8c48, 0x8c48, 0x8c48, 0x8c48, 0x8c48, 0x8c48, 0x8c48, 0x8c48, 0x8c48, 
  0x8c48, 0x8c48, 0x8c48, 0x8c48, 0x8c48, 0x8c48, 0x8c48, 0x8c48, 0x8c48, 0x8c48, 0x8c48, 0x8c48, 
  0x8c48, 0x8c48, 0x8c48, 0x8c48, 0x8c48, 0x8c48, 0x8c48, 0x8c48, 0x8c48, 0x8c48, 0x8c48, 0x8c48, 
  0x8c48, 0x8c48, 0x8c48, 0x8c48, 0x8c48, 0x8c48, 0x8c48, 0x8c48, 0x8c48, 0x8c48, 0x8c48, 0x8c48, 
  0x8c48, 0x8c48, 0x8c48, 0x8c48, 0x8c48, 0x8c48, 0x8c48, 0x8c48, 0x8c48, 0x8c48, 0x8c48, 0x8c48, 
  0x8c48, 0x8c48, 0x8c48, 0x8c48, 0x8c48, 0x8c48, 0x8c48, 0x8c48, 0x8c48, 0x8c48, 0x8c48, 0x8c48, 
  0x8c48, 0x8c48, 0x8c48, 0x8c48, 0x8c48, 0x8c48, 0x8c48, 0x8c48, 0x8c48, 0x8c48, 0x8c48, 0x8c48, 
  0x8c48, 0x8c48, 0x8c48, 0x8c48, 0x8c48, 0x8c48, 0x8c48, 0x8c48, 0x8c48, 0x8c48, 0x8c48, 0x8c48, 
  0x8c48, 0x8c48, 0x8c48, 0x8c48, 0x8c48, 0x8c48, 0x8c48, 0x8c48, 0x8c48, 0x8c48, 0x8c48, 0x8c48, 
  0x8c48, 0x8c48, 0x8c48, 0x8c48, 0x8c48, 0x8c48, 0x8c48, 0x8c48, 0x8c48, 0x8c48, 0x8c48, 0x8c48, 
  0x8c48, 0x8c48, 0x8c48, 0x8c48, 0x8c48, 0x8c48, 0x8c48, 0x8c48, 0x8c48, 0x8c48, 0x8c48, 0x8c48, 
  0x8c48, 0x8c48, 0x8c48, 0x8c48, 0x8c48, 0x8c48, 0x8c48, 0x8c48, 0x8c48, 0x8c48, 0x8c48, 0x8c48, 
  0x8c48, 0x8c48, 0x8c48, 0x8c48, 0x8c48, 0x8c48, 0x8c48, 0x8c48, 0x8c48, 0x8c48, 0x8c48, 0x8c48, 
  0x8c48, 0x8c48, 0x8c48, 0x8c48, 0x8c48, 0x8c48, 0x8c48, 0x8c48, 0x8c48, 0x8c48, 0x8c48, 0x8c48, 
  0x8c48, 0x8c48, 0x8c48, 0x8c48, 0x8c48, 0x8c48, 0x8c48, 0x8c48, 0x8c48, 0x8c48, 0x8c48, 0x8c48, 
  0x8c48, 0x8c48, 0x8c48, 0x8c48, 0x8c48, 0x8c48, 0x8c48, 0x8c48, 0x8c48, 0x8c48, 0x8c48, 0x8c48, 
  0x8c48, 0x8c48, 0x8c48, 0x8c48, 0x8c48, 0x8c48, 0x8c48, 0x8c48, 0x8c48, 0x8c48, 0x8c48, 0x8c48, 
  0x8c88, 0x8c88, 0x94a9, 0x94a9, 0x94a9, 0x94a9, 0x7c27, 0x7c27, 0x8c88, 0x8c88, 0x7c27, 0x7c27, 
  0x8c88, 0x8c88, 0x8c88, 0x8c88, 0x7c27, 0x7c27, 0x8c48, 0x8c48, 0x8c48, 0x8c48, 0x8c48, 0x8c48, 
  0x8c48, 0x8c48, 0x8c48, 0x8c48, 0x8c48, 0x8c48, 0x8c48, 0x8c48, 0x8c48, 0x8c48, 0x8c48, 0x8c48, 
  0x8c48, 0x8c48, 0x8c48, 0x8c48, 0x8c48, 0x8c48, 0x8c48, 0x8c48, 0x8c48, 0x8c48, 0x8c48, 0x8c48, 
  0x8c48, 0x8c48, 0x8c48, 0x8c48, 0x8c48, 0x8c48, 0x8c48, 0x8c48, 0x8c48, 0x8c48, 0x8c48, 0x8c48, 
  0x8c48, 0x8c48, 0x8c48, 0x8c48, 0x8c48, 0x8c48, 0x8c48, 0x8c48, 0x8c48, 0x8c48, 0x8c48, 0x8c48, 
  0x8c48, 0x8c48, 0x8c48, 0x8c48, 0x8c48, 0x8c48, 0x8c48, 0x8c48, 0x8c48, 0x8c48, 0x8c48, 0x8c48, 
  0x8c48, 0x8c48, 0x8c48, 0x8c48, 0x8c48, 0x8c48, 0x8c48, 0x8c48, 0x8c48, 0x8c48, 0x8c48, 0x8c48, 
  0x8c48, 0x8c48, 0x8c48, 0x8c48, 0x8c48, 0x8c48, 0x8c48, 0x8c48, 0x8c48, 0x8c48, 0x8c48, 0x8c48, 
  0x8c48, 0x8c48, 0x8c48, 0x8c48, 0x8c48, 0x8c48, 0x8c48, 0x8c48, 0x8c48, 0x8c48, 0x8c48, 0x8c48, 
  0x8c48, 0x8c48, 0x8c48, 0x8c48, 0x8c48, 0x8c48, 0x8c48, 0x8c48, 0x8c48, 0x8c48, 0x8c48, 0x8c48, 
  0x8c48, 0x8c48, 0x8c48, 0x8c48, 0x8c48, 0x8c48, 0x8c48, 0x8c48, 0x8c48, 0x8c48, 0x8c48, 0x8c48, 
  0x8c48, 0x8c48, 0x8c48, 0x8c48, 0x8c48, 0x8c48, 0x8c48, 0x8c48, 0x8c48, 0x8c48, 0x8c48, 0x8c48, 
  0x8c48, 0x8c48, 0x8c48, 0x8c48, 0x8c48, 0x8c48, 0x8c48, 0x8c48, 0x8c48, 0x8c48, 0x8c48, 0x8c48, 
  0x8c48, 0x8c48, 0x8c48, 0x8c48, 0x8c48, 0x8c48, 0x8c48, 0x8c48, 0x8c48, 0x8c48, 0x8c48, 0x8c48, 
  0x8c48, 0x8c48, 0x8c48, 0x8c48, 0x8c48, 0x8c48, 0x8c48, 0x8c48, 0x8c48, 0x8c48, 0x8c48, 0x8c48, 
  0x8c48, 0x8c48, 0x8c48, 0x8c48, 0x8c48, 0x8c48, 0x8c48, 0x8c48, 0x8c48, 0x8c48, 0x8c48, 0x8c48, 
  0x8c48, 0x8c48, 0x8c48, 0x8c48, 0x8c48, 0x8c48, 0x8c48, 0x8c48, 0x8c48, 0x8c48, 0x8c48, 0x8c48, 
  0x8c48, 0x8c48, 0x8c48, 0x8c48, 0x8c48, 0x8c48, 0x8c48, 0x8c48, 0x8c48, 0x8c48, 0x8c48, 0x8c48, 
  0x8c48, 0x8c48, 0x8c48, 0x8c48, 0x8c48, 0x8c48, 0x8c48, 0x8c48, 0x8c48, 0x8c48, 0x8c48, 0x8c48, 
  0x8c48, 0x8c48, 0x8c48, 0x8c48, 0x8c48, 0x8c48, 0x8c48, 0x8c48, 0x8c48, 0x8c48, 0x8c48, 0x8c48, 
  0x8c48, 0x8c48, 0x8c48, 0x8c48, 0x8c48, 0x8c48, 0x8c48, 0x8c48, 0x8c48, 0x8c48, 0x8c48, 0x8c48, 
  0x8c48, 0x8c48, 0x8c48, 0x8c48, 0x8c48, 0x8c48, 0x8c48, 0x8c48, 0x8c48, 0x8c48, 0x8c48, 0x8c48, 
  0x8c48, 0x8c48, 0x8c48, 0x8c48, 0x8c48, 0x8c48, 0x94a9, 0x94a9, 0x8c88, 0x8c88, 0x8c88, 0x8c88, 
  0x7c27, 0x7c27, 0x7c27, 0x7c27, 0x8c88, 0x8c88, 0x8c88, 0x8c88, 0x7c27, 0x7c27, 0x8c48, 0x8c48, 
  0x8c48, 0x8c48, 0x8c48, 0x8c48, 0x8c48, 0x8c48, 0x8c48, 0x8c48, 0x8c48, 0x8c48, 0x8c48, 0x8c48, 
  0x8c48, 0x8c48, 0x8c48, 0x8c48, 0x8c48, 0x8c48, 0x8c48, 0x8c48, 0x8c48, 0x8c48, 0x8c48, 0x8c48, 
  0x8c48, 0x8c48, 0x8c48, 0x8c48, 0x8c48, 0x8c48, 0x8c48, 0x8c48, 0x8c48, 0x8c48, 0x8c48, 0x8c48, 
  0x8c48, 0x8c48, 0x8c48, 0x8c48, 0x8c48, 0x8c48, 0x8c48, 0x8c48, 0x8c48, 0x8c48, 0x8c48, 0x8c48, 
  0x8c48, 0x8c48, 0x8c48, 0x8c48, 0x8c48, 0x8c48, 0x8c48, 0x8c48, 0x8c48, 0x8c48, 0x8c48, 0x8c48, 
  0x8c48, 0x8c48, 0x8c48, 0x8c48, 0x8c48, 0x8c48, 0x8c48, 0x8c48, 0x8c48, 0x8c48, 0x8c48, 0x8c48, 
  0x8c48, 0x8c48, 0x8c48, 0x8c48, 0x8c48, 0x8c48, 0x8c48, 0x8c48, 0x8c48, 0x8c48, 0x8c48, 0x8c48, 
  0x8c48, 0x8c48, 0x8c48, 0x8c48, 0x8c48, 0x8c48, 0x8c48, 0x8c48, 0x8c48, 0x8c48, 0x8c48, 0x8c48, 
  0x8c48, 0x8c48, 0x8c48, 0x8c48, 0x8c48, 0x8c48, 0x8c48, 0x8c48, 0x8c48, 0x8c48, 0x8c48, 0x8c48, 
  0x8c48, 0x8c48, 0x8c48, 0x8c48, 0x8c48, 0x8c48, 0x8c48, 0x8c48, 0x8c48, 0x8c48, 0x8c48, 0x8c48, 
  0x8c48, 0x8c48, 0x8c48, 0x8c48, 0x8c48, 0x8c48, 0x8c48, 0x8c48, 0x8c48, 0x8c48, 0x8c48, 0x8c48, 
  0x8c48, 0x8c48, 0x8c48, 0x8c48, 0x8c48, 0x8c48, 0x8c48, 0x8c48, 0x8c48, 0x8c48, 0x8c48, 0x8c48, 
  0x8c48, 0x8c48, 0x8c48, 0x8c48, 0x8c48, 0x8c48, 0x8c48, 0x8c48, 0x8c48, 0x8c48, 0x8c48, 0x8c48, 
  0x8c48, 0x8c48, 0x8c48, 0x8c48, 0x8c48, 0x8c48, 0x8c48, 0x8c48, 0x8c48, 0x8c48, 0x8c48, 0x8c48, 
  0x8c48, 0x8c48, 0x8c48, 0x8c48, 0x8c48, 0x8c48, 0x8c48, 0x8c48, 0x8c48, 0x8c48, 0x8c48, 0x8c48, 
  0x8c48, 0x8c48, 0x8c48, 0x8c48, 0x8c48, 0x8c48, 0x8c48, 0x8c48, 0x8c48, 0x8c48, 0x8c48, 0x8c48, 
  0x8c48, 0x8c48, 0x8c48, 0x8c48, 0x8c48, 0x8c48, 0x8c48, 0x8c48, 0x8c48, 0x8c48, 0x8c48, 0x8c48, 
  0x8c48, 0x8c48, 0x8c48, 0x8c48, 0x8c48, 0x8c48, 0x8c48, 0x8c48, 0x8c48, 0x8c48, 0x8c48, 0x8c48, 
  0x8c48, 0x8c48, 0x8c48, 0x8c48, 0x8c48, 0x8c48, 0x8c48, 0x8c48, 0x8c48, 0x8c48, 0x8c48, 0x8c48, 
  0x8c48, 0x8c48, 0x8c48, 0x8c48, 0x8c48, 0x8c48, 0x8c48, 0x8c48, 0x8c48, 0x8c48, 0x8c48, 0x8c48, 
  0x8c48, 0x8c48, 0x8c48, 0x8c48, 0x8c48, 0x8c48, 0x8c48, 0x8c48, 0x8c48, 0x8c48, 0x8c48, 0x8c48, 
  0x8c48, 0x8c48, 0x8c48, 0x8c48, 0x8c48, 0x8c48, 0x8c48, 0x8c48, 0x8c48, 0x8c48, 0x94a9, 0x94a9, 
  0x8c88, 0x8c88, 0x8c88, 0x8c88, 0x7c27, 0x7c27, 0x7c27, 0x7c27, 0x8c88, 0x8c88, 0x8c88, 0x8c88, 
  0x7c27, 0x7c27, 0x8c48, 0x8c48, 0x8c48, 0x8c48, 0x8c48, 0x8c48, 0x8c48, 0x8c48, 0x8c48, 0x8c48, 
  0x8c48, 0x8c48, 0x8c48, 0x8c48, 0x8c48, 0x8c48, 0x8c48, 0x8c48, 0x8c48, 0x8c48, 0x8c48, 0x8c48, 
  0x8c48, 0x8c48, 0x8c48, 0x8c48, 0x8c48, 0x8c48, 0x8c48, 0x8c48, 0x8c48, 0x8c48, 0x8c48, 0x8c48, 
  0x8c48, 0x8c48, 0x8c48, 0x8c48, 0x8c48, 0x8c48, 0x8c48, 0x8c48, 0x8c48, 0x8c48, 0x8c48, 0x8c48, 
  0x8c48, 0x8c48, 0x8c48, 0x8c48, 0x8c48, 0x8c48, 0x8c48, 0x8c48, 0x8c48, 0x8c48, 0x8c48, 0x8c48, 
  0x8c48, 0x8c48, 0x8c48, 0x8c48, 0x8c48, 0x8c48, 0x8c48, 0x8c48, 0x8c48, 0x8c48, 0x8c48, 0x8c48, 
  0x8c48, 0x8c48, 0x8c48, 0x8c48, 0x8c48, 0x8c48, 0x8c48, 0x8c48, 0x8c48, 0x8c48, 0x8c48, 0x8c48, 
  0x8c48, 0x8c48, 0x8c48, 0x8c48, 0x8c48, 0x8c48, 0x8c48, 0x8c48, 0x8c48, 0x8c48, 0x8c48, 0x8c48, 
  0x8c48, 0x8c48, 0x8c48, 0x8c48, 0x8c48, 0x8c48, 0x8c48, 0x8c48, 0x8c48, 0x8c48, 0x8c48, 0x8c48, 
  0x8c48, 0x8c48, 0x8c48, 0x8c48, 0x8c48, 0x8c48, 0x8c48, 0x8c48, 0x8c48, 0x8c48, 0x8c48, 0x8c48, 
  0x8c48, 0x8c48, 0x8c48, 0x8c48, 0x8c48, 0x8c48, 0x8c48, 0x8c48, 0x8c48, 0x8c48, 0x8c48, 0x8c48, 
  0x8c48, 0x8c48, 0x8c48, 0x8c48, 0x8c48, 0x8c48, 0x8c48, 0x8c48, 0x8c48, 0x8c48, 0x8c48, 0x8c48, 
  0x8c48, 0x8c48, 0x8c48, 0x8c48, 0x8c48, 0x8c48, 0x8c48, 0x8c48, 0x8c48, 0x8c48, 0x8c48, 0x8c48, 
  0x8c48, 0x8c48, 0x8c48, 0x8c48, 0x8c48, 0x8c48, 0x8c48, 0x8c48, 0x8c48, 0x8c48, 0x8c48, 0x8c48, 
  0x8c48, 0x8c48, 0x8c48, 0x8c48, 0x8c48, 0x8c48, 0x8c88, 0x8c88, 0x94a8, 0x94a8, 0x94a8, 0x94a8, 
  0x8c48, 0x8c48, 0x8c48, 0x8c48, 0x8c48, 0x8c48, 0x8c48, 0x8c48, 0x8c48, 0x8c48, 0x8c48, 0x8c48, 
  0x8c48, 0x8c48, 0x8c48, 0x8c48, 0x8c48, 0x8c48, 0x8c48, 0x8c48, 0x8c48, 0x8c48, 0x8c48, 0x8c48, 
  0x8c48, 0x8c48, 0x8c48, 0x8c48, 0x8c48, 0x8c48, 0x8c48, 0x8c48, 0x8c48, 0x8c48, 0x8c48, 0x8c48, 
  0x8c48, 0x8c48, 0x8c48, 0x8c48, 0x8c48, 0x8c48, 0x8c48, 0x8c48, 0x8c48, 0x8c48, 0x8c48, 0x8c48, 
  0x8c48, 0x8c48, 0x8c48, 0x8c48, 0x8c48, 0x8c48, 0x8c48, 0x8c48, 0x8c48, 0x8c48, 0x8c48, 0x8c48, 
  0x8c48, 0x8c48, 0x8c48, 0x8c48, 0x8c48, 0x8c48, 0x8c48, 0x8c48, 0x8c48, 0x8c48, 0x8c48, 0x8c48, 
  0x8c48, 0x8c48, 0x8c48, 0x8c48, 0x8c48, 0x8c48, 0x8c48, 0x8c48, 0x8c48, 0x8c48, 0x8c48, 0x8c48, 
  0x8c48, 0x8c48, 0x7c27, 0x7c27, 0x8c88, 0x8c88, 0x8c88, 0x8c88, 0x8c48, 0x8c48, 0x8c48, 0x8c48, 
  0x8c88, 0x8c88, 0x7c27, 0x7c27, 0x8c48, 0x8c48, 0x8c48, 0x8c48, 0x8c48, 0x8c48, 0x8c48, 0x8c48, 
  0x8c48, 0x8c48, 0x8c48, 0x8c48, 0x8c48, 0x8c48, 0x8c48, 0x8c48, 0x8c48, 0x8c48, 0x8c48, 0x8c48, 
  0x8c48, 0x8c48, 0x8c48, 0x8c48, 0x8c48, 0x8c48, 0x8c48, 0x8c48, 0x8c48, 0x8c48, 0x8c48, 0x8c48, 
  0x8c48, 0x8c48, 0x8c48, 0x8c48, 0x8c48, 0x8c48, 0x8c48, 0x8c48, 0x8c48, 0x8c48, 0x8c48, 0x8c48, 
  0x8c48, 0x8c48, 0x8c48, 0x8c48, 0x8c48, 0x8c48, 0x8c88, 0x8c88, 0x94a8, 0x94a8, 0x94a8, 0x94a8, 
  0x8c48, 0x8c48, 0x8c48, 0x8c48, 0x8c48, 0x8c48, 0x8c48, 0x8c48, 0x8c48, 0x8c48, 0x8c48, 0x8c48, 
  0x8c48, 0x8c48, 0x8c48, 0x8c48, 0x8c48, 0x8c48, 0x8c48, 0x8c48, 0x8c48, 0x8c48, 0x8c48, 0x8c48, 
  0x8c48, 0x8c48, 0x8c48, 0x8c48, 0x8c48, 0x8c48, 0x8c48, 0x8c48, 0x8c48, 0x8c48, 0x8c48, 0x8c48, 
  0x8c48, 0x8c48, 0x8c48, 0x8c48, 0x8c48, 0x8c48, 0x8c48, 0x8c48, 0x8c48, 0x8c48, 0x8c48, 0x8c48, 
  0x8c48, 0x8c48, 0x8c48, 0x8c48, 0x8c48, 0x8c48, 0x8c48, 0x8c48, 0x8c48, 0x8c48, 0x8c48, 0x8c48, 
  0x8c48, 0x8c48, 0x8c48, 0x8c48, 0x8c48, 0x8c48, 0x8c48, 0x8c48, 0x8c48, 0x8c48, 0x8c48, 0x8c48, 
  0x8c48, 0x8c48, 0x8c48, 0x8c48, 0x8c48, 0x8c48, 0x8c48, 0x8c48, 0x8c48, 0x8c48, 0x8c48, 0x8c48, 
  0x8c48, 0x8c48, 0x8c48, 0x8c48, 0x8c48, 0x8c48, 0x8c48, 0x8c48, 0x8c48, 0x8c48, 0x8c48, 0x8c48, 
  0x8c48, 0x8c48, 0x8c48, 0x8c48, 0x8c48, 0x8c48, 0x8c48, 0x8c48, 0x8c48, 0x8c48, 0x8c48, 0x8c48, 
  0x8c48, 0x8c48, 0x8c48, 0x8c48, 0x8c48, 0x8c48, 0x8c48, 0x8c48, 0x8c48, 0x8c48, 0x8c88, 0x8c88, 
  0x94a8, 0x94a8, 0x94a8, 0x94a8, 0x8c48, 0x8c48, 0x8c48, 0x8c48, 0x8c48, 0x8c48, 0x8c48, 0x8c48, 
  0x8c48, 0x8c48, 0x8c48, 0x8c48, 0x8c48, 0x8c48, 0x8c48, 0x8c48, 0x8c48, 0x8c48, 0x8c48, 0x8c48, 
  0x8c48, 0x8c48, 0x8c48, 0x8c48, 0x8c48, 0x8c48, 0x8c48, 0x8c48, 0x8c48, 0x8c48, 0x8c48, 0x8c48, 
  0x8c48, 0x8c48, 0x8c48, 0x8c48, 0x8c48, 0x8c48, 0x8c48, 0x8c48, 0x8c48, 0x8c48, 0x8c48, 0x8c48, 
  0x8c48, 0x8c48, 0x8c48, 0x8c48, 0x8c48, 0x8c48, 0x8c48, 0x8c48, 0x8c48, 0x8c48, 0x8c48, 0x8c48, 
  0x8c48, 0x8c48, 0x8c48, 0x8c48, 0x8c48, 0x8c48, 0x8c48, 0x8c48, 0x8c48, 0x8c48, 0x8c48, 0x8c48, 
  0x8c48, 0x8c48, 0x8c48, 0x8c48, 0x8c48, 0x8c48, 0x8c48, 0x8c48, 0x8c48, 0x8c48, 0x8c48, 0x8c48, 
  0x8c48, 0x8c48, 0x8c48, 0x8c48, 0x8c48, 0x8c48, 0x7c27, 0x7c27, 0x8c88, 0x8c88, 0x8c88, 0x8c88, 
  0x8c48, 0x8c48, 0x8c48, 0x8c48, 0x8c88, 0x8c88, 0x7c27, 0x7c27, 0x8c48, 0x8c48, 0x8c48, 0x8c48, 
  0x8c48, 0x8c48, 0x8c48, 0x8c48, 0x8c48, 0x8c48, 0x8c48, 0x8c48, 0x8c48, 0x8c48, 0x8c48, 0x8c48, 
  0x8c48, 0x8c48, 0x8c48, 0x8c48, 0x8c48, 0x8c48, 0x8c48, 0x8c48, 0x8c48, 0x8c48, 0x8c48, 0x8c48, 
  0x8c48, 0x8c48, 0x8c48, 0x8c48, 0x8c48, 0x8c48, 0x8c48, 0x8c48, 0x8c48, 0x8c48, 0x8c48, 0x8c48, 
  0x8c48, 0x8c48, 0x8c48, 0x8c48, 0x8c48, 0x8c48, 0x8c48, 0x8c48, 0x8c48, 0x8c48, 0x8c88, 0x8c88, 
  0x94a8, 0x94a8, 0x94a8, 0x94a8, 0x8c48, 0x8c48, 0x8c48, 0x8c48, 0x8c48, 0x8c48, 0x8c48, 0x8c48, 
  0x8c48, 0x8c48, 0x8c48, 0x8c48, 0x8c48, 0x8c48, 0x8c48, 0x8c48, 0x8c48, 0x8c48, 0x8c48, 0x8c48, 
  0x8c48, 0x8c48, 0x8c48, 0x8c48, 0x8c48, 0x8c48, 0x8c48, 0x8c48, 0x8c48, 0x8c48, 0x8c48, 0x8c48, 
  0x8c48, 0x8c48, 0x8c48, 0x8c48, 0x8c48, 0x8c48, 0x8c48, 0x8c48, 0x8c48, 0x8c48, 0x8c48, 0x8c48, 
  0x8c48, 0x8c48, 0x8c48, 0x8c48, 0x8c48, 0x8c48, 0x8c48, 0x8c48, 0x8c48, 0x8c48, 0x8c48, 0x8c48, 
  0x8c48, 0x8c48, 0x8c48, 0x8c48, 0x8c48, 0x8c48, 0x8c48, 0x8c48, 0x8c48, 0x8c48, 0x8c48, 0x8c48, 
  0x8c48, 0x8c48, 0x8c48, 0x8c48, 0x8c48, 0x8c48, 0x8c48, 0x8c48, 0x8c48, 0x8c48, 0x8c48, 0x8c48, 
  0x8c48, 0x8c48, 0x8c48, 0x8c48, 0x8c48, 0x8c48, 0x8c48, 0x8c48, 0x8c48, 0x8c48, 0x8c48, 0x8c48, 
  0x8c48, 0x8c48, 0x8c48, 0x8c48, 0x8c48, 0x8c48, 0x8c48, 0x8c48, 0x8c48, 0x8c48, 0x8c48, 0x8c48, 
  0x8c48, 0x8c48, 0x8c48, 0x8c48, 0x8c48, 0x8c48, 0x8c48, 0x8c48, 0x8c48, 0x8c48, 0x8c48, 0x8c48, 
  0x8c48, 0x8c48, 0x8c48, 0x8c48, 0x94a8, 0x94a8, 0x8c88, 0x8c88, 0x8c88, 0x8c88, 0x8c48, 0x8c48, 
  0x8c48, 0x8c48, 0x8c48, 0x8c48, 0x8c48, 0x8c48, 0x8c48, 0x8c48, 0x8c48, 0x8c48, 0x8c48, 0x8c48, 
  0x8c48, 0x8c48, 0x8c48, 0x8c48, 0x8c48, 0x8c48, 0x8c48, 0x8c48, 0x8c48, 0x8c48, 0x8c48, 0x8c48, 
  0x8c48, 0x8c48, 0x8c48, 0x8c48, 0x8c48, 0x8c48, 0x8c48, 0x8c48, 0x8c48, 0x8c48, 0x8c48, 0x8c48, 
  0x8c48, 0x8c48, 0x8c48, 0x8c48, 0x8c48, 0x8c48, 0x8c48, 0x8c48, 0x8c48, 0x8c48, 0x8c48, 0x8c48, 
  0x8c48, 0x8c48, 0x8c48, 0x8c48, 0x8c48, 0x8c48, 0x8c48, 0x8c48, 0x8c48, 0x8c48, 0x8c48, 0x8c48, 
  0x8c48, 0x8c48, 0x8c48, 0x8c48, 0x8c48, 0x8c48, 0x8c48, 0x8c48, 0x8c48, 0x8c48, 0x8c48, 0x8c48, 
  0x8c48, 0x8c48, 0x8c48, 0x8c48, 0x8c48, 0x8c48, 0x8c48, 0x8c48, 0x8c48, 0x8c48, 0x8c48, 0x8c48, 
  0x7c27, 0x7c27, 0x8c88, 0x8c88, 0x8c48, 0x8c48, 0x8c48, 0x8c48, 0x8c48, 0x8c48, 0x8c48, 0x8c48, 
  0x8c48, 0x8c48, 0x8c48, 0x8c48, 0x8c48, 0x8c48, 0x8c48, 0x8c48, 0x8c48, 0x8c48, 0x8c48, 0x8c48, 
  0x8c48, 0x8c48, 0x8c48, 0x8c48, 0x8c48, 0x8c48, 0x8c48, 0x8c48, 0x8c48, 0x8c48, 0x8c48, 0x8c48, 
  0x8c48, 0x8c48, 0x8c48, 0x8c48, 0x8c48, 0x8c48, 0x8c48, 0x8c48, 0x8c48, 0x8c48, 0x8c48, 0x8c48, 
  0x8c48, 0x8c48, 0x8c48, 0x8c48, 0x8c48, 0x8c48, 0x8c48, 0x8c48, 0x8c48, 0x8c48, 0x8c48, 0x8c48, 
  0x8c48, 0x8c48, 0x8c48, 0x8c48, 0x94a8, 0x94a8, 0x8c88, 0x8c88, 0x8c88, 0x8c88, 0x8c48, 0x8c48, 
  0x8c48, 0x8c48, 0x8c48, 0x8c48, 0x8c48, 0x8c48, 0x8c48, 0x8c48, 0x8c48, 0x8c48, 0x8c48, 0x8c48, 
  0x8c48, 0x8c48, 0x8c48, 0x8c48, 0x8c48, 0x8c48, 0x8c48, 0x8c48, 0x8c48, 0x8c48, 0x8c48, 0x8c48, 
  0x8c48, 0x8c48, 0x8c48, 0x8c48, 0x8c48, 0x8c48, 0x8c48, 0x8c48, 0x8c48, 0x8c48, 0x8c48, 0x8c48, 
  0x8c48, 0x8c48, 0x8c48, 0x8c48, 0x8c48, 0x8c48, 0x8c48, 0x8c48, 0x8c48, 0x8c48, 0x8c48, 0x8c48, 
  0x8c48, 0x8c48, 0x8c48, 0x8c48, 0x8c48, 0x8c48, 0x8c48, 0x8c48, 0x8c48, 0x8c48, 0x8c48, 0x8c48, 
  0x8c48, 0x8c48, 0x8c48, 0x8c48, 0x8c48, 0x8c48, 0x8c48, 0x8c48, 0x8c48, 0x8c48, 0x8c48, 0x8c48, 
  0x8c48, 0x8c48, 0x8c48, 0x8c48, 0x8c48, 0x8c48, 0x8c48, 0x8c48, 0x8c48, 0x8c48, 0x8c48, 0x8c48, 
  0x8c48, 0x8c48, 0x8c48, 0x8c48, 0x8c48, 0x8c48, 0x8c48, 0x8c48, 0x8c48, 0x8c48, 0x8c48, 0x8c48, 
  0x8c48, 0x8c48, 0x8c48, 0x8c48, 0x8c48, 0x8c48, 0x8c48, 0x8c48, 0x8c48, 0x8c48, 0x8c48, 0x8c48, 
  0x8c48, 0x8c48, 0x8c48, 0x8c48, 0x8c48, 0x8c48, 0x8c48, 0x8c48, 0x94a8, 0x94a8, 0x8c88, 0x8c88, 
  0x8c88, 0x8c88, 0x8c48, 0x8c48, 0x8c48, 0x8c48, 0x8c48, 0x8c48, 0x8c48, 0x8c48, 0x8c48, 0x8c48, 
  0x8c48, 0x8c48, 0x8c48, 0x8c48, 0x8c48, 0x8c48, 0x8c48, 0x8c48, 0x8c48, 0x8c48, 0x8c48, 0x8c48, 
  0x8c48, 0x8c48, 0x8c48, 0x8c48, 0x8c48, 0x8c48, 0x8c48, 0x8c48, 0x8c48, 0x8c48, 0x8c48, 0x8c48, 
  0x8c48, 0x8c48, 0x8c48, 0x8c48, 0x8c48, 0x8c48, 0x8c48, 0x8c48, 0x8c48, 0x8c48, 0x8c48, 0x8c48, 
  0x8c48, 0x8c48, 0x8c48, 0x8c48, 0x8c48, 0x8c48, 0x8c48, 0x8c48, 0x8c48, 0x8c48, 0x8c48, 0x8c48, 
  0x8c48, 0x8c48, 0x8c48, 0x8c48, 0x8c48, 0x8c48, 0x8c48, 0x8c48, 0x8c48, 0x8c48, 0x8c48, 0x8c48, 
  0x8c48, 0x8c48, 0x8c48, 0x8c48, 0x8c48, 0x8c48, 0x8c48, 0x8c48, 0x8c48, 0x8c48, 0x8c48, 0x8c48, 
  0x8c48, 0x8c48, 0x8c48, 0x8c48, 0x7c27, 0x7c27, 0x8c88, 0x8c88, 0x8c48, 0x8c48, 0x8c48, 0x8c48, 
  0x8c48, 0x8c48, 0x8c48, 0x8c48, 0x8c48, 0x8c48, 0x8c48, 0x8c48, 0x8c48, 0x8c48, 0x8c48, 0x8c48, 
  0x8c48, 0x8c48, 0x8c48, 0x8c48, 0x8c48, 0x8c48, 0x8c48, 0x8c48, 0x8c48, 0x8c48, 0x8c48, 0x8c48, 
  0x8c48, 0x8c48, 0x8c48, 0x8c48, 0x8c48, 0x8c48, 0x8c48, 0x8c48, 0x8c48, 0x8c48, 0x8c48, 0x8c48, 
  0x8c48, 0x8c48, 0x8c48, 0x8c48, 0x8c48, 0x8c48, 0x8c48, 0x8c48, 0x8c48, 0x8c48, 0x8c48, 0x8c48, 
  0x8c48, 0x8c48, 0x8c48, 0x8c48, 0x8c48, 0x8c48, 0x8c48, 0x8c48, 0x94a8, 0x94a8, 0x8c88, 0x8c88, 
  0x8c88, 0x8c88, 0x8c48, 0x8c48, 0x8c48, 0x8c48, 0x8c48, 0x8c48, 0x8c48, 0x8c48, 0x8c48, 0x8c48, 
  0x8c48, 0x8c48, 0x8c48, 0x8c48, 0x8c48, 0x8c48, 0x8c48, 0x8c48, 0x8c48, 0x8c48, 0x8c48, 0x8c48, 
  0x8c48, 0x8c48, 0x8c48, 0x8c48, 0x8c48, 0x8c48, 0x8c48, 0x8c48, 0x8c48, 0x8c48, 0x8c48, 0x8c48, 
  0x8c48, 0x8c48, 0x8c48, 0x8c48, 0x8c48, 0x8c48, 0x8c48, 0x8c48, 0x8c48, 0x8c48, 0x8c48, 0x8c48, 
  0x8c48, 0x8c48, 0x8c48, 0x8c48, 0x8c48, 0x8c48, 0x8c48, 0x8c48, 0x8c48, 0x8c48, 0x8c48, 0x8c48, 
  0x8c48, 0x8c48, 0x8c48, 0x8c48, 0x8c48, 0x8c48, 0x8c48, 0x8c48, 0x8c48, 0x8c48, 0x8c48, 0x8c48, 
  0x8c48, 0x8c48, 0x8c48, 0x8c48, 0x8c48, 0x8c48, 0x8c48, 0x8c48, 0x8c48, 0x8c48, 0x8c48, 0x8c48, 
  0x8c48, 0x8c48, 0x8c48, 0x8c48, 0x8c48, 0x8c48, 0x8c48, 0x8c48, 0x8c48, 0x8c48, 0x8c48, 0x8c48, 
  0x8c48, 0x8c48, 0x8c48, 0x8c48, 0x8c48, 0x8c48, 0x8c48, 0x8c48, 0x8c48, 0x8c48, 0x8c48, 0x8c48, 
  0x8c48, 0x8c48, 0x8c48, 0x8c48, 0x8c48, 0x8c48, 0x8c48, 0x8c48, 0x8c48, 0x8c48, 0x8c48, 0x8c48, 
  0x8427, 0x8427, 0x8c88, 0x8c88, 0x8c88, 0x8c88, 0x8c48, 0x8c48, 0x8c48, 0x8c48, 0x8c48, 0x8c48, 
  0x8c48, 0x8c48, 0x8c48, 0x8c48, 0x8c48, 0x8c48, 0x8c48, 0x8c48, 0x8c48, 0x8c48, 0x8c48, 0x8c48, 
  0x8c48, 0x8c48, 0x8c48, 0x8c48, 0x8c48, 0x8c48, 0x8c48, 0x8c48, 0x8c48, 0x8c48, 0x8c48, 0x8c48, 
  0x8c48, 0x8c48, 0x8c48, 0x8c48, 0x8c48, 0x8c48, 0x8c48, 0x8c48, 0x8c48, 0x8c48, 0x8c48, 0x8c48, 
  0x8c48, 0x8c48, 0x8c48, 0x8c48, 0x8c48, 0x8c48, 0x8c48, 0x8c48, 0x8c48, 0x8c48, 0x8c48, 0x8c48, 
  0x8c48, 0x8c48, 0x8c48, 0x8c48, 0x8c48, 0x8c48, 0x8c48, 0x8c48, 0x8c48, 0x8c48, 0x8c48, 0x8c48, 
  0x8c48, 0x8c48, 0x8c48, 0x8c48, 0x8c48, 0x8c48, 0x8c48, 0x8c48, 0x8c48, 0x8c48, 0x8c48, 0x8c48, 
  0x8c48, 0x8c48, 0x8c48, 0x8c48, 0x8c48, 0x8c48, 0x8c48, 0x8c48, 0x8c48, 0x8c48, 0x8c48, 0x8c48, 
  0x8c48, 0x8c48, 0x8c48, 0x8c48, 0x8c48, 0x8c48, 0x8c48, 0x8c48, 0x8c48, 0x8c48, 0x8c48, 0x8c48, 
  0x8c48, 0x8c48, 0x8c48, 0x8c48, 0x8c48, 0x8c48, 0x8c48, 0x8c48, 0x8c48, 0x8c48, 0x8c48, 0x8c48, 
  0x8c48, 0x8c48, 0x8c48, 0x8c48, 0x8c48, 0x8c48, 0x8c48, 0x8c48, 0x8c48, 0x8c48, 0x8c48, 0x8c48, 
  0x8c48, 0x8c48, 0x8c48, 0x8c48, 0x8c48, 0x8c48, 0x8c48, 0x8c48, 0x8c48, 0x8c48, 0x8c48, 0x8c48, 
  0x8c48, 0x8c48, 0x8c48, 0x8c48, 0x8c48, 0x8c48, 0x8c48, 0x8c48, 0x8c48, 0x8c48, 0x8c48, 0x8c48, 
  0x8427, 0x8427, 0x8c88, 0x8c88, 0x8c88, 0x8c88, 0x8c48, 0x8c48, 0x8c48, 0x8c48, 0x8c48, 0x8c48, 
  0x8c48, 0x8c48, 0x8c48, 0x8c48, 0x8c48, 0x8c48, 0x8c48, 0x8c48, 0x8c48, 0x8c48, 0x8c48, 0x8c48, 
  0x8c48, 0x8c48, 0x8c48, 0x8c48, 0x8c48, 0x8c48, 0x8c48, 0x8c48, 0x8c48, 0x8c48, 0x8c48, 0x8c48, 
  0x8c48, 0x8c48, 0x8c48, 0x8c48, 0x8c48, 0x8c48, 0x8c48, 0x8c48, 0x8c48, 0x8c48, 0x8c48, 0x8c48, 
  0x8c48, 0x8c48, 0x8c48, 0x8c48, 0x8c48, 0x8c48, 0x8c48, 0x8c48, 0x8c48, 0x8c48, 0x8c48, 0x8c48, 
  0x8c48, 0x8c48, 0x8c48, 0x8c48, 0x8c48, 0x8c48, 0x8c48, 0x8c48, 0x8c48, 0x8c48, 0x8c48, 0x8c48, 
  0x8c48, 0x8c48, 0x8c48, 0x8c48, 0x8c48, 0x8c48, 0x8c48, 0x8c48, 0x8c48, 0x8c48, 0x8c48, 0x8c48, 
  0x8c48, 0x8c48, 0x8c48, 0x8c48, 0x8c48, 0x8c48, 0x8c48, 0x8c48, 0x8c48, 0x8c48, 0x8c48, 0x8c48, 
  0x8c48, 0x8c48, 0x8c48, 0x8c48, 0x8c48, 0x8c48, 0x8c48, 0x8c48, 0x8c48, 0x8c48, 0x8c48, 0x8c48, 
  0x8c48, 0x8c48, 0x8c48, 0x8c48, 0x8c48, 0x8c48, 0x8c48, 0x8c48, 0x8c48, 0x8c48, 0x8c48, 0x8c48, 
  0x8c48, 0x8c48, 0x8c48, 0x8c48, 0x8427, 0x8427, 0x8c88, 0x8c88, 0x8c88, 0x8c88, 0x8c48, 0x8c48, 
  0x8c48, 0x8c48, 0x8c48, 0x8c48, 0x8c48, 0x8c48, 0x8c48, 0x8c48, 0x8c48, 0x8c48, 0x8c48, 0x8c48, 
  0x8c48, 0x8c48, 0x8c48, 0x8c48, 0x8c48, 0x8c48, 0x8c48, 0x8c48, 0x8c48, 0x8c48, 0x8c48, 0x8c48, 
  0x8c48, 0x8c48, 0x8c48, 0x8c48, 0x8c48, 0x8c48, 0x8c48, 0x8c48, 0x8c48, 0x8c48, 0x8c48, 0x8c48, 
  0x8c48, 0x8c48, 0x8c48, 0x8c48, 0x8c48, 0x8c48, 0x8c48, 0x8c48, 0x8c48, 0x8c48, 0x8c48, 0x8c48, 
  0x8c48, 0x8c48, 0x8c48, 0x8c48, 0x8c48, 0x8c48, 0x8c48, 0x8c48, 0x8c48, 0x8c48, 0x8c48, 0x8c48, 
  0x8c48, 0x8c48, 0x8c48, 0x8c48, 0x8c48, 0x8c48, 0x8c48, 0x8c48, 0x8c48, 0x8c48, 0x8c48, 0x8c48, 
  0x8c48, 0x8c48, 0x8c48, 0x8c48, 0x8c48, 0x8c48, 0x8c48, 0x8c48, 0x8c48, 0x8c48, 0x8c48, 0x8c48, 
  0x8c48, 0x8c48, 0x8c48, 0x8c48, 0x8c48, 0x8c48, 0x8c48, 0x8c48, 0x8c48, 0x8c48, 0x8c48, 0x8c48, 
  0x8c48, 0x8c48, 0x8c48, 0x8c48, 0x8c48, 0x8c48, 0x8c48, 0x8c48, 0x8c48, 0x8c48, 0x8c48, 0x8c48, 
  0x8c48, 0x8c48, 0x8c48, 0x8c48, 0x8c48, 0x8c48, 0x8c48, 0x8c48, 0x8c48, 0x8c48, 0x8c48, 0x8c48, 
  0x8c48, 0x8c48, 0x8c48, 0x8c48, 0x8c48, 0x8c48, 0x8c48, 0x8c48, 0x8c48, 0x8c48, 0x8c48, 0x8c48, 
  0x8c48, 0x8c48, 0x8c48, 0x8c48, 0x8c48, 0x8c48, 0x8c48, 0x8c48, 0x8c48, 0x8c48, 0x8c48, 0x8c48, 
  0x8c48, 0x8c48, 0x8c48, 0x8c48, 0x8427, 0x8427, 0x8c88, 0x8c88, 0x8c88, 0x8c88, 0x8c48, 0x8c48, 
  0x8c48, 0x8c48, 0x8c48, 0x8c48, 0x8c48, 0x8c48, 0x8c48, 0x8c48, 0x8c48, 0x8c48, 0x8c48, 0x8c48, 
  0x8c48, 0x8c48, 0x8c48, 0x8c48, 0x8c48, 0x8c48, 0x8c48, 0x8c48, 0x8c48, 0x8c48, 0x8c48, 0x8c48, 
  0x8c48, 0x8c48, 0x8c48, 0x8c48, 0x8c48, 0x8c48, 0x8c48, 0x8c48, 0x8c48, 0x8c48, 0x8c48, 0x8c48, 
  0x8c48, 0x8c48, 0x8c48, 0x8c48, 0x8c48, 0x8c48, 0x8c48, 0x8c48, 0x8c48, 0x8c48, 0x8c48, 0x8c48, 
  0x8c48, 0x8c48, 0x8c48, 0x8c48, 0x8c48, 0x8c48, 0x8c48, 0x8c48, 0x8c48, 0x8c48, 0x8c48, 0x8c48, 
  0x8c48, 0x8c48, 0x8c48, 0x8c48, 0x8c48, 0x8c48, 0x8c48, 0x8c48, 0x8c48, 0x8c48, 0x8c48, 0x8c48, 
  0x8c48, 0x8c48, 0x8c48, 0x8c48, 0x8c48, 0x8c48, 0x8c48, 0x8c48, 0x8c48, 0x8c48, 0x8c48, 0x8c48, 
  0x8c48, 0x8c48, 0x8c48, 0x8c48, 0x8c48, 0x8c48, 0x8c48, 0x8c48, 0x8c48, 0x8c48, 0x8c48, 0x8c48, 
  0x8c48, 0x8c48, 0x8c48, 0x8c48, 0x8c48, 0x8c48, 0x8c48, 0x8c48, 0x8c48, 0x8c48, 0x8c48, 0x8c48, 
  0x8c48, 0x8c48, 0x8c48, 0x8c48, 0x8c48, 0x8c48, 0x8c48, 0x8c48, 0x8c48, 0x8c48, 0x8427, 0x8427, 
  0x8427, 0x8427, 0x8c48, 0x8c48, 0x8c48, 0x8c48, 0x8c48, 0x8c48, 0x8c48, 0x8c48, 0x8c48, 0x8c48, 
  0x8c48, 0x8c48, 0x8c48, 0x8c48, 0x8c48, 0x8c48, 0x8c48, 0x8c48, 0x8c48, 0x8c48, 0x8c48, 0x8c48, 
  0x8c48, 0x8c48, 0x8c48, 0x8c48, 0x8c48, 0x8c48, 0x8c48, 0x8c48, 0x8c48, 0x8c48, 0x8c48, 0x8c48, 
  0x8c48, 0x8c48, 0x8c48, 0x8c48, 0x8c48, 0x8c48, 0x8c48, 0x8c48, 0x8c48, 0x8c48, 0x8c48, 0x8c48, 
  0x8c48, 0x8c48, 0x8c48, 0x8c48, 0x8c48, 0x8c48, 0x8c48, 0x8c48, 0x8c48, 0x8c48, 0x8c48, 0x8c48, 
  0x8c48, 0x8c48, 0x8c48, 0x8c48, 0x8c48, 0x8c48, 0x8c48, 0x8c48, 0x8c48, 0x8c48, 0x8c48, 0x8c48, 
  0x8c48, 0x8c48, 0x8c48, 0x8c48, 0x8c48, 0x8c48, 0x8c48, 0x8c48, 0x8c48, 0x8c48, 0x8c48, 0x8c48, 
  0x8c48, 0x8c48, 0x8c48, 0x8c48, 0x8c48, 0x8c48, 0x8c48, 0x8c48, 0x8c48, 0x8c48, 0x8c48, 0x8c48, 
  0x8c48, 0x8c48, 0x8c48, 0x8c48, 0x8c48, 0x8c48, 0x8c48, 0x8c48, 0x8c48, 0x8c48, 0x8c48, 0x8c48, 
  0x8c48, 0x8c48, 0x8c48, 0x8c48, 0x8c48, 0x8c48, 0x8c48, 0x8c48, 0x8c48, 0x8c48, 0x8c48, 0x8c48, 
  0x8c48, 0x8c48, 0x8c48, 0x8c48, 0x8c48, 0x8c48, 0x8c48, 0x8c48, 0x8c48, 0x8c48, 0x8c48, 0x8c48, 
  0x8c48, 0x8c48, 0x8c48, 0x8c48, 0x8c48, 0x8c48, 0x8c48, 0x8c48, 0x8c48, 0x8c48, 0x8c48, 0x8c48, 
  0x8c48, 0x8c48, 0x8c48, 0x8c48, 0x8c48, 0x8c48, 0x8c48, 0x8c48, 0x8c48, 0x8c48, 0x8427, 0x8427, 
  0x8427, 0x8427, 0x8c48, 0x8c48, 0x8c48, 0x8c48, 0x8c48, 0x8c48, 0x8c48, 0x8c48, 0x8c48, 0x8c48, 
  0x8c48, 0x8c48, 0x8c48, 0x8c48, 0x8c48, 0x8c48, 0x8c48, 0x8c48, 0x8c48, 0x8c48, 0x8c48, 0x8c48, 
  0x8c48, 0x8c48, 0x8c48, 0x8c48, 0x8c48, 0x8c48, 0x8c48, 0x8c48, 0x8c48, 0x8c48, 0x8c48, 0x8c48, 
  0x8c48, 0x8c48, 0x8c48, 0x8c48, 0x8c48, 0x8c48, 0x8c48, 0x8c48, 0x8c48, 0x8c48, 0x8c48, 0x8c48, 
  0x8c48, 0x8c48, 0x8c48, 0x8c48, 0x8c48, 0x8c48, 0x8c48, 0x8c48, 0x8c48, 0x8c48, 0x8c48, 0x8c48, 
  0x8c48, 0x8c48, 0x8c48, 0x8c48, 0x8c48, 0x8c48, 0x8c48, 0x8c48, 0x8c48, 0x8c48, 0x8c48, 0x8c48, 
  0x8c48, 0x8c48, 0x8c48, 0x8c48, 0x8c48, 0x8c48, 0x8c48, 0x8c48, 0x8c48, 0x8c48, 0x8c48, 0x8c48, 
  0x8c48, 0x8c48, 0x8c48, 0x8c48, 0x8c48, 0x8c48, 0x8c48, 0x8c48, 0x8c48, 0x8c48, 0x8c48, 0x8c48, 
  0x8c48, 0x8c48, 0x8c48, 0x8c48, 0x8c48, 0x8c48, 0x8c48, 0x8c48, 0x8c48, 0x8c48, 0x8c48, 0x8c48, 
  0x8c48, 0x8c48, 0x8c48, 0x8c48, 0x8c48, 0x8c48, 0x8c48, 0x8c48, 0x8c48, 0x8c48, 0x8c48, 0x8c48, 
  0x8c48, 0x8c48, 0x8427, 0x8427, 0x8427, 0x8427, 0x8c48, 0x8c48, 0x8c48, 0x8c48, 0x8c48, 0x8c48, 
  0x8c48, 0x8c48, 0x8c48, 0x8c48, 0x8c48, 0x8c48, 0x8c48, 0x8c48, 0x8c48, 0x8c48, 0x8c48, 0x8c48, 
  0x8c48, 0x8c48, 0x8c48, 0x8c48, 0x8c48, 0x8c48, 0x8c48, 0x8c48, 0x8c48, 0x8c48, 0x8c48, 0x8c48, 
  0x8c48, 0x8c48, 0x8c48, 0x8c48, 0x8c48, 0x8c48, 0x8c48, 0x8c48, 0x8c48, 0x8c48, 0x8c48, 0x8c48, 
  0x8c48, 0x8c48, 0x8c48, 0x8c48, 0x8c48, 0x8c48, 0x8c48, 0x8c48, 0x8c48, 0x8c48, 0x8c48, 0x8c48, 
  0x8c48, 0x8c48, 0x8c48, 0x8c48, 0x8c48, 0x8c48, 0x8c48, 0x8c48, 0x8c48, 0x8c48, 0x8c48, 0x8c48, 
  0x8c48, 0x8c48, 0x8c48, 0x8c48, 0x8c48, 0x8c48, 0x8c48, 0x8c48, 0x8c48, 0x8c48, 0x8c48, 0x8c48, 
  0x8c48, 0x8c48, 0x8c48, 0x8c48, 0x8c48, 0x8c48, 0x8c48, 0x8c48, 0x8c48, 0x8c48, 0x8c48, 0x8c48, 
  0x8c48, 0x8c48, 0x8c48, 0x8c48, 0x8c48, 0x8c48, 0x8c48, 0x8c48, 0x8c48, 0x8c48, 0x8c48, 0x8c48, 
  0x8c48, 0x8c48, 0x8c48, 0x8c48, 0x8c48, 0x8c48, 0x8c48, 0x8c48, 0x8c48, 0x8c48, 0x8c48, 0x8c48, 
  0x8c48, 0x8c48, 0x8c48, 0x8c48, 0x8c48, 0x8c48, 0x8c48, 0x8c48, 0x8c48, 0x8c48, 0x8c48, 0x8c48, 
  0x8c48, 0x8c48, 0x8c48, 0x8c48, 0x8c48, 0x8c48, 0x8c48, 0x8c48, 0x8c48, 0x8c48, 0x8c48, 0x8c48, 
  0x8c48, 0x8c48, 0x8c48, 0x8c48, 0x8c48, 0x8c48, 0x8c48, 0x8c48, 0x8c48, 0x8c48, 0x8c48, 0x8c48, 
  0x8c48, 0x8c48, 0x8427, 0x8427, 0x8427, 0x8427, 0x8c48, 0x8c48, 0x8c48, 0x8c48, 0x8c48, 0x8c48, 
  0x8c48, 0x8c48, 0x8c48, 0x8c48, 0x8c48, 0x8c48, 0x8c48, 0x8c48, 0x8c48, 0x8c48, 0x8c48, 0x8c48, 
  0x8c48, 0x8c48, 0x8c48, 0x8c48, 0x8c48, 0x8c48, 0x8c48, 0x8c48, 0x8c48, 0x8c48, 0x8c48, 0x8c48, 
  0x8c48, 0x8c48, 0x8c48, 0x8c48, 0x8c48, 0x8c48, 0x8c48, 0x8c48, 0x8c48, 0x8c48, 0x8c48, 0x8c48, 
  0x8c48, 0x8c48, 0x8c48, 0x8c48, 0x8c48, 0x8c48, 0x8c48, 0x8c48, 0x8c48, 0x8c48, 0x8c48, 0x8c48, 
  0x8c48, 0x8c48, 0x8c48, 0x8c48, 0x8c48, 0x8c48, 0x8c48, 0x8c48, 0x8c48, 0x8c48, 0x8c48, 0x8c48, 
  0x8c48, 0x8c48, 0x8c48, 0x8c48, 0x8c48, 0x8c48, 0x8c48, 0x8c48, 0x8c48, 0x8c48, 0x8c48, 0x8c48, 
  0x8c48, 0x8c48, 0x8c48, 0x8c48, 0x8c48, 0x8c48, 0x8c48, 0x8c48, 0x8c48, 0x8c48, 0x8c48, 0x8c48, 
  0x8c48, 0x8c48, 0x8c48, 0x8c48, 0x8c48, 0x8c48, 0x8c48, 0x8c48, 0x8c48, 0x8c48, 0x8c48, 0x8c48, 
  0x8c48, 0x8c48, 0x8c48, 0x8c48, 0x8c48, 0x8c48, 0x8c48, 0x8c48, 0x8c48, 0x8c48, 0x8c48, 0x8c48, 
  0x8c48, 0x8c48, 0x8c48, 0x8c48, 0x8c48, 0x8c48, 0x8c48, 0x8c48, 0x8c48, 0x8c48, 0x8c48, 0x8c48, 
  0x8c48, 0x8c48, 0x8c48, 0x8c48, 0x8c48, 0x8c48, 0x8c48, 0x8c48, 0x8c48, 0x8c48, 0x8c48, 0x8c48, 
  0x8c48, 0x8c48, 0x8c48, 0x8c48, 0x8c48, 0x8c48, 0x8c48, 0x8c48, 0x8c48, 0x8c48, 0x8c48, 0x8c48, 
  0x8c48, 0x8c48, 0x8c48, 0x8c48, 0x8c48, 0x8c48, 0x8c48, 0x8c48, 0x8c48, 0x8c48, 0x8c48, 0x8c48, 
  0x8c48, 0x8c48, 0x8c48, 0x8c48, 0x8c48, 0x8c48, 0x8c48, 0x8c48, 0x8c48, 0x8c48, 0x8c48, 0x8c48, 
  0x8c48, 0x8c48, 0x8c48, 0x8c48, 0x8c48, 0x8c48, 0x8c48, 0x8c48, 0x8c48, 0x8c48, 0x8c48, 0x8c48, 
  0x8c48, 0x8c48, 0x8c48, 0x8c48, 0x8c48, 0x8c48, 0x8c48, 0x8c48, 0x8c48, 0x8c48, 0x8c48, 0x8c48, 
  0x8c48, 0x8c48, 0x8c48, 0x8c48, 0x8c48, 0x8c48, 0x8c48, 0x8c48, 0x8c48, 0x8c48, 0x8c48, 0x8c48, 
  0x8c48, 0x8c48, 0x8c48, 0x8c48, 0x8c48, 0x8c48, 0x8c48, 0x8c48, 0x8c48, 0x8c48, 0x8c48, 0x8c48, 
  0x8c48, 0x8c48, 0x8c48, 0x8c48, 0x8c48, 0x8c48, 0x8c48, 0x8c48, 0x8c48, 0x8c48, 0x8c48, 0x8c48, 
  0x8c48, 0x8c48, 0x8c48, 0x8c48, 0x8c48, 0x8c48, 0x8c48, 0x8c48, 0x8c48, 0x8c48, 0x8c48, 0x8c48, 
  0x8c48, 0x8c48, 0x8c48, 0x8c48, 0x8c48, 0x8c48, 0x8c48, 0x8c48, 0x8c48, 0x8c48, 0x8c48, 0x8c48, 
  0x8c48, 0x8c48, 0x8c48, 0x8c48, 0x8c48, 0x8c48, 0x8c48, 0x8c48, 0x8c48, 0x8c48, 0x8c48, 0x8c48, 
  0x8c48, 0x8c48, 0x8c48, 0x8c48, 0x8c48, 0x8c48, 0x8c48, 0x8c48, 0x8c48, 0x8c48, 0x8c48, 0x8c48, 
  0x8c48, 0x8c48, 0x8c48, 0x8c48, 0x8c48, 0x8c48, 0x8c48, 0x8c48, 0x8c48, 0x8c48, 0x8c48, 0x8c48, 
  0x8c48, 0x8c48, 0x8c48, 0x8c48, 0x8c48, 0x8c48, 0x8c48, 0x8c48, 0x8c48, 0x8c48, 0x8c48, 0x8c48, 
  0x8c48, 0x8c48, 0x8c48, 0x8c48, 0x8c48, 0x8c48, 0x8c48, 0x8c48, 0x8c48, 0x8c48, 0x8c48, 0x8c48, 
  0x8c48, 0x8c48, 0x8c48, 0x8c48, 0x8c48, 0x8c48, 0x8c48, 0x8c48, 0x8c48, 0x8c48, 0x8c48, 0x8c48, 
  0x8c48, 0x8c48, 0x8c48, 0x8c48, 0x8c48, 0x8c48, 0x8c48, 0x8c48, 0x8c48, 0x8c48, 0x8c48, 0x8c48, 
  0x8c48, 0x8c48, 0x8c48, 0x8c48, 0x8c48, 0x8c48, 0x8c48, 0x8c48, 0x8c48, 0x8c48, 0x8c48, 0x8c48, 
  0x8c48, 0x8c48, 0x8c48, 0x8c48, 0x8c48, 0x8c48, 0x8c48, 0x8c48, 0x8c48, 0x8c48, 0x8c48, 0x8c48, 
  0x8c48, 0x8c48, 0x8c48, 0x8c48, 0x8c48, 0x8c48, 0x8c48, 0x8c48, 0x8c48, 0x8c48, 0x8c48, 0x8c48, 
  0x8c48, 0x8c48, 0x8c48, 0x8c48, 0x8c48, 0x8c48, 0x8c48, 0x8c48, 0x8c48, 0x8c48, 0x8c48, 0x8c48, 
  0x8c48, 0x8c48, 0x8c48, 0x8c48, 0x8c48, 0x8c48, 0x8c48, 0x8c48, 0x8c48, 0x8c48, 0x8c48, 0x8c48, 
  0x8c48, 0x8c48, 0x8c48, 0x8c48, 0x8c48, 0x8c48, 0x8c48, 0x8c48, 0x8c48, 0x8c48, 0x8c48, 0x8c48, 
  0x8c48, 0x8c48, 0x8c48, 0x8c48, 0x8c48, 0x8c48, 0x8c48, 0x8c48, 0x8c48, 0x8c48, 0x8c48, 0x8c48, 
  0x8c48, 0x8c48, 0x8c48, 0x8c48, 0x8c48, 0x8c48, 0x8c48, 0x8c48, 0x8c48, 0x8c48, 0x8c48, 0x8c48, 
  0x8c48, 0x8c48, 0x8c48, 0x8c48, 0x8c48, 0x8c48, 0x8c48, 0x8c48, 0x8c48, 0x8c48, 0x8c48, 0x8c48, 
  0x8c48, 0x8c48, 0x8c48, 0x8c48, 0x8c48, 0x8c48, 0x8c48, 0x8c48, 0x8c48, 0x8c48, 0x8c48, 0x8c48, 
  0x8c48, 0x8c48, 0x8c48, 0x8c48, 0x8c48, 0x8c48, 0x8c48, 0x8c48, 0x8c48, 0x8c48, 0x8c48, 0x8c48, 
  0x8c48, 0x8c48, 0x8c48, 0x8c48, 0x8c48, 0x8c48, 0x8c48, 0x8c48, 0x8c48, 0x8c48, 0x8c48, 0x8c48, 
  0x8c48, 0x8c48, 0x8c48, 0x8c48, 0x8c48, 0x8c48, 0x8c48, 0x8c48, 0x8c48, 0x8c48, 0x8c48, 0x8c48, 
  0x8c48, 0x8c48, 0x8c48, 0x8c48, 0x8c48, 0x8c48, 0x8c48, 0x8c48, 0x8c48, 0x8c48, 0x8c48, 0x8c48, 
  0x8c48, 0x8c48, 0x8c48, 0x8c48, 0x8c48, 0x8c48, 0x8c48, 0x8c48, 0x8c48, 0x8c48, 0x8c48, 0x8c48, 
  0x8c48, 0x8c48, 0x8c48, 0x8c48, 0x8c48, 0x8c48, 0x8c48, 0x8c48, 0x8c48, 0x8c48, 0x8c48, 0x8c48, 
  0x8c48, 0x8c48, 0x8c48, 0x8c48, 0x8c48, 0x8c48, 0x8c48, 0x8c48, 0x8c48, 0x8c48, 0x8c48, 0x8c48, 
  0x8c48, 0x8c48, 0x8c48, 0x8c48, 0x8c48, 0x8c48, 0x8c48, 0x8c48, 0x8c48, 0x8c48, 0x8c48, 0x8c48, 
  0x8c48, 0x8c48, 0x8c48, 0x8c48, 0x8c48, 0x8c48, 0x8c48, 0x8c48, 0x8c48, 0x8c48, 0x8c48, 0x8c48, 
  0x8c48, 0x8c48, 0x8c48, 0x8c48, 0x8c48, 0x8c48, 0x8c48, 0x8c48, 0x8c48, 0x8c48, 0x8c48, 0x8c48, 
  0x8c48, 0x8c48, 0x8c48, 0x8c48, 0x8c48, 0x8c48, 0x8c48, 0x8c48, 0x8c48, 0x8c48, 0x8c48, 0x8c48, 
  0x8c48, 0x8c48, 0x8c48, 0x8c48, 0x8c48, 0x8c48, 0x8c48, 0x8c48, 0x8c48, 0x8c48, 0x8c48, 0x8c48, 
  0x8c48, 0x8c48, 0x8c48, 0x8c48, 0x8c48, 0x8c48, 0x8c48, 0x8c48, 0x8c48, 0x8c48, 0x8c48, 0x8c48, 
  0x8c48, 0x8c48, 0x8c48, 0x8c48, 0x8c48, 0x8c48, 0x8c48, 0x8c48, 0x8c48, 0x8c48, 0x8c48, 0x8c48, 
  0x8c48, 0x8c48, 0x8c48, 0x8c48, 0x8c48, 0x8c48, 0x8c48, 0x8c48, 0x8c48, 0x8c48, 0x8c48, 0x8c48, 
  0x8c48, 0x8c48, 0x8c48, 0x8c48, 0x8c48, 0x8c48, 0x8c48, 0x8c48, 0x8c48, 0x8c48, 0x8c48, 0x8c48, 
  0x8c48, 0x8c48, 0x8c48, 0x8c48, 0x8c48, 0x8c48, 0x8c48, 0x8c48, 0x8c48, 0x8c48, 0x8c48, 0x8c48, 
  0x8c48, 0x8c48, 0x8c48, 0x8c48, 0x8c48, 0x8c48, 0x8c48, 0x8c48, 0x8c48, 0x8c48, 0x8c48, 0x8c48, 
  0x8c48, 0x8c48, 0x8c48, 0x8c48, 0x8c48, 0x8c48, 0x8c48, 0x8c48, 0x8c48, 0x8c48, 0x8c48, 0x8c48, 
  0x8c48, 0x8c48, 0x8c48, 0x8c48, 0x8c48, 0x8c48, 0x8c48, 0x8c48, 0x8c48, 0x8c48, 0x8c48, 0x8c48, 
  0x8c48, 0x8c48, 0x8c48, 0x8c48, 0x8c48, 0x8c48, 0x8c48, 0x8c48, 0x8c48, 0x8c48, 0x8c48, 0x8c48, 
  0x8c48, 0x8c48, 0x8c48, 0x8c48, 0x8c48, 0x8c48, 0x8c48, 0x8c48, 0x8c48, 0x8c48, 0x8c48, 0x8c48, 
  0x8c48, 0x8c48, 0x8c48, 0x8c48, 0x8c48, 0x8c48, 0x8c48, 0x8c48, 0x8c48, 0x8c48, 0x8c48, 0x8c48, 
  0x8c48, 0x8c48, 0x8c48, 0x8c48, 0x8c48, 0x8c48, 0x8c48, 0x8c48, 0x8c48, 0x8c48, 0x8c48, 0x8c48, 
  0x8c48, 0x8c48, 0x8c48, 0x8c48, 0x8c48, 0x8c48, 0x8c48, 0x8c48, 0x8c48, 0x8c48, 0x8c48, 0x8c48, 
  0x8c48, 0x8c48, 0x8c48, 0x8c48, 0x8c48, 0x8c48, 0x8c48, 0x8c48, 0x8c48, 0x8c48, 0x8c48, 0x8c48, 
  0x8c48, 0x8c48, 0x8c48, 0x8c48, 0x8c48, 0x8c48, 0x8c48, 0x8c48, 0x8c48, 0x8c48, 0x8c48, 0x8c48, 
  0x8c48, 0x8c48, 0x8c48, 0x8c48, 0x8c48, 0x8c48, 0x8c48, 0x8c48, 0x8c48, 0x8c48, 0x8c48, 0x8c48, 
  0x8c48, 0x8c48, 0x8c48, 0x8c48, 0x8c48, 0x8c48, 0x8c48, 0x8c48, 0x8c48, 0x8c48, 0x8c48, 0x8c48, 
  0x8c48, 0x8c48, 0x8c48, 0x8c48, 0x8c48, 0x8c48, 0x8c48, 0x8c48, 0x8c48, 0x8c48, 0x8c48, 0x8c48, 
  0x8c48, 0x8c48, 0x8c48, 0x8c48, 0x8c48, 0x8c48, 0x8c48, 0x8c48, 0x8c48, 0x8c48, 0x8c48, 0x8c48, 
  0x8c48, 0x8c48, 0x8c48, 0x8c48, 0x8c48, 0x8c48, 0x8c48, 0x8c48, 0x8c48, 0x8c48, 0x8c48, 0x8c48, 
  0x8c48, 0x8c48, 0x8c48, 0x8c48, 0x8c48, 0x8c48, 0x8c48, 0x8c48, 0x8c48, 0x8c48, 0x8c48, 0x8c48, 
  0x8c48, 0x8c48, 0x8c48, 0x8c48, 0x8c48, 0x8c48, 0x8c48, 0x8c48, 0x8c48, 0x8c48, 0x8c48, 0x8c48, 
  0x8c48, 0x8c48, 0x8c48, 0x8c48, 0x8c48, 0x8c48, 0x8c48, 0x8c48, 0x8c48, 0x8c48, 0x8c48, 0x8c48, 
  0x8c48, 0x8c48, 0x8c48, 0x8c48, 0x8c48, 0x8c48, 0x8c48, 0x8c48, 0x8c48, 0x8c48, 0x8c48, 0x8c48, 
  0x8c48, 0x8c48, 0x8c48, 0x8c48, 0x8c48, 0x8c48, 0x8c48, 0x8c48, 0x8c48, 0x8c48, 0x8c48, 0x8c48, 
  0x8c48, 0x8c48, 0x8c48, 0x8c48, 0x8c48, 0x8c48, 0x8c48, 0x8c48, 0x8c48, 0x8c48, 0x8c48, 0x8c48, 
  0x8c48, 0x8c48, 0x8c48, 0x8c48, 0x8c48, 0x8c48, 0x8c48, 0x8c48, 0x8c48, 0x8c48, 0x8c48, 0x8c48, 
  0x8c48, 0x8c48, 0x8c48, 0x8c48, 0x8c48, 0x8c48, 0x8c48, 0x8c48, 0x8c48, 0x8c48, 0x8c48, 0x8c48, 
  0x8c48, 0x8c48, 0x8c48, 0x8c48, 0x8c48, 0x8c48, 0x8c48, 0x8c48, 0x8c48, 0x8c48, 0x8c48, 0x8c48, 
  0x8c48, 0x8c48, 0x8c48, 0x8c48, 0x8c48, 0x8c48, 0x8c48, 0x8c48, 0x8c48, 0x8c48, 0x8c48, 0x8c48, 
  0x8c48, 0x8c48, 0x8c48, 0x8c48, 0x8c48, 0x8c48, 0x8c48, 0x8c48, 0x8c48, 0x8c48, 0x8c48, 0x8c48, 
  0x8c48, 0x8c48, 0x8c48, 0x8c48, 0x8c48, 0x8c48, 0x8c48, 0x8c48, 0x8c48, 0x8c48, 0x8c48, 0x8c48, 
  0x8c48, 0x8c48, 0x8c48, 0x8c48, 0x8c48, 0x8c48, 0x8c48, 0x8c48, 0x8c48, 0x8c48, 0x8c48, 0x8c48, 
  0x8c48, 0x8c48, 0x8c48, 0x8c48, 0x8c48, 0x8c48, 0x8c48, 0x8c48, 0x8c48, 0x8c48, 0x8c48, 0x8c48, 
  0x8c48, 0x8c48, 0x8c48, 0x8c48, 0x8c48, 0x8c48, 0x8c48, 0x8c48, 0x8c48, 0x8c48, 0x8c48, 0x8c48, 
  0x8c48, 0x8c48, 0x8c48, 0x8c48, 0x8c48, 0x8c48, 0x8c48, 0x8c48, 0x8c48, 0x8c48, 0x8c48, 0x8c48, 
  0x8c48, 0x8c48, 0x8c48, 0x8c48, 0x8c48, 0x8c48, 0x8c48, 0x8c48, 0x8c48, 0x8c48, 0x8c48, 0x8c48, 
  0x8c48, 0x8c48, 0x8c48, 0x8c48, 0x8c48, 0x8c48, 0x8c48, 0x8c48, 0x8c48, 0x8c48, 0x8c48, 0x8c48, 
  0x8c48, 0x8c48, 0x8c48, 0x8c48, 0x8c48, 0x8c48, 0x8c48, 0x8c48, 0x8c48, 0x8c48, 0x8c48, 0x8c48, 
  0x8c48, 0x8c48, 0x8c48, 0x8c48, 0x8c48, 0x8c48, 0x8c48, 0x8c48, 0x8c48, 0x8c48, 0x8c48, 0x8c48, 
  0x8c48, 0x8c48, 0x8c48, 0x8c48, 0x8c48, 0x8c48, 0x8c48, 0x8c48, 0x8c48, 0x8c48, 0x8c48, 0x8c48, 
  0x8c48, 0x8c48, 0x8c48, 0x8c48, 0x8c48, 0x8c48, 0x8c48, 0x8c48, 0x8c48, 0x8c48, 0x8c48, 0x8c48, 
  0x8c48, 0x8c48, 0x8c48, 0x8c48, 0x8c48, 0x8c48, 0x8c48, 0x8c48, 0x8c48, 0x8c48, 0x8c48, 0x8c48, 
  0x8c48, 0x8c48, 0x8c48, 0x8c48, 0x8c48, 0x8c48, 0x8c48, 0x8c48, 0x8c48, 0x8c48, 0x8c48, 0x8c48, 
  0x8c48, 0x8c48, 0x8c48, 0x8c48, 0x8c48, 0x8c48, 0x8c48, 0x8c48, 0x8c48, 0x8c48, 0x8c48, 0x8c48, 
  0x8c48, 0x8c48, 0x8c48, 0x8c48, 0x8c48, 0x8c48, 0x8c48, 0x8c48, 0x8c48, 0x8c48, 0x8c48, 0x8c48, 
  0x8c48, 0x8c48, 0x8c48, 0x8c48, 0x8c48, 0x8c48, 0x8c48, 0x8c48, 0x8c48, 0x8c48, 0x8c48, 0x8c48, 
  0x8c48, 0x8c48, 0x8c48, 0x8c48, 0x8c48, 0x8c48, 0x8c48, 0x8c48, 0x8c48, 0x8c48, 0x8c48, 0x8c48, 
  0x8c48, 0x8c48, 0x8c48, 0x8c48, 0x8c48, 0x8c48, 0x8c48, 0x8c48, 0x8c48, 0x8c48, 0x8c48, 0x8c48, 
  0x8c48, 0x8c48, 0x8c48, 0x8c48, 0x8c48, 0x8c48, 0x8c48, 0x8c48, 0x8c48, 0x8c48, 0x8c48, 0x8c48, 
  0x8c48, 0x8c48, 0x8c48, 0x8c48, 0x8c48, 0x8c48, 0x8c48, 0x8c48, 0x8c48, 0x8c48, 0x8c48, 0x8c48, 
  0x8c48, 0x8c48, 0x8c48, 0x8c48, 0x8c48, 0x8c48, 0x8c48, 0x8c48, 0x8c48, 0x8c48, 0x8c48, 0x8c48, 
  0x8c48, 0x8c48, 0x8c48, 0x8c48, 0x8c48, 0x8c48, 0x8c48, 0x8c48, 0x8c48, 0x8c48, 0x8c48, 0x8c48, 
  0x8c48, 0x8c48, 0x8c48, 0x8c48, 0x8c48, 0x8c48, 0x8c48, 0x8c48, 0x8c48, 0x8c48, 0x8c48, 0x8c48, 
  0x8c48, 0x8c48, 0x8c48, 0x8c48, 0x8c48, 0x8c48, 0x8c48, 0x8c48, 0x8c48, 0x8c48, 0x8c48, 0x8c48, 
  0x8c48, 0x8c48, 0x8c48, 0x8c48, 0x8c48, 0x8c48, 0x8c48, 0x8c48, 0x8c48, 0x8c48, 0x8c48, 0x8c48, 
  0x8c48, 0x8c48, 0x8c48, 0x8c48, 0x8c48, 0x8c48, 0x8c48, 0x8c48, 0x8c48, 0x8c48, 0x8c48, 0x8c48, 
  0x8c48, 0x8c48, 0x8c48, 0x8c48, 0x8c48, 0x8c48, 0x8c48, 0x8c48, 0x8c48, 0x8c48, 0x8c48, 0x8c48, 
  0x8c48, 0x8c48, 0x8c48, 0x8c48, 0x8c48, 0x8c48, 0x8c48, 0x8c48, 0x8c48, 0x8c48, 0x8c48, 0x8c48, 
  0x8c48, 0x8c48, 0x8c48, 0x8c48, 0x8c48, 0x8c48, 0x8c48, 0x8c48, 0x8c48, 0x8c48, 0x8c48, 0x8c48, 
  0x8c48, 0x8c48, 0x8c48, 0x8c48, 0x8c48, 0x8c48, 0x8c48, 0x8c48, 0x8c48, 0x8c48, 0x8c48, 0x8c48, 
  0x8c48, 0x8c48, 0x8c48, 0x8c48, 0x8c48, 0x8c48, 0x8c48, 0x8c48, 0x8c48, 0x8c48, 0x8c48, 0x8c48, 
  0x8c48, 0x8c48, 0x8c48, 0x8c48, 0x8c48, 0x8c48, 0x8c48, 0x8c48, 0x8c48, 0x8c48, 0x8c48, 0x8c48, 
  0x8c48, 0x8c48, 0x8c48, 0x8c48, 0x8c48, 0x8c48, 0x8c48, 0x8c48, 0x8c48, 0x8c48, 0x8c48, 0x8c48, 
  0x8c48, 0x8c48, 0x8c48, 0x8c48, 0x8c48, 0x8c48, 0x8c48, 0x8c48, 0x8c48, 0x8c48, 0x8c48, 0x8c48, 
  0x8c48, 0x8c48, 0x8c48, 0x8c48, 0x8c48, 0x8c48, 0x8c48, 0x8c48, 0x8c48, 0x8c48, 0x8c48, 0x8c48, 
  0x8c48, 0x8c48, 0x8c48, 0x8c48, 0x8c48, 0x8c48, 0x8c48, 0x8c48, 0x8c48, 0x8c48, 0x8c48, 0x8c48, 
  0x8c48, 0x8c48, 0x8c48, 0x8c48, 0x8c48, 0x8c48, 0x8c48, 0x8c48, 0x8c48, 0x8c48, 0x8c48, 0x8c48, 
  0x8c48, 0x8c48, 0x8c48, 0x8c48, 0x8c48, 0x8c48, 0x8c48, 0x8c48, 0x8c48, 0x8c48, 0x8c48, 0x8c48, 
  0x8c48, 0x8c48, 0x8c48, 0x8c48, 0x8c48, 0x8c48, 0x8c48, 0x8c48, 0x8c48, 0x8c48, 0x8c48, 0x8c48, 
  0x8c48, 0x8c48, 0x8c48, 0x8c48, 0x8c48, 0x8c48, 0x8c48, 0x8c48, 0x8c48, 0x8c48, 0x8c48, 0x8c48, 
  0x8c48, 0x8c48, 0x8c48, 0x8c48, 0x8c48, 0x8c48, 0x8c48, 0x8c48, 0x8c48, 0x8c48, 0x8c48, 0x8c48, 
  0x8c48, 0x8c48, 0x8c48, 0x8c48, 0x8c48, 0x8c48, 0x8c48, 0x8c48, 0x8c48, 0x8c48, 0x8c48, 0x8c48, 
  0x8c48, 0x8c48, 0x8c48, 0x8c48, 0x8c48, 0x8c48, 0x8c48, 0x8c48, 0x8c48, 0x8c48, 0x8c48, 0x8c48, 
  0x8c48, 0x8c48, 0x8c48, 0x8c48, 0x8c48, 0x8c48, 0x8c48, 0x8c48, 0x8c48, 0x8c48, 0x8c48, 0x8c48, 
  0x8c48, 0x8c48, 0x8c48, 0x8c48, 0x8c48, 0x8c48, 0x8c48, 0x8c48, 0x8c48, 0x8c48, 0x8c48, 0x8c48, 
  0x8c48, 0x8c48, 0x8c48, 0x8c48, 0x8c48, 0x8c48, 0x8c48, 0x8c48, 0x8c48, 0x8c48, 0x8c48, 0x8c48, 
  0x8c48, 0x8c48, 0x8c48, 0x8c48, 0x8c48, 0x8c48, 0x8c48, 0x8c48, 0x8c48, 0x8c48, 0x8c48, 0x8c48, 
  0x8c48, 0x8c48, 0x8c48, 0x8c48, 0x8c48, 0x8c48, 0x8c48, 0x8c48, 0x8c48, 0x8c48, 0x8c48, 0x8c48, 
  0x8c48, 0x8c48, 0x8c48, 0x8c48, 0x8c48, 0x8c48, 0x8c48, 0x8c48, 0x8c48, 0x8c48, 0x8c48, 0x8c48, 
  0x8c48, 0x8c48, 0x8c48, 0x8c48, 0x8c48, 0x8c48, 0x8c48, 0x8c48, 0x8c48, 0x8c48, 0x8c48, 0x8c48, 
  0x8c48, 0x8c48, 0x8c48, 0x8c48, 0x8c48, 0x8c48, 0x8c48, 0x8c48, 0x8c48, 0x8c48, 0x8c48, 0x8c48, 
  0x8c48, 0x8c48, 0x8c48, 0x8c48, 0x8c48, 0x8c48, 0x8c48, 0x8c48, 0x8c48, 0x8c48, 0x8c48, 0x8c48, 
  0x8c48, 0x8c48, 0x8c48, 0x8c48, 0x8c48, 0x8c48, 0x8c48, 0x8c48, 0x8c48, 0x8c48, 0x8c48, 0x8c48, 
  0x8c48, 0x8c48, 0x8c48, 0x8c48, 0x8c48, 0x8c48, 0x8c48, 0x8c48, 0x8c48, 0x8c48, 0x8c48, 0x8c48, 
  0x8c48, 0x8c48, 0x8c48, 0x8c48, 0x8c48, 0x8c48, 0x8c48, 0x8c48, 0x8c48, 0x8c48, 0x8c48, 0x8c48, 
  0x8c48, 0x8c48, 0x8c48, 0x8c48, 0x8c48, 0x8c48, 0x8c48, 0x8c48, 0x8c48, 0x8c48, 0x8c48, 0x8c48, 
  0x8c48, 0x8c48, 0x8c48, 0x8c48, 0x8c48, 0x8c48, 0x8c48, 0x8c48, 0x8c48, 0x8c48, 0x8c48, 0x8c48, 
  0x8c48, 0x8c48, 0x8c48, 0x8c48, 0x8c48, 0x8c48, 0x8c48, 0x8c48, 0x8c48, 0x8c48, 0x8c48, 0x8c48, 
  0x8c48, 0x8c48, 0x8c48, 0x8c48, 0x8c48, 0x8c48, 0x8c48, 0x8c48, 0x8c48, 0x8c48, 0x8c48, 0x8c48, 
  0x8c48, 0x8c48, 0x8c48, 0x8c48, 0x8c48, 0x8c48, 0x8c48, 0x8c48, 0x8c48, 0x8c48, 0x8c48, 0x8c48, 
  0x8c48, 0x8c48, 0x8c48, 0x8c48, 0x8c48, 0x8c48, 0x8c48, 0x8c48, 0x8c48, 0x8c48, 0x8c48, 0x8c48, 
  0x8c48, 0x8c48, 0x8c48, 0x8c48, 0x8c48, 0x8c48, 0x8c48, 0x8c48, 0x8c48, 0x8c48, 0x8c48, 0x8c48, 
  0x8c48, 0x8c48, 0x8c48, 0x8c48, 0x8c48, 0x8c48, 0x8c48, 0x8c48, 0x8c48, 0x8c48, 0x8c48, 0x8c48, 
  0x8c48, 0x8c48, 0x8c48, 0x8c48, 0x8c48, 0x8c48, 0x8c48, 0x8c48, 0x8c48, 0x8c48, 0x8c48, 0x8c48, 
  0x8c48, 0x8c48, 0x8c48, 0x8c48, 0x8c48, 0x8c48, 0x8c48, 0x8c48, 0x8c48, 0x8c48, 0x8c48, 0x8c48, 
  0x8c48, 0x8c48, 0x8c48, 0x8c48, 0x8c48, 0x8c48, 0x8c48, 0x8c48, 0x8c48, 0x8c48, 0x8c48, 0x8c48, 
  0x8c48, 0x8c48, 0x8c48, 0x8c48, 0x8c48, 0x8c48, 0x8c48, 0x8c48, 0x8c48, 0x8c48, 0x8c48, 0x8c48, 
  0x8c48, 0x8c48, 0x8c48, 0x8c48, 0x8c48, 0x8c48, 0x8c48, 0x8c48, 0x8c48, 0x8c48, 0x8c48, 0x8c48, 
  0x8c48, 0x8c48, 0x8c48, 0x8c48, 0x8c48, 0x8c48, 0x8c48, 0x8c48, 0x8c48, 0x8c48, 0x8c48, 0x8c48, 
  0x8c48, 0x8c48, 0x8c48, 0x8c48, 0x8c48, 0x8c48, 0x8c48, 0x8c48, 0x8c48, 0x8c48, 0x8c48, 0x8c48, 
  0x8c48, 0x8c48, 0x8c48, 0x8c48, 0x8c48, 0x8c48, 0x8c48, 0x8c48, 0x8c48, 0x8c48, 0x8c48, 0x8c48, 
  0x8c48, 0x8c48, 0x8c48, 0x8c48, 0x8c48, 0x8c48, 0x8c48, 0x8c48, 0x8c48, 0x8c48, 0x8c48, 0x8c48, 
  0x8c48, 0x8c48, 0x8c48, 0x8c48, 0x8c48, 0x8c48, 0x8c48, 0x8c48, 0x8c48, 0x8c48, 0x8c48, 0x8c48, 
  0x8c48, 0x8c48, 0x8c48, 0x8c48, 0x8c48, 0x8c48, 0x8c48, 0x8c48, 0x8c48, 0x8c48, 0x8c48, 0x8c48, 
  0x8c48, 0x8c48, 0x8c48, 0x8c48, 0x8c48, 0x8c48, 0x8c48, 0x8c48, 0x8c48, 0x8c48, 0x8c48, 0x8c48, 
  0x8c48, 0x8c48, 0x8c48, 0x8c48, 0x8c48, 0x8c48, 0x8c48, 0x8c48, 0x8c48, 0x8c48, 0x8c48, 0x8c48, 
  0x8c48, 0x8c48, 0x8c48, 0x8c48, 0x8c48, 0x8c48, 0x8c48, 0x8c48, 0x8c48, 0x8c48, 0x8c48, 0x8c48, 
  0x8c48, 0x8c48, 0x8c48, 0x8c48, 0x8c48, 0x8c48, 0x8c48, 0x8c48, 0x8c48, 0x8c48, 0x8c48, 0x8c48, 
  0x8c48, 0x8c48, 0x8c48, 0x8c48, 0x8c48, 0x8c48, 0x8c48, 0x8c48, 0x8c48, 0x8c48, 0x8c48, 0x8c48, 
  0x8c48, 0x8c48, 0x8c48, 0x8c48, 0x8c48, 0x8c48, 0x8c48, 0x8c48, 0x8c48, 0x8c48, 0x8c48, 0x8c48, 
  0x8c48, 0x8c48, 0x8c48, 0x8c48, 0x8c48, 0x8c48, 0x8c48, 0x8c48, 0x8c48, 0x8c48, 0x8c48, 0x8c48, 
  0x8c48, 0x8c48, 0x8c48, 0x8c48, 0x8c48, 0x8c48, 0x8c48, 0x8c48, 0x8c48, 0x8c48, 0x8c48, 0x8c48, 
  0x8c48, 0x8c48, 0x8c48, 0x8c48, 0x8c48, 0x8c48, 0x8c48, 0x8c48, 0x8c48, 0x8c48, 0x8c48, 0x8c48, 
  0x8c48, 0x8c48, 0x8c48, 0x8c48, 0x8c48, 0x8c48, 0x8c48, 0x8c48, 0x8c48, 0x8c48, 0x8c48, 0x8c48, 
  0x8c48, 0x8c48, 0x8c48, 0x8c48, 0x8c48, 0x8c48, 0x8c48, 0x8c48, 0x8c48, 0x8c48, 0x8c48, 0x8c48, 
  0x8c48, 0x8c48, 0x8c48, 0x8c48, 0x8c48, 0x8c48, 0x8c48, 0x8c48, 0x8c48, 0x8c48, 0x8c48, 0x8c48, 
  0x8c48, 0x8c48, 0x8c48, 0x8c48, 0x8c48, 0x8c48, 0x8c48, 0x8c48, 0x8c48, 0x8c48, 0x8c48, 0x8c48, 
  0x8c48, 0x8c48, 0x8c48, 0x8c48, 0x8c48, 0x8c48, 0x8c48, 0x8c48, 0x8c48, 0x8c48, 0x8c48, 0x8c48, 
  0x8c48, 0x8c48, 0x8c48, 0x8c48, 0x8c48, 0x8c48, 0x8c48, 0x8c48, 0x8c48, 0x8c48, 0x8c48, 0x8c48, 
  0x8c48, 0x8c48, 0x8c48, 0x8c48, 0x8c48, 0x8c48, 0x8c48, 0x8c48, 0x8c48, 0x8c48, 0x8c48, 0x8c48, 
  0x8c48, 0x8c48, 0x8c48, 0x8c48, 0x8c48, 0x8c48, 0x8c48, 0x8c48, 0x8c48, 0x8c48, 0x8c48, 0x8c48, 
  0x8c48, 0x8c48, 0x8c48, 0x8c48, 0x8c48, 0x8c48, 0x8c48, 0x8c48, 0x8c48, 0x8c48, 0x8c48, 0x8c48, 
  0x8c48, 0x8c48, 0x8c48, 0x8c48, 0x8c48, 0x8c48, 0x8c48, 0x8c48, 0x8c48, 0x8c48, 0x8c48, 0x8c48, 
  0x8c48, 0x8c48, 0x8c48, 0x8c48, 0x8c48, 0x8c48, 0x8c48, 0x8c48, 0x8c48, 0x8c48, 0x8c48, 0x8c48, 
  0x8c48, 0x8c48, 0x8c48, 0x8c48, 0x8c48, 0x8c48, 0x8c48, 0x8c48, 0x8c48, 0x8c48, 0x8c48, 0x8c48, 
  0x8c48, 0x8c48, 0x8c48, 0x8c48, 0x8c48, 0x8c48, 0x8c48, 0x8c48, 0x8c48, 0x8c48, 0x8c48, 0x8c48, 
  0x8c48, 0x8c48, 0x8c48, 0x8c48, 0x8c48, 0x8c48, 0x8c48, 0x8c48, 0x8c48, 0x8c48, 0x8c48, 0x8c48, 
  0x8c48, 0x8c48, 0x8c48, 0x8c48, 0x8c48, 0x8c48, 0x8c48, 0x8c48, 0x8c48, 0x8c48, 0x8c48, 0x8c48, 
  0x8c48, 0x8c48, 0x8c48, 0x8c48, 0x8c48, 0x8c48, 0x8c48, 0x8c48, 0x8c48, 0x8c48, 0x8c48, 0x8c48, 
  0x8c48, 0x8c48, 0x8c48, 0x8c48, 0x8c48, 0x8c48, 0x8c48, 0x8c48, 0x8c48, 0x8c48, 0x8c48, 0x8c48, 
  0x8c48, 0x8c48, 0x8c48, 0x8c48, 0x8c48, 0x8c48, 0x8c48, 0x8c48, 0x8c48, 0x8c48, 0x8c48, 0x8c48, 
  0x8c48, 0x8c48, 0x8c48, 0x8c48, 0x8c48, 0x8c48, 0x8c48, 0x8c48, 0x8c48, 0x8c48, 0x8c48, 0x8c48, 
  0x8c48, 0x8c48, 0x8c48, 0x8c48, 0x8c48, 0x8c48, 0x8c48, 0x8c48, 0x8c48, 0x8c48, 0x8c48, 0x8c48, 
  0x8c48, 0x8c48, 0x8c48, 0x8c48, 0x8c48, 0x8c48, 0x8c48, 0x8c48, 0x8c48, 0x8c48, 0x8c48, 0x8c48, 
  0x8c48, 0x8c48, 0x8c48, 0x8c48, 0x8c48, 0x8c48, 0x8c48, 0x8c48, 0x8c48, 0x8c48, 0x8c48, 0x8c48, 
  0x8c48, 0x8c48, 0x8c48, 0x8c48, 0x8c48, 0x8c48, 0x8c48, 0x8c48, 0x8c48, 0x8c48, 0x8c48, 0x8c48, 
  0x8c48, 0x8c48, 0x8c48, 0x8c48, 0x8c48, 0x8c48, 0x8c48, 0x8c48, 0x8c48, 0x8c48, 0x8c48, 0x8c48, 
  0x8c48, 0x8c48, 0x8c48, 0x8c48, 0x8c48, 0x8c48, 0x8c48, 0x8c48, 0x8c48, 0x8c48, 0x8c48, 0x8c48, 
  0x8c48, 0x8c48, 0x8c48, 0x8c48, 0x8c48, 0x8c48, 0x8c48, 0x8c48, 0x8c48, 0x8c48, 0x8c48, 0x8c48, 
  0x8c48, 0x8c48, 0x8c48, 0x8c48, 0x8c48, 0x8c48, 0x8c48, 0x8c48, 0x8c48, 0x8c48, 0x8c48, 0x8c48, 
  0x8c48, 0x8c48, 0x8c48, 0x8c48, 0x8c48, 0x8c48, 0x8c48, 0x8c48, 0x8c48, 0x8c48, 0x8c48, 0x8c48, 
  0x8c48, 0x8c48, 0x8c48, 0x8c48, 0x8c48, 0x8c48, 0x8c48, 0x8c48, 0x8c48, 0x8c48, 0x8c48, 0x8c48, 
  0x8c48, 0x8c48, 0x8c48, 0x8c48, 0x8c48, 0x8c48, 0x8c48, 0x8c48, 0x8c48, 0x8c48, 0x8c48, 0x8c48, 
  0x8c48, 0x8c48, 0x8c48, 0x8c48, 0x8c48, 0x8c48, 0x8c48, 0x8c48, 0x8c48, 0x8c48, 0x8c48, 0x8c48, 
  0x8c48, 0x8c48, 0x8c48, 0x8c48, 0x8c48, 0x8c48, 0x8c48, 0x8c48, 0x8c48, 0x8c48, 0x8c48, 0x8c48, 
  0x8c48, 0x8c48, 0x8c48, 0x8c48, 0x8c48, 0x8c48, 0x8c48, 0x8c48, 0x8c48, 0x8c48, 0x8c48, 0x8c48, 
  0x8c48, 0x8c48, 0x8c48, 0x8c48, 0x8c48, 0x8c48, 0x8c48, 0x8c48, 0x8c48, 0x8c48, 0x8c48, 0x8c48, 
  0x8c48, 0x8c48, 0x8c48, 0x8c48, 0x8c48, 0x8c48, 0x8c48, 0x8c48, 0x8c48, 0x8c48, 0x8c48, 0x8c48, 
  0x8c48, 0x8c48, 0x8c48, 0x8c48, 0x8c48, 0x8c48, 0x8c48, 0x8c48, 0x8c48, 0x8c48, 0x8c48, 0x8c48, 
  0x8c48, 0x8c48, 0x8c48, 0x8c48, 0x8c48, 0x8c48, 0x8c48, 0x8c48, 0x8c48, 0x8c48, 0x8c48, 0x8c48, 
  0x8c48, 0x8c48, 0x8c48, 0x8c48, 0x8c48, 0x8c48, 0x8c48, 0x8c48, 0x8c48, 0x8c48, 0x8c48, 0x8c48, 
  0x8c48, 0x8c48, 0x8c48, 0x8c48, 0x8c48, 0x8c48, 0x8c48, 0x8c48, 0x8c48, 0x8c48, 0x8c48, 0x8c48, 
  0x8c48, 0x8c48, 0x8c48, 0x8c48, 0x8c48, 0x8c48, 0x8c48, 0x8c48, 0x8c48, 0x8c48, 0x8c48, 0x8c48, 
  0x8c48, 0x8c48, 0x8c48, 0x8c48, 0x8c48, 0x8c48, 0x8c48, 0x8c48, 0x8c48, 0x8c48, 0x8c48, 0x8c48, 
  0x8c48, 0x8c48, 0x8c48, 0x8c48, 0x8c48, 0x8c48, 0x8c48, 0x8c48, 0x8c48, 0x8c48, 0x8c48, 0x8c48, 
  0x8c48, 0x8c48, 0x8c48, 0x8c48, 0x8c48, 0x8c48, 0x8c48, 0x8c48, 0x8c48, 0x8c48, 0x8c48, 0x8c48, 
  0x8c48, 0x8c48, 0x8c48, 0x8c48, 0x8c48, 0x8c48, 0x8c48, 0x8c48, 0x8c48, 0x8c48, 0x8c48, 0x8c48, 
  0x8c48, 0x8c48, 0x8c48, 0x8c48, 0x8c48, 0x8c48, 0x8c48, 0x8c48, 0x8c48, 0x8c48, 0x8c48, 0x8c48, 
  0x8c48, 0x8c48, 0x8c48, 0x8c48, 0x8c48, 0x8c48, 0x8c48, 0x8c48, 0x8c48, 0x8c48, 0x8c48, 0x8c48, 
  0x8c48, 0x8c48, 0x8c48, 0x8c48, 0x8c48, 0x8c48, 0x8c48, 0x8c48, 0x8c48, 0x8c48, 0x8c48, 0x8c48, 
  0x8c48, 0x8c48, 0x8c48, 0x8c48, 0x8c48, 0x8c48, 0x8c48, 0x8c48, 0x8c48, 0x8c48, 0x8c48, 0x8c48, 
  0x8c48, 0x8c48, 0x8c48, 0x8c48, 0x8c48, 0x8c48, 0x8c48, 0x8c48, 0x8c48, 0x8c48, 0x8c48, 0x8c48, 
  0x8c48, 0x8c48, 0x8c48, 0x8c48, 0x8c48, 0x8c48, 0x8c48, 0x8c48, 0x8c48, 0x8c48, 0x8c48, 0x8c48, 
  0x8c48, 0x8c48, 0x8c48, 0x8c48, 0x8c48, 0x8c48, 0x8c48, 0x8c48, 0x8c48, 0x8c48, 0x8c48, 0x8c48, 
  0x8c48, 0x8c48, 0x8c48, 0x8c48, 0x8c48, 0x8c48, 0x8c48, 0x8c48, 0x8c48, 0x8c48, 0x8c48, 0x8c48, 
  0x8c48, 0x8c48, 0x8c48, 0x8c48, 0x8c48, 0x8c48, 0x8c48, 0x8c48, 0x8c48, 0x8c48, 0x8c48, 0x8c48, 
  0x8c48, 0x8c48, 0x8c48, 0x8c48, 0x8c48, 0x8c48, 0x8c48, 0x8c48, 0x8c48, 0x8c48, 0x8c48, 0x8c48, 
  0x8c48, 0x8c48, 0x8c48, 0x8c48, 0x8c48, 0x8c48, 0x8c48, 0x8c48, 0x8c48, 0x8c48, 0x8c48, 0x8c48, 
  0x8c48, 0x8c48, 0x8c48, 0x8c48, 0x8c48, 0x8c48, 0x8c48, 0x8c48, 0x8c48, 0x8c48, 0x8c48, 0x8c48, 
  0x8c48, 0x8c48, 0x8c48, 0x8c48, 0x8c48, 0x8c48, 0x8c48, 0x8c48, 0x8c48, 0x8c48, 0x8c48, 0x8c48, 
  0x8c48, 0x8c48, 0x8c48, 0x8c48, 0x8c48, 0x8c48, 0x8c48, 0x8c48, 0x8c48, 0x8c48, 0x8c48, 0x8c48, 
  0x8c48, 0x8c48, 0x8c48, 0x8c48, 0x8c48, 0x8c48, 0x8c48, 0x8c48, 0x8c48, 0x8c48, 0x8c48, 0x8c48, 
  0x8c48, 0x8c48, 0x8c48, 0x8c48, 0x8c48, 0x8c48, 0x8c48, 0x8c48, 0x8c48, 0x8c48, 0x8c48, 0x8c48, 
  0x8c48, 0x8c48, 0x8c48, 0x8c48, 0x8c48, 0x8c48, 0x8c48, 0x8c48, 0x8c48, 0x8c48, 0x8c48, 0x8c48, 
  0x8c48, 0x8c48, 0x8c48, 0x8c48, 0x8c48, 0x8c48, 0x8c48, 0x8c48, 0x8c48, 0x8c48, 0x8c48, 0x8c48, 
  0x8c48, 0x8c48, 0x8c48, 0x8c48, 0x8c48, 0x8c48, 0x8c48, 0x8c48, 0x8c48, 0x8c48, 0x8c48, 0x8c48, 
  0x8c48, 0x8c48, 0x8c48, 0x8c48, 0x8c48, 0x8c48, 0x8c48, 0x8c48, 0x8c48, 0x8c48, 0x8c48, 0x8c48, 
  0x8c48, 0x8c48, 0x8c48, 0x8c48, 0x8c48, 0x8c48, 0x8c48, 0x8c48, 0x8c48, 0x8c48, 0x8c48, 0x8c48, 
  0x8c48, 0x8c48, 0x8c48, 0x8c48, 0x8c48, 0x8c48, 0x8c48, 0x8c48, 0x8c48, 0x8c48, 0x8c48, 0x8c48, 
  0x8c48, 0x8c48, 0x8c48, 0x8c48, 0x8c48, 0x8c48, 0x8c48, 0x8c48, 0x8c48, 0x8c48, 0x8c48, 0x8c48, 
  0x8c48, 0x8c48, 0x8c48, 0x8c48, 0x8c48, 0x8c48, 0x8c48, 0x8c48, 0x8c48, 0x8c48, 0x8c48, 0x8c48, 
  0x8c48, 0x8c48, 0x8c48, 0x8c48, 0x8c48, 0x8c48, 0x8c48, 0x8c48, 0x8c48, 0x8c48, 0x8c48, 0x8c48, 
  0x8c48, 0x8c48, 0x8c48, 0x8c48, 0x8c48, 0x8c48, 0x8c48, 0x8c48, 0x8c48, 0x8c48, 0x8c48, 0x8c48, 
  0x8c48, 0x8c48, 0x8c48, 0x8c48, 0x8c48, 0x8c48, 0x8c48, 0x8c48, 0x8c48, 0x8c48, 0x8c48, 0x8c48, 
  0x8c48, 0x8c48, 0x8c48, 0x8c48, 0x8c48, 0x8c48, 0x8c48, 0x8c48, 0x8c48, 0x8c48, 0x8c48, 0x8c48, 
  0x8c48, 0x8c48, 0x8c48, 0x8c48, 0x8c48, 0x8c48, 0x8c48, 0x8c48, 0x8c48, 0x8c48, 0x8c48, 0x8c48, 
  0x8c48, 0x8c48, 0x8c48, 0x8c48, 0x8c48, 0x8c48, 0x8c48, 0x8c48, 0x8c48, 0x8c48, 0x8c48, 0x8c48, 
  0x8c48, 0x8c48, 0x8c48, 0x8c48, 0x8c48, 0x8c48, 0x8c48, 0x8c48, 0x8c48, 0x8c48, 0x8c48, 0x8c48, 
  0x8c48, 0x8c48, 0x8c48, 0x8c48, 0x8c48, 0x8c48, 0x8c48, 0x8c48, 0x8c48, 0x8c48, 0x8c48, 0x8c48, 
  0x8c48, 0x8c48, 0x8c48, 0x8c48, 0x8c48, 0x8c48, 0x8c48, 0x8c48, 0x8c48, 0x8c48, 0x8c48, 0x8c48, 
  0x8c48, 0x8c48, 0x8c48, 0x8c48, 0x8c48, 0x8c48, 0x8c48, 0x8c48, 0x8c48, 0x8c48, 0x8c48, 0x8c48, 
  0x8c48, 0x8c48, 0x8c48, 0x8c48, 0x8c48, 0x8c48, 0x8c48, 0x8c48, 0x8c48, 0x8c48, 0x8c48, 0x8c48, 
  0x8c48, 0x8c48, 0x8c48, 0x8c48, 0x8c48, 0x8c48, 0x8c48, 0x8c48, 0x8c48, 0x8c48, 0x8c48, 0x8c48, 
  0x8c48, 0x8c48, 0x8c48, 0x8c48, 0x8c48, 0x8c48, 0x8c48, 0x8c48, 0x8c48, 0x8c48, 0x8c48, 0x8c48, 
  0x8c48, 0x8c48, 0x8c48, 0x8c48, 0x8c48, 0x8c48, 0x8c48, 0x8c48, 0x8c48, 0x8c48, 0x8c48, 0x8c48, 
  0x8c48, 0x8c48, 0x8c48, 0x8c48, 0x8c48, 0x8c48, 0x8c48, 0x8c48, 0x8c48, 0x8c48, 0x8c48, 0x8c48, 
  0x8c48, 0x8c48, 0x8c48, 0x8c48, 0x8c48, 0x8c48, 0x8c48, 0x8c48, 0x8c48, 0x8c48, 0x8c48, 0x8c48, 
  0x8c48, 0x8c48, 0x8c48, 0x8c48, 0x8c48, 0x8c48, 0x8c48, 0x8c48, 0x8c48, 0x8c48, 0x8c48, 0x8c48, 
  0x8c48, 0x8c48, 0x8c48, 0x8c48, 0x8c48, 0x8c48, 0x8c48, 0x8c48, 0x8c48, 0x8c48, 0x8c48, 0x8c48, 
  0x8c48, 0x8c48, 0x8c48, 0x8c48, 0x8c48, 0x8c48, 0x8c48, 0x8c48, 0x8c48, 0x8c48, 0x8c48, 0x8c48, 
  0x8c48, 0x8c48, 0x8c48, 0x8c48, 0x8c48, 0x8c48, 0x8c48, 0x8c48, 0x8c48, 0x8c48, 0x8c48, 0x8c48, 
  0x8c48, 0x8c48, 0x8c48, 0x8c48, 0x8c48, 0x8c48, 0x8c48, 0x8c48, 0x8c48, 0x8c48, 0x8c48, 0x8c48, 
  0x8c48, 0x8c48, 0x8c48, 0x8c48, 0x8c48, 0x8c48, 0x8c48, 0x8c48, 0x8c48, 0x8c48, 0x8c48, 0x8c48, 
  0x8c48, 0x8c48, 0x8c48, 0x8c48, 0x8c48, 0x8c48, 0x8c48, 0x8c48, 0x8c48, 0x8c48, 0x8c48, 0x8c48, 
  0x8c48, 0x8c48, 0x8c48, 0x8c48, 0x8c48, 0x8c48, 0x8c48, 0x8c48, 0x8c48, 0x8c48, 0x8c48, 0x8c48, 
  0x8c48, 0x8c48, 0x8c48, 0x8c48, 0x8c48, 0x8c48, 0x8c48, 0x8c48, 0x8c48, 0x8c48, 0x8c48, 0x8c48, 
  0x8c48, 0x8c48, 0x8c48, 0x8c48, 0x8c48, 0x8c48, 0x8c48, 0x8c48, 0x8c48, 0x8c48, 0x8c48, 0x8c48, 
  0x8c48, 0x8c48, 0x8c48, 0x8c48, 0x8c48, 0x8c48, 0x8c48, 0x8c48, 0x8c48, 0x8c48, 0x8c48, 0x8c48, 
  0x8c48, 0x8c48, 0x8c48, 0x8c48, 0x8c48, 0x8c48, 0x8c48, 0x8c48, 0x8c48, 0x8c48, 0x8c48, 0x8c48, 
  0x8c48, 0x8c48, 0x8c48, 0x8c48, 0x8c48, 0x8c48, 0x8c48, 0x8c48, 0x8c48, 0x8c48, 0x8c48, 0x8c48, 
  0x8c48, 0x8c48, 0x8c48, 0x8c48, 0x8c48, 0x8c48, 0x8c48, 0x8c48, 0x8c48, 0x8c48, 0x8c48, 0x8c48, 
  0x8c48, 0x8c48, 0x8c48, 0x8c48, 0x8c48, 0x8c48, 0x8c48, 0x8c48, 0x8c48, 0x8c48, 0x8c48, 0x8c48, 
  0x8c48, 0x8c48, 0x8c48, 0x8c48, 0x8c48, 0x8c48, 0x8c48, 0x8c48, 0x8c48, 0x8c48, 0x8c48, 0x8c48, 
  0x8c48, 0x8c48, 0x8c48, 0x8c48, 0x8c48, 0x8c48, 0x8c48, 0x8c48, 0x8c48, 0x8c48, 0x8c48, 0x8c48, 
  0x8c48, 0x8c48, 0x8c48, 0x8c48, 0x8c48, 0x8c48, 0x8c48, 0x8c48, 0x8c48, 0x8c48, 0x8c48, 0x8c48, 
  0x8c48, 0x8c48, 0x8c48, 0x8c48, 0x8c48, 0x8c48, 0x8c48, 0x8c48, 0x8c48, 0x8c48, 0x8c48, 0x8c48, 
  0x8c48, 0x8c48, 0x8c48, 0x8c48, 0x8c48, 0x8c48, 0x8c48, 0x8c48, 0x8c48, 0x8c48, 0x8c48, 0x8c48, 
  0x8c48, 0x8c48, 0x8c48, 0x8c48, 0x8c48, 0x8c48, 0x8c48, 0x8c48, 0x8c48, 0x8c48, 0x8c48, 0x8c48, 
  0x8c48, 0x8c48, 0x8c48, 0x8c48, 0x8c48, 0x8c48, 0x8c48, 0x8c48, 0x8c48, 0x8c48, 0x8c48, 0x8c48, 
  0x8c48, 0x8c48, 0x8c48, 0x8c48, 0x8c48, 0x8c48, 0x8c48, 0x8c48, 0x8c48, 0x8c48, 0x8c48, 0x8c48, 
  0x8c48, 0x8c48, 0x8c48, 0x8c48, 0x8c48, 0x8c48, 0x8c48, 0x8c48, 0x8c48, 0x8c48, 0x8c48, 0x8c48, 
  0x8c48, 0x8c48, 0x8c48, 0x8c48, 0x8c48, 0x8c48, 0x8c48, 0x8c48, 0x8c48, 0x8c48, 0x8c48, 0x8c48, 
  0x8c48, 0x8c48, 0x8c48, 0x8c48, 0x8c48, 0x8c48, 0x8c48, 0x8c48, 0x8c48, 0x8c48, 0x8c48, 0x8c48, 
  0x8c48, 0x8c48, 0x8c48, 0x8c48, 0x8c48, 0x8c48, 0x8c48, 0x8c48, 0x8c48, 0x8c48, 0x8c48, 0x8c48, 
  0x8c48, 0x8c48, 0x8c48, 0x8c48, 0x8c48, 0x8c48, 0x8c48, 0x8c48, 0x8c48, 0x8c48, 0x8c48, 0x8c48, 
  0x8c48, 0x8c48, 0x8c48, 0x8c48, 0x8c48, 0x8c48, 0x8c48, 0x8c48, 0x8c48, 0x8c48, 0x8c48, 0x8c48, 
  0x8c48, 0x8c48, 0x8c48, 0x8c48, 0x8c48, 0x8c48, 0x8c48, 0x8c48, 0x8c48, 0x8c48, 0x8c48, 0x8c48, 
  0x8c48, 0x8c48, 0x8c48, 0x8c48, 0x8c48, 0x8c48, 0x8c48, 0x8c48, 0x8c48, 0x8c48, 0x8c48, 0x8c48, 
  0x8c48, 0x8c48, 0x8c48, 0x8c48, 0x8c48, 0x8c48, 0x8c48, 0x8c48, 0x8c48, 0x8c48, 0x8c48, 0x8c48, 
  0x8c48, 0x8c48, 0x8c48, 0x8c48, 0x8c48, 0x8c48, 0x8c48, 0x8c48, 0x8c48, 0x8c48, 0x8c48, 0x8c48, 
  0x8c48, 0x8c48, 0x8c48, 0x8c48, 0x8c48, 0x8c48, 0x8c48, 0x8c48, 0x8c48, 0x8c48, 0x8c48, 0x8c48, 
  0x8c48, 0x8c48, 0x8c48, 0x8c48, 0x8c48, 0x8c48, 0x8c48, 0x8c48, 0x8c48, 0x8c48, 0x8c48, 0x8c48, 
  0x8c48, 0x8c48, 0x8c48, 0x8c48, 0x8c48, 0x8c48, 0x8c48, 0x8c48, 0x8c48, 0x8c48, 0x8c48, 0x8c48, 
  0x8c48, 0x8c48, 0x8c48, 0x8c48, 0x8c48, 0x8c48, 0x8c48, 0x8c48, 0x8c48, 0x8c48, 0x8c48, 0x8c48, 
  0x8c48, 0x8c48, 0x8c48, 0x8c48, 0x8c48, 0x8c48, 0x8c48, 0x8c48, 0x8c48, 0x8c48, 0x8c48, 0x8c48, 
  0x8c48, 0x8c48, 0x8c48, 0x8c48, 0x8c48, 0x8c48, 0x8c48, 0x8c48, 0x8c48, 0x8c48, 0x8c48, 0x8c48, 
  0x8c48, 0x8c48, 0x8c48, 0x8c48, 0x8c48, 0x8c48, 0x8c48, 0x8c48, 0x8c48, 0x8c48, 0x8c48, 0x8c48, 
  0x8c48, 0x8c48, 0x8c48, 0x8c48, 0x8c48, 0x8c48, 0x8c48, 0x8c48, 0x8c48, 0x8c48, 0x8c48, 0x8c48, 
  0x8c48, 0x8c48, 0x8c48, 0x8c48, 0x8c48, 0x8c48, 0x8c48, 0x8c48, 0x8c48, 0x8c48, 0x8c48, 0x8c48, 
  0x8c48, 0x8c48, 0x8c48, 0x8c48, 0x8c48, 0x8c48, 0x8c48, 0x8c48, 0x8c48, 0x8c48, 0x8c48, 0x8c48, 
  0x8c48, 0x8c48, 0x8c48, 0x8c48, 0x8c48, 0x8c48, 0x8c48, 0x8c48, 0x94a8, 0x94a8, 0x8c48, 0x8c48, 
  0x8c48, 0x8c48, 0x8c48, 0x8c48, 0x8c48, 0x8c48, 0x8c48, 0x8c48, 0x8c48, 0x8c48, 0x8c48, 0x8c48, 
  0x8c48, 0x8c48, 0x8c48, 0x8c48, 0x8c48, 0x8c48, 0x8c48, 0x8c48, 0x8c48, 0x8c48, 0x8c48, 0x8c48, 
  0x8c48, 0x8c48, 0x8c48, 0x8c48, 0x8c48, 0x8c48, 0x8c48, 0x8c48, 0x8c48, 0x8c48, 0x8c48, 0x8c48, 
  0x8c48, 0x8c48, 0x8c48, 0x8c48, 0x8c48, 0x8c48, 0x8c48, 0x8c48, 0x8c48, 0x8c48, 0x8c48, 0x8c48, 
  0x8c48, 0x8c48, 0x8c48, 0x8c48, 0x8c48, 0x8c48, 0x8c48, 0x8c48, 0x8c48, 0x8c48, 0x8c48, 0x8c48, 
  0x8c48, 0x8c48, 0x8c48, 0x8c48, 0x8c48, 0x8c48, 0x8c48, 0x8c48, 0x8c48, 0x8c48, 0x8c48, 0x8c48, 
  0x8c48, 0x8c48, 0x8c48, 0x8c48, 0x8c48, 0x8c48, 0x8c48, 0x8c48, 0x8c48, 0x8c48, 0x8c48, 0x8c48, 
  0x8c48, 0x8c48, 0x8c48, 0x8c48, 0x8c48, 0x8c48, 0x8c48, 0x8c48, 0x8c48, 0x8c48, 0x8c48, 0x8c48, 
  0x8c48, 0x8c48, 0x8c48, 0x8c48, 0x8c48, 0x8c48, 0x8c48, 0x8c48, 0x8c48, 0x8c48, 0x8c48, 0x8c48, 
  0x8c48, 0x8c48, 0x8c48, 0x8c48, 0x8c48, 0x8c48, 0x8c48, 0x8c48, 0x8c48, 0x8c48, 0x8c48, 0x8c48, 
  0x8c48, 0x8c48, 0x8c48, 0x8c48, 0x8c48, 0x8c48, 0x8c48, 0x8c48, 0x8c48, 0x8c48, 0x8c48, 0x8c48, 
  0x8c48, 0x8c48, 0x8c48, 0x8c48, 0x8c48, 0x8c48, 0x8c48, 0x8c48, 0x8c48, 0x8c48, 0x8c48, 0x8c48, 
  0x8c48, 0x8c48, 0x8c48, 0x8c48, 0x8c48, 0x8c48, 0x8c48, 0x8c48, 0x8c48, 0x8c48, 0x8c48, 0x8c48, 
  0x8c48, 0x8c48, 0x8c48, 0x8c48, 0x8c48, 0x8c48, 0x8c48, 0x8c48, 0x8c48, 0x8c48, 0x8c48, 0x8c48, 
  0x8c48, 0x8c48, 0x8c48, 0x8c48, 0x8c48, 0x8c48, 0x8c48, 0x8c48, 0x8c48, 0x8c48, 0x8c48, 0x8c48, 
  0x8c48, 0x8c48, 0x8c48, 0x8c48, 0x8c48, 0x8c48, 0x8c48, 0x8c48, 0x8c48, 0x8c48, 0x8c48, 0x8c48, 
  0x8c48, 0x8c48, 0x8c48, 0x8c48, 0x8c48, 0x8c48, 0x8c48, 0x8c48, 0x8c48, 0x8c48, 0x8c48, 0x8c48, 
  0x8c48, 0x8c48, 0x8c48, 0x8c48, 0x8c48, 0x8c48, 0x8c48, 0x8c48, 0x8c48, 0x8c48, 0x8c48, 0x8c48, 
  0x8c48, 0x8c48, 0x8c48, 0x8c48, 0x8c48, 0x8c48, 0x8c48, 0x8c48, 0x8c48, 0x8c48, 0x8c48, 0x8c48, 
  0x8c48, 0x8c48, 0x8c48, 0x8c48, 0x8c48, 0x8c48, 0x8c48, 0x8c48, 0x8c48, 0x8c48, 0x8c48, 0x8c48, 
  0x8c48, 0x8c48, 0x8c48, 0x8c48, 0x8c48, 0x8c48, 0x8c48, 0x8c48, 0x8c48, 0x8c48, 0x8c48, 0x8c48, 
  0x8c48, 0x8c48, 0x8c48, 0x8c48, 0x8c48, 0x8c48, 0x8c48, 0x8c48, 0x8c48, 0x8c48, 0x8c48, 0x8c48, 
  0x8c48, 0x8c48, 0x8c48, 0x8c48, 0x8c48, 0x8c48, 0x8c48, 0x8c48, 0x8c48, 0x8c48, 0x8c48, 0x8c48, 
  0x94a8, 0x94a8, 0x8c48, 0x8c48, 0x8c48, 0x8c48, 0x8c48, 0x8c48, 0x8c48, 0x8c48, 0x8c48, 0x8c48, 
  0x8c48, 0x8c48, 0x8c48, 0x8c48, 0x8c48, 0x8c48, 0x8c48, 0x8c48, 0x8c48, 0x8c48, 0x8c48, 0x8c48, 
  0x8c48, 0x8c48, 0x8c48, 0x8c48, 0x8c48, 0x8c48, 0x8c48, 0x8c48, 0x8c48, 0x8c48, 0x8c48, 0x8c48, 
  0x8c48, 0x8c48, 0x8c48, 0x8c48, 0x8c48, 0x8c48, 0x8c48, 0x8c48, 0x8c48, 0x8c48, 0x8c48, 0x8c48, 
  0x8c48, 0x8c48, 0x8c48, 0x8c48, 0x8c48, 0x8c48, 0x8c48, 0x8c48, 0x8c48, 0x8c48, 0x8c48, 0x8c48, 
  0x8c48, 0x8c48, 0x8c48, 0x8c48, 0x8c48, 0x8c48, 0x8c48, 0x8c48, 0x8c48, 0x8c48, 0x8c48, 0x8c48, 
  0x8c48, 0x8c48, 0x8c48, 0x8c48, 0x8c48, 0x8c48, 0x8c48, 0x8c48, 0x8c48, 0x8c48, 0x8c48, 0x8c48, 
  0x8c48, 0x8c48, 0x8c48, 0x8c48, 0x8c48, 0x8c48, 0x8c48, 0x8c48, 0x8c48, 0x8c48, 0x8c48, 0x8c48, 
  0x8c48, 0x8c48, 0x8c48, 0x8c48, 0x8c48, 0x8c48, 0x8c48, 0x8c48, 0x8c48, 0x8c48, 0x8c48, 0x8c48, 
  0x8c48, 0x8c48, 0x8c48, 0x8c48, 0x8c48, 0x8c48, 0x8c48, 0x8c48, 0x8c48, 0x8c48, 0x8c48, 0x8c48, 
  0x8c48, 0x8c48, 0x8c48, 0x8c48, 0x8c48, 0x8c48, 0x8c48, 0x8c48, 0x8c48, 0x8c48, 0x8c48, 0x8c48, 
  0x8c48, 0x8c48, 0x8c48, 0x8c48, 0x8c48, 0x8c48, 0x8c48, 0x8c48, 0x8c48, 0x8c48, 0x8c48, 0x8c48, 
  0x8c48, 0x8c48, 0x8c48, 0x8c48, 0x8c48, 0x8c48, 0x8c48, 0x8c48, 0x8c48, 0x8c48, 0x8c48, 0x8c48, 
  0x8c48, 0x8c48, 0x8c48, 0x8c48, 0x8c48, 0x8c48, 0x8c48, 0x8c48, 0x8c48, 0x8c48, 0x8c48, 0x8c48, 
  0x8c48, 0x8c48, 0x8c48, 0x8c48, 0x8c48, 0x8c48, 0x8c48, 0x8c48, 0x8c48, 0x8c48, 0x8c48, 0x8c48, 
  0x8c48, 0x8c48, 0x8c48, 0x8c48, 0x8c48, 0x8c48, 0x8c48, 0x8c48, 0x8c48, 0x8c48, 0x8c48, 0x8c48, 
  0x8c48, 0x8c48, 0x8c48, 0x8c48, 0x8c48, 0x8c48, 0x8c48, 0x8c48, 0x8c48, 0x8c48, 0x8c48, 0x8c48, 
  0x8c48, 0x8c48, 0x8c48, 0x8c48, 0x8c48, 0x8c48, 0x8c48, 0x8c48, 0x8c48, 0x8c48, 0x8c48, 0x8c48, 
  0x8c48, 0x8c48, 0x8c48, 0x8c48, 0x8c48, 0x8c48, 0x8c48, 0x8c48, 0x8c48, 0x8c48, 0x8c48, 0x8c48, 
  0x8c48, 0x8c48, 0x8c48, 0x8c48, 0x8c48, 0x8c48, 0x8c48, 0x8c48, 0x8c48, 0x8c48, 0x8c48, 0x8c48, 
  0x8c48, 0x8c48, 0x8c48, 0x8c48, 0x8c48, 0x8c48, 0x8c48, 0x8c48, 0x8c48, 0x8c48, 0x8c48, 0x8c48, 
  0x8c48, 0x8c48, 0x8c48, 0x8c48, 0x8c48, 0x8c48, 0x8c48, 0x8c48, 0x8c48, 0x8c48, 0x8c48, 0x8c48, 
  0x8c48, 0x8c48, 0x8c48, 0x8c48, 0x8c48, 0x8c48, 0x8c48, 0x8c48, 0x8c48, 0x8c48, 0x8c48, 0x8c48, 
  0x8c48, 0x8c48, 0x8c48, 0x8c48, 0x8c48, 0x8c48, 0x94a8, 0x94a8, 0x8c48, 0x8c48, 0x8c48, 0x8c48, 
  0x8c48, 0x8c48, 0x8c48, 0x8c48, 0x8c48, 0x8c48, 0x8c48, 0x8c48, 0x8c48, 0x8c48, 0x8c48, 0x8c48, 
  0x8c48, 0x8c48, 0x8c48, 0x8c48, 0x8c48, 0x8c48, 0x8c48, 0x8c48, 0x8c48, 0x8c48, 0x8c48, 0x8c48, 
  0x8c48, 0x8c48, 0x8c48, 0x8c48, 0x8c48, 0x8c48, 0x8c48, 0x8c48, 0x8c48, 0x8c48, 0x8c48, 0x8c48, 
  0x8c48, 0x8c48, 0x8c48, 0x8c48, 0x8c48, 0x8c48, 0x8c48, 0x8c48, 0x8c48, 0x8c48, 0x8c48, 0x8c48, 
  0x8c48, 0x8c48, 0x8c88, 0x8c88, 0x8c88, 0x8c88, 0x8c48, 0x8c48, 0x8c48, 0x8c48, 0x8c48, 0x8c48, 
  0x8c48, 0x8c48, 0x8c48, 0x8c48, 0x8c48, 0x8c48, 0x8c48, 0x8c48, 0x8c48, 0x8c48, 0x8c48, 0x8c48, 
  0x8c48, 0x8c48, 0x8c48, 0x8c48, 0x8c48, 0x8c48, 0x8c48, 0x8c48, 0x8c48, 0x8c48, 0x8c48, 0x8c48, 
  0x8c48, 0x8c48, 0x8c48, 0x8c48, 0x8c48, 0x8c48, 0x8c48, 0x8c48, 0x8c48, 0x8c48, 0x8c48, 0x8c48, 
  0x8c48, 0x8c48, 0x8c48, 0x8c48, 0x8c48, 0x8c48, 0x8c48, 0x8c48, 0x8c48, 0x8c48, 0x8c48, 0x8c48, 
  0x8c48, 0x8c48, 0x8c48, 0x8c48, 0x8c48, 0x8c48, 0x8c48, 0x8c48, 0x8c48, 0x8c48, 0x8c48, 0x8c48, 
  0x8c48, 0x8c48, 0x8c48, 0x8c48, 0x8c48, 0x8c48, 0x8c48, 0x8c48, 0x8c48, 0x8c48, 0x8c48, 0x8c48, 
  0x8c48, 0x8c48, 0x8c48, 0x8c48, 0x8c48, 0x8c48, 0x8c48, 0x8c48, 0x8c48, 0x8c48, 0x8c48, 0x8c48, 
  0x8c48, 0x8c48, 0x8c48, 0x8c48, 0x8c48, 0x8c48, 0x8c48, 0x8c48, 0x8c48, 0x8c48, 0x8c48, 0x8c48, 
  0x8c48, 0x8c48, 0x8c48, 0x8c48, 0x8c48, 0x8c48, 0x8c48, 0x8c48, 0x8c48, 0x8c48, 0x8c48, 0x8c48, 
  0x8c48, 0x8c48, 0x8c48, 0x8c48, 0x8c48, 0x8c48, 0x8c48, 0x8c48, 0x8c48, 0x8c48, 0x8c48, 0x8c48, 
  0x8c48, 0x8c48, 0x8c48, 0x8c48, 0x8c48, 0x8c48, 0x8c48, 0x8c48, 0x8c48, 0x8c48, 0x8c48, 0x8c48, 
  0x8c48, 0x8c48, 0x8c48, 0x8c48, 0x8c48, 0x8c48, 0x8c48, 0x8c48, 0x8c48, 0x8c48, 0x8c48, 0x8c48, 
  0x8c48, 0x8c48, 0x8c48, 0x8c48, 0x8c48, 0x8c48, 0x8c48, 0x8c48, 0x8c48, 0x8c48, 0x8c48, 0x8c48, 
  0x8c48, 0x8c48, 0x8c48, 0x8c48, 0x8c48, 0x8c48, 0x8c48, 0x8c48, 0x8c48, 0x8c48, 0x8c48, 0x8c48, 
  0x8c48, 0x8c48, 0x8c48, 0x8c48, 0x8c48, 0x8c48, 0x8c48, 0x8c48, 0x8c48, 0x8c48, 0x8c48, 0x8c48, 
  0x8c48, 0x8c48, 0x8c48, 0x8c48, 0x8c48, 0x8c48, 0x8c48, 0x8c48, 0x8c48, 0x8c48, 0x8c48, 0x8c48, 
  0x8c48, 0x8c48, 0x8c48, 0x8c48, 0x8c48, 0x8c48, 0x8c48, 0x8c48, 0x8c48, 0x8c48, 0x8c48, 0x8c48, 
  0x8c48, 0x8c48, 0x8c48, 0x8c48, 0x8c48, 0x8c48, 0x8c48, 0x8c48, 0x8c48, 0x8c48, 0x94a8, 0x94a8, 
  0x8c48, 0x8c48, 0x8c48, 0x8c48, 0x8c48, 0x8c48, 0x8c48, 0x8c48, 0x8c48, 0x8c48, 0x8c48, 0x8c48, 
  0x8c48, 0x8c48, 0x8c48, 0x8c48, 0x8c48, 0x8c48, 0x8c48, 0x8c48, 0x8c48, 0x8c48, 0x8c48, 0x8c48, 
  0x8c48, 0x8c48, 0x8c48, 0x8c48, 0x8c48, 0x8c48, 0x8c48, 0x8c48, 0x8c48, 0x8c48, 0x8c48, 0x8c48, 
  0x8c48, 0x8c48, 0x8c48, 0x8c48, 0x8c48, 0x8c48, 0x8c48, 0x8c48, 0x8c48, 0x8c48, 0x8c48, 0x8c48, 
  0x8c48, 0x8c48, 0x8c48, 0x8c48, 0x8c48, 0x8c48, 0x8c88, 0x8c88, 0x8c88, 0x8c88, 0x8c48, 0x8c48, 
  0x8c48, 0x8c48, 0x8c48, 0x8c48, 0x8c48, 0x8c48, 0x8c48, 0x8c48, 0x8c48, 0x8c48, 0x8c48, 0x8c48, 
  0x8c48, 0x8c48, 0x8c48, 0x8c48, 0x8c48, 0x8c48, 0x8c48, 0x8c48, 0x8c48, 0x8c48, 0x8c48, 0x8c48, 
  0x8c48, 0x8c48, 0x8c48, 0x8c48, 0x8c48, 0x8c48, 0x8c48, 0x8c48, 0x8c48, 0x8c48, 0x8c48, 0x8c48, 
  0x8c48, 0x8c48, 0x8c48, 0x8c48, 0x8c48, 0x8c48, 0x8c48, 0x8c48, 0x8c48, 0x8c48, 0x8c48, 0x8c48, 
  0x8c48, 0x8c48, 0x8c48, 0x8c48, 0x8c48, 0x8c48, 0x8c48, 0x8c48, 0x8c48, 0x8c48, 0x8c48, 0x8c48, 
  0x8c48, 0x8c48, 0x8c48, 0x8c48, 0x8c48, 0x8c48, 0x8c48, 0x8c48, 0x8c48, 0x8c48, 0x8c48, 0x8c48, 
  0x8c48, 0x8c48, 0x8c48, 0x8c48, 0x8c48, 0x8c48, 0x8c48, 0x8c48, 0x8c48, 0x8c48, 0x8c48, 0x8c48, 
  0x8c48, 0x8c48, 0x8c48, 0x8c48, 0x8c48, 0x8c48, 0x8c48, 0x8c48, 0x8c48, 0x8c48, 0x8c48, 0x8c48, 
  0x8c48, 0x8c48, 0x8c48, 0x8c48, 0x8c48, 0x8c48, 0x8c48, 0x8c48, 0x8c48, 0x8c48, 0x8c48, 0x8c48, 
  0x8c48, 0x8c48, 0x8c48, 0x8c48, 0x8c48, 0x8c48, 0x8c48, 0x8c48, 0x8c48, 0x8c48, 0x8c48, 0x8c48, 
  0x8c48, 0x8c48, 0x8c48, 0x8c48, 0x8c48, 0x8c48, 0x8c48, 0x8c48, 0x8c48, 0x8c48, 0x8c48, 0x8c48, 
  0x8c48, 0x8c48, 0x8c48, 0x8c48, 0x8c48, 0x8c48, 0x8c48, 0x8c48, 0x8c48, 0x8c48, 0x8c48, 0x8c48, 
  0x8c48, 0x8c48, 0x8c48, 0x8c48, 0x8c48, 0x8c48, 0x8c48, 0x8c48, 0x8c48, 0x8c48, 0x8c48, 0x8c48, 
  0x8c48, 0x8c48, 0x8c48, 0x8c48, 0x8c48, 0x8c48, 0x8c48, 0x8c48, 0x8c48, 0x8c48, 0x8c48, 0x8c48, 
  0x8c48, 0x8c48, 0x8c48, 0x8c48, 0x8c48, 0x8c48, 0x8c48, 0x8c48, 0x8c48, 0x8c48, 0x8c48, 0x8c48, 
  0x8c48, 0x8c48, 0x8c48, 0x8c48, 0x8c48, 0x8c48, 0x8c48, 0x8c48, 0x8c48, 0x8c48, 0x8c48, 0x8c48, 
  0x8c48, 0x8c48, 0x8c48, 0x8c48, 0x8c48, 0x8c48, 0x8c48, 0x8c48, 0x8c48, 0x8c48, 0x8c48, 0x8c48, 
  0x8c48, 0x8c48, 0x8c48, 0x8c48, 0x8c48, 0x8c48, 0x8c48, 0x8c48, 0x8c48, 0x8c48, 0x8c48, 0x8c48, 
  0x8c48, 0x8c48, 0x8c88, 0x8c88, 0x8c88, 0x8c88, 0x8c48, 0x8c48, 0x8c48, 0x8c48, 0x8c48, 0x8c48, 
  0x8c48, 0x8c48, 0x8c48, 0x8c48, 0x8c48, 0x8c48, 0x8c48, 0x8c48, 0x8c48, 0x8c48, 0x8c48, 0x8c48, 
  0x8c48, 0x8c48, 0x8c48, 0x8c48, 0x8c48, 0x8c48, 0x8c48, 0x8c48, 0x8c48, 0x8c48, 0x8c48, 0x8c48, 
  0x8c48, 0x8c48, 0x8c48, 0x8c48, 0x8c48, 0x8c48, 0x8c48, 0x8c48, 0x8c48, 0x8c48, 0x8c48, 0x8c48, 
  0x8c48, 0x8c48, 0x8c48, 0x8c48, 0x8c48, 0x8c48, 0x8c48, 0x8c48, 0x8c48, 0x8c48, 0x8427, 0x8427, 
  0x94a8, 0x94a8, 0x94a8, 0x94a8, 0x8c48, 0x8c48, 0x8c48, 0x8c48, 0x8c48, 0x8c48, 0x8c48, 0x8c48, 
  0x8c48, 0x8c48, 0x8c48, 0x8c48, 0x8c48, 0x8c48, 0x8c48, 0x8c48, 0x8c48, 0x8c48, 0x8c48, 0x8c48, 
  0x8c48, 0x8c48, 0x8c48, 0x8c48, 0x8c48, 0x8c48, 0x8c48, 0x8c48, 0x8c48, 0x8c48, 0x8c48, 0x8c48, 
  0x8c48, 0x8c48, 0x8c48, 0x8c48, 0x8c48, 0x8c48, 0x8c48, 0x8c48, 0x8c48, 0x8c48, 0x8c48, 0x8c48, 
  0x8c48, 0x8c48, 0x8c48, 0x8c48, 0x8c48, 0x8c48, 0x8c48, 0x8c48, 0x8c48, 0x8c48, 0x8c48, 0x8c48, 
  0x8c48, 0x8c48, 0x8c48, 0x8c48, 0x8c48, 0x8c48, 0x8c48, 0x8c48, 0x8c48, 0x8c48, 0x8c48, 0x8c48, 
  0x8c48, 0x8c48, 0x8c48, 0x8c48, 0x8c48, 0x8c48, 0x8c48, 0x8c48, 0x8c48, 0x8c48, 0x8c48, 0x8c48, 
  0x8c48, 0x8c48, 0x8c48, 0x8c48, 0x8c48, 0x8c48, 0x8c48, 0x8c48, 0x8c48, 0x8c48, 0x8c48, 0x8c48, 
  0x8c48, 0x8c48, 0x8c48, 0x8c48, 0x8c48, 0x8c48, 0x8c48, 0x8c48, 0x8c48, 0x8c48, 0x8c48, 0x8c48, 
  0x8c48, 0x8c48, 0x8c88, 0x8c88, 0x8c48, 0x8c48, 0x8c48, 0x8c48, 0x8c48, 0x8c48, 0x8c48, 0x8c48, 
  0x8c48, 0x8c48, 0x8c48, 0x8c48, 0x8c48, 0x8c48, 0x8c48, 0x8c48, 0x8c48, 0x8c48, 0x8c48, 0x8c48, 
  0x8c48, 0x8c48, 0x8c48, 0x8c48, 0x8c48, 0x8c48, 0x8c48, 0x8c48, 0x8c48, 0x8c48, 0x8c48, 0x8c48, 
  0x8c48, 0x8c48, 0x8c48, 0x8c48, 0x8c48, 0x8c48, 0x8c48, 0x8c48, 0x8c48, 0x8c48, 0x8c48, 0x8c48, 
  0x8c48, 0x8c48, 0x8c48, 0x8c48, 0x8c48, 0x8c48, 0x8c48, 0x8c48, 0x8c48, 0x8c48, 0x8c48, 0x8c48, 
  0x8c48, 0x8c48, 0x8c48, 0x8c48, 0x8c48, 0x8c48, 0x8c48, 0x8c48, 0x8c48, 0x8c48, 0x8c48, 0x8c48, 
  0x8c48, 0x8c48, 0x8c48, 0x8c48, 0x8c48, 0x8c48, 0x8c48, 0x8c48, 0x8c48, 0x8c48, 0x8c48, 0x8c48, 
  0x8c48, 0x8c48, 0x8c48, 0x8c48, 0x8c48, 0x8c48, 0x8c48, 0x8c48, 0x8c48, 0x8c48, 0x8c48, 0x8c48, 
  0x8c48, 0x8c48, 0x8c48, 0x8c48, 0x8c48, 0x8c48, 0x8c48, 0x8c48, 0x8c48, 0x8c48, 0x8c48, 0x8c48, 
  0x8c48, 0x8c48, 0x8c48, 0x8c48, 0x8c48, 0x8c48, 0x8c88, 0x8c88, 0x8c88, 0x8c88, 0x8c48, 0x8c48, 
  0x8c48, 0x8c48, 0x8c48, 0x8c48, 0x8c48, 0x8c48, 0x8c48, 0x8c48, 0x8c48, 0x8c48, 0x8c48, 0x8c48, 
  0x8c48, 0x8c48, 0x8c48, 0x8c48, 0x8c48, 0x8c48, 0x8c48, 0x8c48, 0x8c48, 0x8c48, 0x8c48, 0x8c48, 
  0x8c48, 0x8c48, 0x8c48, 0x8c48, 0x8c48, 0x8c48, 0x8c48, 0x8c48, 0x8c48, 0x8c48, 0x8c48, 0x8c48, 
  0x8c48, 0x8c48, 0x8c48, 0x8c48, 0x8c48, 0x8c48, 0x8c48, 0x8c48, 0x8c48, 0x8c48, 0x8c48, 0x8c48, 
  0x8c48, 0x8c48, 0x8427, 0x8427, 0x94a8, 0x94a8, 0x94a8, 0x94a8, 0x8c48, 0x8c48, 0x8c48, 0x8c48, 
  0x8c48, 0x8c48, 0x8c48, 0x8c48, 0x8c48, 0x8c48, 0x8c48, 0x8c48, 0x8c48, 0x8c48, 0x8c48, 0x8c48, 
  0x8c48, 0x8c48, 0x8c48, 0x8c48, 0x8c48, 0x8c48, 0x8c48, 0x8c48, 0x8c48, 0x8c48, 0x8c48, 0x8c48, 
  0x8c48, 0x8c48, 0x8c48, 0x8c48, 0x8c48, 0x8c48, 0x8c48, 0x8c48, 0x8c48, 0x8c48, 0x8c48, 0x8c48, 
  0x8c48, 0x8c48, 0x8c48, 0x8c48, 0x8c48, 0x8c48, 0x8c48, 0x8c48, 0x8c48, 0x8c48, 0x8c48, 0x8c48, 
  0x8c48, 0x8c48, 0x8c48, 0x8c48, 0x8c48, 0x8c48, 0x8c48, 0x8c48, 0x8c48, 0x8c48, 0x8c48, 0x8c48, 
  0x8c48, 0x8c48, 0x8c48, 0x8c48, 0x8c48, 0x8c48, 0x8c48, 0x8c48, 0x8c48, 0x8c48, 0x8c48, 0x8c48, 
  0x8c48, 0x8c48, 0x8c48, 0x8c48, 0x8c48, 0x8c48, 0x8c48, 0x8c48, 0x8c48, 0x8c48, 0x8c48, 0x8c48, 
  0x8c48, 0x8c48, 0x8c48, 0x8c48, 0x8c48, 0x8c48, 0x8c48, 0x8c48, 0x8c48, 0x8c48, 0x8c48, 0x8c48, 
  0x8c48, 0x8c48, 0x8c48, 0x8c48, 0x8c48, 0x8c48, 0x8c88, 0x8c88, 0x8c48, 0x8c48, 0x8c48, 0x8c48, 
  0x8c48, 0x8c48, 0x8c48, 0x8c48, 0x8c48, 0x8c48, 0x8c48, 0x8c48, 0x8c48, 0x8c48, 0x8c48, 0x8c48, 
  0x8c48, 0x8c48, 0x8c48, 0x8c48, 0x8c48, 0x8c48, 0x8c48, 0x8c48, 0x8c48, 0x8c48, 0x8c48, 0x8c48, 
  0x8c48, 0x8c48, 0x8c48, 0x8c48, 0x8c48, 0x8c48, 0x8c48, 0x8c48, 0x8c48, 0x8c48, 0x8c48, 0x8c48, 
  0x8c48, 0x8c48, 0x8c48, 0x8c48, 0x8c48, 0x8c48, 0x8c48, 0x8c48, 0x8c48, 0x8c48, 0x8c48, 0x8c48, 
  0x8c48, 0x8c48, 0x8c48, 0x8c48, 0x8c48, 0x8c48, 0x8c48, 0x8c48, 0x8c48, 0x8c48, 0x8c48, 0x8c48, 
  0x8c48, 0x8c48, 0x8c48, 0x8c48, 0x8c48, 0x8c48, 0x8c48, 0x8c48, 0x8c48, 0x8c48, 0x8c48, 0x8c48, 
  0x8c48, 0x8c48, 0x8c48, 0x8c48, 0x8c48, 0x8c48, 0x8c48, 0x8c48, 0x8c48, 0x8c48, 0x8c48, 0x8c48, 
  0x8c48, 0x8c48, 0x8c48, 0x8c48, 0x8c48, 0x8c48, 0x8c48, 0x8c48, 0x8c48, 0x8c48, 0x8c48, 0x8c48, 
  0x8c48, 0x8c48, 0x8c48, 0x8c48, 0x8c48, 0x8c48, 0x8c48, 0x8c48, 0x8427, 0x8427, 0x8c88, 0x8c88, 
  0x8c88, 0x8c88, 0x8c48, 0x8c48, 0x8c48, 0x8c48, 0x8c48, 0x8c48, 0x8c48, 0x8c48, 0x8c48, 0x8c48, 
  0x8c48, 0x8c48, 0x8c48, 0x8c48, 0x8c48, 0x8c48, 0x8c48, 0x8c48, 0x8c48, 0x8c48, 0x8c48, 0x8c48, 
  0x8c48, 0x8c48, 0x8c48, 0x8c48, 0x8c48, 0x8c48, 0x8c48, 0x8c48, 0x8c48, 0x8c48, 0x8c48, 0x8c48, 
  0x8c48, 0x8c48, 0x8c48, 0x8c48, 0x8c48, 0x8c48, 0x8c48, 0x8c48, 0x8c48, 0x8c48, 0x8c48, 0x8c48, 
  0x8c48, 0x8c48, 0x8c48, 0x8c48, 0x8c48, 0x8c48, 0x8c48, 0x8c48, 0x94a8, 0x94a8, 0x8c88, 0x8c88, 
  0x8c88, 0x8c88, 0x8c48, 0x8c48, 0x8c48, 0x8c48, 0x8c48, 0x8c48, 0x8c88, 0x8c88, 0x8c48, 0x8c48, 
  0x8c48, 0x8c48, 0x8c48, 0x8c48, 0x8c48, 0x8c48, 0x8c48, 0x8c48, 0x8c48, 0x8c48, 0x8c48, 0x8c48, 
  0x8c48, 0x8c48, 0x8c48, 0x8c48, 0x8c48, 0x8c48, 0x8c48, 0x8c48, 0x8c48, 0x8c48, 0x8c48, 0x8c48, 
  0x8c48, 0x8c48, 0x8c48, 0x8c48, 0x8c48, 0x8c48, 0x8c48, 0x8c48, 0x8c48, 0x8c48, 0x8c48, 0x8c48, 
  0x8c48, 0x8c48, 0x8c48, 0x8c48, 0x8c48, 0x8c48, 0x8c48, 0x8c48, 0x8c48, 0x8c48, 0x8c48, 0x8c48, 
  0x8c48, 0x8c48, 0x8c48, 0x8c48, 0x8c48, 0x8c48, 0x8c48, 0x8c48, 0x8c48, 0x8c48, 0x8c48, 0x8c48, 
  0x8c48, 0x8c48, 0x8c48, 0x8c48, 0x8c48, 0x8c48, 0x8c48, 0x8c48, 0x8c48, 0x8c48, 0x8c48, 0x8c48, 
  0x8c48, 0x8c48, 0x8c48, 0x8c48, 0x8c48, 0x8c48, 0x8c48, 0x8c48, 0x8c48, 0x8c48, 0x8c48, 0x8c48, 
  0x8c48, 0x8c48, 0x8c48, 0x8c48, 0x8c48, 0x8c48, 0x8c48, 0x8c48, 0x94a8, 0x94a8, 0x94a8, 0x94a8, 
  0x8c48, 0x8c48, 0x8c48, 0x8c48, 0x8c48, 0x8c48, 0x8c48, 0x8c48, 0x8c48, 0x8c48, 0x8c48, 0x8c48, 
  0x8c48, 0x8c48, 0x8c48, 0x8c48, 0x8c48, 0x8c48, 0x8c48, 0x8c48, 0x8c48, 0x8c48, 0x8c48, 0x8c48, 
  0x8c48, 0x8c48, 0x8c48, 0x8c48, 0x8c48, 0x8c48, 0x8c48, 0x8c48, 0x8c48, 0x8c48, 0x8c48, 0x8c48, 
  0x8c48, 0x8c48, 0x8c48, 0x8c48, 0x8c48, 0x8c48, 0x8c48, 0x8c48, 0x8c48, 0x8c48, 0x8c48, 0x8c48, 
  0x8c48, 0x8c48, 0x8c48, 0x8c48, 0x8c48, 0x8c48, 0x8c48, 0x8c48, 0x8c48, 0x8c48, 0x8c48, 0x8c48, 
  0x8c48, 0x8c48, 0x8c48, 0x8c48, 0x8c48, 0x8c48, 0x8c48, 0x8c48, 0x8c48, 0x8c48, 0x8c48, 0x8c48, 
  0x8c48, 0x8c48, 0x8c48, 0x8c48, 0x8c48, 0x8c48, 0x8c48, 0x8c48, 0x8c48, 0x8c48, 0x8c48, 0x8c48, 
  0x8c48, 0x8c48, 0x8c48, 0x8c48, 0x8c48, 0x8c48, 0x8c48, 0x8c48, 0x8c48, 0x8c48, 0x8c48, 0x8c48, 
  0x8c48, 0x8c48, 0x8c48, 0x8c48, 0x8c48, 0x8c48, 0x8c48, 0x8c48, 0x8c48, 0x8c48, 0x8c48, 0x8c48, 
  0x8427, 0x8427, 0x8c88, 0x8c88, 0x8c88, 0x8c88, 0x8c48, 0x8c48, 0x8c48, 0x8c48, 0x8c48, 0x8c48, 
  0x8c48, 0x8c48, 0x8c48, 0x8c48, 0x8c48, 0x8c48, 0x8c48, 0x8c48, 0x8c48, 0x8c48, 0x8c48, 0x8c48, 
  0x8c48, 0x8c48, 0x8c48, 0x8c48, 0x8c48, 0x8c48, 0x8c48, 0x8c48, 0x8c48, 0x8c48, 0x8c48, 0x8c48, 
  0x8c48, 0x8c48, 0x8c48, 0x8c48, 0x8c48, 0x8c48, 0x8c48, 0x8c48, 0x8c48, 0x8c48, 0x8c48, 0x8c48, 
  0x8c48, 0x8c48, 0x8c48, 0x8c48, 0x8c48, 0x8c48, 0x8c48, 0x8c48, 0x8c48, 0x8c48, 0x8c48, 0x8c48, 
  0x94a8, 0x94a8, 0x8c88, 0x8c88, 0x8c88, 0x8c88, 0x8c48, 0x8c48, 0x8c48, 0x8c48, 0x8c48, 0x8c48, 
  0x8c88, 0x8c88, 0x8c48, 0x8c48, 0x8c48, 0x8c48, 0x8c48, 0x8c48, 0x8c48, 0x8c48, 0x8c48, 0x8c48, 
  0x8c48, 0x8c48, 0x8c48, 0x8c48, 0x8c48, 0x8c48, 0x8c48, 0x8c48, 0x8c48, 0x8c48, 0x8c48, 0x8c48, 
  0x8c48, 0x8c48, 0x8c48, 0x8c48, 0x8c48, 0x8c48, 0x8c48, 0x8c48, 0x8c48, 0x8c48, 0x8c48, 0x8c48, 
  0x8c48, 0x8c48, 0x8c48, 0x8c48, 0x8c48, 0x8c48, 0x8c48, 0x8c48, 0x8c48, 0x8c48, 0x8c48, 0x8c48, 
  0x8c48, 0x8c48, 0x8c48, 0x8c48, 0x8c48, 0x8c48, 0x8c48, 0x8c48, 0x8c48, 0x8c48, 0x8c48, 0x8c48, 
  0x8c48, 0x8c48, 0x8c48, 0x8c48, 0x8c48, 0x8c48, 0x8c48, 0x8c48, 0x8c48, 0x8c48, 0x8c48, 0x8c48, 
  0x8c48, 0x8c48, 0x8c48, 0x8c48, 0x8c48, 0x8c48, 0x8c48, 0x8c48, 0x8c48, 0x8c48, 0x8c48, 0x8c48, 
  0x8c48, 0x8c48, 0x8c48, 0x8c48, 0x8c48, 0x8c48, 0x8c48, 0x8c48, 0x8c48, 0x8c48, 0x8c48, 0x8c48, 
  0x94a8, 0x94a8, 0x94a8, 0x94a8, 0x8c48, 0x8c48, 0x8c48, 0x8c48, 0x8c48, 0x8c48, 0x8c48, 0x8c48, 
  0x8c48, 0x8c48, 0x8c48, 0x8c48, 0x8c48, 0x8c48, 0x8c48, 0x8c48, 0x8c48, 0x8c48, 0x8c48, 0x8c48, 
  0x8c48, 0x8c48, 0x8c48, 0x8c48, 0x8c48, 0x8c48, 0x8c48, 0x8c48, 0x8c48, 0x8c48, 0x8c48, 0x8c48, 
  0x8c48, 0x8c48, 0x8c48, 0x8c48, 0x8c48, 0x8c48, 0x8c48, 0x8c48, 0x8c48, 0x8c48, 0x8c48, 0x8c48, 
  0x8c48, 0x8c48, 0x8c48, 0x8c48, 0x8c48, 0x8c48, 0x8c48, 0x8c48, 0x8c48, 0x8c48, 0x8c48, 0x8c48, 
  0x8c48, 0x8c48, 0x8c48, 0x8c48, 0x8c48, 0x8c48, 0x8c48, 0x8c48, 0x8c48, 0x8c48, 0x8c48, 0x8c48, 
  0x8c48, 0x8c48, 0x8c48, 0x8c48, 0x8c48, 0x8c48, 0x8c48, 0x8c48, 0x8c48, 0x8c48, 0x8c48, 0x8c48, 
  0x8c48, 0x8c48, 0x8c48, 0x8c48, 0x8c48, 0x8c48, 0x8c48, 0x8c48, 0x8c48, 0x8c48, 0x8c48, 0x8c48, 
  0x8c48, 0x8c48, 0x8c48, 0x8c48, 0x8c48, 0x8c48, 0x8c48, 0x8c48, 0x8c48, 0x8c48, 0x8c48, 0x8c48, 
  0x8c48, 0x8c48, 0x94a8, 0x94a8, 0x8c88, 0x8c88, 0x8427, 0x8427, 0x8427, 0x8427, 0x8c48, 0x8c48, 
  0x8c48, 0x8c48, 0x8c48, 0x8c48, 0x8c48, 0x8c48, 0x8c48, 0x8c48, 0x8c48, 0x8c48, 0x8c48, 0x8c48, 
  0x8c48, 0x8c48, 0x8c48, 0x8c48, 0x8c48, 0x8c48, 0x8c48, 0x8c48, 0x8c48, 0x8c48, 0x8c48, 0x8c48, 
  0x8c48, 0x8c48, 0x8c48, 0x8c48, 0x8c48, 0x8c48, 0x8c48, 0x8c48, 0x8c48, 0x8c48, 0x8c48, 0x8c48, 
  0x8c48, 0x8c48, 0x8c48, 0x8c48, 0x8c48, 0x8c48, 0x8c48, 0x8c48, 0x8c48, 0x8c48, 0x8c48, 0x8c48, 
  0x8c48, 0x8c48, 0x8c48, 0x8c48, 0x8427, 0x8427, 0x8c88, 0x8c88, 0x8c88, 0x8c88, 0x8c48, 0x8c48, 
  0x94a8, 0x94a8, 0x8c88, 0x8c88, 0x8c48, 0x8c48, 0x8c48, 0x8c48, 0x8c48, 0x8c48, 0x8c48, 0x8c48, 
  0x8c48, 0x8c48, 0x8c48, 0x8c48, 0x8c48, 0x8c48, 0x8c48, 0x8c48, 0x8c48, 0x8c48, 0x8c48, 0x8c48, 
  0x8c48, 0x8c48, 0x8c48, 0x8c48, 0x8c48, 0x8c48, 0x8c48, 0x8c48, 0x8c48, 0x8c48, 0x8c48, 0x8c48, 
  0x8c48, 0x8c48, 0x8c48, 0x8c48, 0x8c48, 0x8c48, 0x8c48, 0x8c48, 0x8c48, 0x8c48, 0x8c48, 0x8c48, 
  0x8c48, 0x8c48, 0x8c48, 0x8c48, 0x8c48, 0x8c48, 0x8c48, 0x8c48, 0x8c48, 0x8c48, 0x8c48, 0x8c48, 
  0x8c48, 0x8c48, 0x8c48, 0x8c48, 0x8c48, 0x8c48, 0x8c48, 0x8c48, 0x8c48, 0x8c48, 0x8c48, 0x8c48, 
  0x8c48, 0x8c48, 0x8c48, 0x8c48, 0x8c48, 0x8c48, 0x8c48, 0x8c48, 0x8c48, 0x8c48, 0x8c48, 0x8c48, 
  0x8c48, 0x8c48, 0x8c48, 0x8c48, 0x8c48, 0x8c48, 0x8c48, 0x8c48, 0x8c48, 0x8c48, 0x8c48, 0x8c48, 
  0x8c48, 0x8c48, 0x8c88, 0x8c88, 0x94a8, 0x94a8, 0x8427, 0x8427, 0x8c48, 0x8c48, 0x8c48, 0x8c48, 
  0x8c48, 0x8c48, 0x8c48, 0x8c48, 0x8c48, 0x8c48, 0x8c48, 0x8c48, 0x8c48, 0x8c48, 0x8c48, 0x8c48, 
  0x8c48, 0x8c48, 0x8c48, 0x8c48, 0x8c48, 0x8c48, 0x8c48, 0x8c48, 0x8c48, 0x8c48, 0x8c48, 0x8c48, 
  0x8c48, 0x8c48, 0x8c48, 0x8c48, 0x8c48, 0x8c48, 0x8c48, 0x8c48, 0x8c48, 0x8c48, 0x8c48, 0x8c48, 
  0x8c48, 0x8c48, 0x8c48, 0x8c48, 0x8c48, 0x8c48, 0x8c48, 0x8c48, 0x8c48, 0x8c48, 0x8c48, 0x8c48, 
  0x8c48, 0x8c48, 0x8c48, 0x8c48, 0x8c48, 0x8c48, 0x8c48, 0x8c48, 0x8c48, 0x8c48, 0x8c48, 0x8c48, 
  0x8c48, 0x8c48, 0x8c48, 0x8c48, 0x8c48, 0x8c48, 0x8c48, 0x8c48, 0x8c48, 0x8c48, 0x8c48, 0x8c48, 
  0x8c48, 0x8c48, 0x8c48, 0x8c48, 0x8c48, 0x8c48, 0x8c48, 0x8c48, 0x8c48, 0x8c48, 0x8c48, 0x8c48, 
  0x8c48, 0x8c48, 0x8c48, 0x8c48, 0x8c48, 0x8c48, 0x8c48, 0x8c48, 0x8c48, 0x8c48, 0x8c48, 0x8c48, 
  0x8c48, 0x8c48, 0x8c48, 0x8c48, 0x8c48, 0x8c48, 0x94a8, 0x94a8, 0x8c88, 0x8c88, 0x8427, 0x8427, 
  0x8427, 0x8427, 0x8c48, 0x8c48, 0x8c48, 0x8c48, 0x8c48, 0x8c48, 0x8c48, 0x8c48, 0x8c48, 0x8c48, 
  0x8c48, 0x8c48, 0x8c48, 0x8c48, 0x8c48, 0x8c48, 0x8c48, 0x8c48, 0x8c48, 0x8c48, 0x8c48, 0x8c48, 
  0x8c48, 0x8c48, 0x8c48, 0x8c48, 0x8c48, 0x8c48, 0x8c48, 0x8c48, 0x8c48, 0x8c48, 0x8c48, 0x8c48, 
  0x8c48, 0x8c48, 0x8c48, 0x8c48, 0x8c48, 0x8c48, 0x8c48, 0x8c48, 0x8c48, 0x8c48, 0x8c48, 0x8c48, 
  0x8c48, 0x8c48, 0x8c48, 0x8c48, 0x8c48, 0x8c48, 0x8c48, 0x8c48, 0x8427, 0x8427, 0x8c88, 0x8c88, 
  0x8c88, 0x8c88, 0x8c48, 0x8c48, 0x94a8, 0x94a8, 0x8c88, 0x8c88, 0x8c48, 0x8c48, 0x8c48, 0x8c48, 
  0x8c48, 0x8c48, 0x8c48, 0x8c48, 0x8c48, 0x8c48, 0x8c48, 0x8c48, 0x8c48, 0x8c48, 0x8c48, 0x8c48, 
  0x8c48, 0x8c48, 0x8c48, 0x8c48, 0x8c48, 0x8c48, 0x8c48, 0x8c48, 0x8c48, 0x8c48, 0x8c48, 0x8c48, 
  0x8c48, 0x8c48, 0x8c48, 0x8c48, 0x8c48, 0x8c48, 0x8c48, 0x8c48, 0x8c48, 0x8c48, 0x8c48, 0x8c48, 
  0x8c48, 0x8c48, 0x8c48, 0x8c48, 0x8c48, 0x8c48, 0x8c48, 0x8c48, 0x8c48, 0x8c48, 0x8c48, 0x8c48, 
  0x8c48, 0x8c48, 0x8c48, 0x8c48, 0x8c48, 0x8c48, 0x8c48, 0x8c48, 0x8c48, 0x8c48, 0x8c48, 0x8c48, 
  0x8c48, 0x8c48, 0x8c48, 0x8c48, 0x8c48, 0x8c48, 0x8c48, 0x8c48, 0x8c48, 0x8c48, 0x8c48, 0x8c48, 
  0x8c48, 0x8c48, 0x8c48, 0x8c48, 0x8c48, 0x8c48, 0x8c48, 0x8c48, 0x8c48, 0x8c48, 0x8c48, 0x8c48, 
  0x8c48, 0x8c48, 0x8c48, 0x8c48, 0x8c48, 0x8c48, 0x8c88, 0x8c88, 0x94a8, 0x94a8, 0x8427, 0x8427, 
  0x8c48, 0x8c48, 0x8c48, 0x8c48, 0x8c48, 0x8c48, 0x8c48, 0x8c48, 0x8c48, 0x8c48, 0x8c48, 0x8c48, 
  0x8c48, 0x8c48, 0x8c48, 0x8c48, 0x8c48, 0x8c48, 0x8c48, 0x8c48, 0x8c48, 0x8c48, 0x8c48, 0x8c48, 
  0x8c48, 0x8c48, 0x8c48, 0x8c48, 0x8c48, 0x8c48, 0x8c48, 0x8c48, 0x8c48, 0x8c48, 0x8c48, 0x8c48, 
  0x8c48, 0x8c48, 0x8c48, 0x8c48, 0x8c48, 0x8c48, 0x8c48, 0x8c48, 0x8c48, 0x8c48, 0x8c48, 0x8c48, 
  0x8c48, 0x8c48, 0x8c48, 0x8c48, 0x8c48, 0x8c48, 0x8c48, 0x8c48, 0x8c48, 0x8c48, 0x8c48, 0x8c48, 
  0x8c48, 0x8c48, 0x8c48, 0x8c48, 0x8c48, 0x8c48, 0x8c48, 0x8c48, 0x8c48, 0x8c48, 0x8c48, 0x8c48, 
  0x8c48, 0x8c48, 0x8c48, 0x8c48, 0x8c48, 0x8c48, 0x8c48, 0x8c48, 0x8c48, 0x8c48, 0x8c48, 0x8c48, 
  0x8c48, 0x8c48, 0x8c48, 0x8c48, 0x8c48, 0x8c48, 0x8c48, 0x8c48, 0x8c48, 0x8c48, 0x8c48, 0x8c48, 
  0x8c48, 0x8c48, 0x8c48, 0x8c48, 0x8c48, 0x8c48, 0x8c48, 0x8c48, 0x8c48, 0x8c48, 0x8c88, 0x8c88, 
  0x8c88, 0x8c88, 0x8c48, 0x8c48, 0x8c48, 0x8c48, 0x8c48, 0x8c48, 0x8c48, 0x8c48, 0x8c48, 0x8c48, 
  0x8c48, 0x8c48, 0x8c48, 0x8c48, 0x8c48, 0x8c48, 0x8c48, 0x8c48, 0x8c48, 0x8c48, 0x8c48, 0x8c48, 
  0x8c48, 0x8c48, 0x8c48, 0x8c48, 0x8c48, 0x8c48, 0x8c48, 0x8c48, 0x8c48, 0x8c48, 0x8c48, 0x8c48, 
  0x8c48, 0x8c48, 0x8c48, 0x8c48, 0x8c48, 0x8c48, 0x8c48, 0x8c48, 0x8c48, 0x8c48, 0x8c48, 0x8c48, 
  0x8c48, 0x8c48, 0x8c48, 0x8c48, 0x8c48, 0x8c48, 0x8c48, 0x8c48, 0x8c48, 0x8c48, 0x8c48, 0x8c48, 
  0x8427, 0x8427, 0x8c88, 0x8c88, 0x8c88, 0x8c88, 0x8c88, 0x8c88, 0x94a8, 0x94a8, 0x94a8, 0x94a8, 
  0x8c48, 0x8c48, 0x8c48, 0x8c48, 0x8c48, 0x8c48, 0x8c48, 0x8c48, 0x8c48, 0x8c48, 0x8c48, 0x8c48, 
  0x8c48, 0x8c48, 0x8c48, 0x8c48, 0x8c48, 0x8c48, 0x8c48, 0x8c48, 0x8c48, 0x8c48, 0x8c48, 0x8c48, 
  0x94a8, 0x94a8, 0x8c48, 0x8c48, 0x8c48, 0x8c48, 0x8c48, 0x8c48, 0x8c48, 0x8c48, 0x8c48, 0x8c48, 
  0x8c48, 0x8c48, 0x8c48, 0x8c48, 0x8c48, 0x8c48, 0x8c48, 0x8c48, 0x8c48, 0x8c48, 0x8c48, 0x8c48, 
  0x8c48, 0x8c48, 0x8c48, 0x8c48, 0x8c48, 0x8c48, 0x8c48, 0x8c48, 0x8c48, 0x8c48, 0x8c48, 0x8c48, 
  0x8c48, 0x8c48, 0x8c48, 0x8c48, 0x8c48, 0x8c48, 0x8c48, 0x8c48, 0x8c48, 0x8c48, 0x8c48, 0x8c48, 
  0x8c48, 0x8c48, 0x8c48, 0x8c48, 0x8c48, 0x8c48, 0x8c48, 0x8c48, 0x8c48, 0x8c48, 0x8c48, 0x8c48, 
  0x8c48, 0x8c48, 0x8c48, 0x8c48, 0x8c48, 0x8c48, 0x8c48, 0x8c48, 0x8c48, 0x8c48, 0x8c88, 0x8c88, 
  0x8c88, 0x8c88, 0x8c48, 0x8c48, 0x8c48, 0x8c48, 0x8c48, 0x8c48, 0x8c48, 0x8c48, 0x8c48, 0x8c48, 
  0x8c48, 0x8c48, 0x8c48, 0x8c48, 0x8c48, 0x8c48, 0x8c48, 0x8c48, 0x8c48, 0x8c48, 0x8c48, 0x8c48, 
  0x8c48, 0x8c48, 0x8c48, 0x8c48, 0x8c48, 0x8c48, 0x8c48, 0x8c48, 0x8c48, 0x8c48, 0x8c48, 0x8c48, 
  0x8c48, 0x8c48, 0x8c48, 0x8c48, 0x8c48, 0x8c48, 0x8c48, 0x8c48, 0x8c48, 0x8c48, 0x8c48, 0x8c48, 
  0x8c48, 0x8c48, 0x8c48, 0x8c48, 0x8c48, 0x8c48, 0x8c48, 0x8c48, 0x8c48, 0x8c48, 0x8c48, 0x8c48, 
  0x8c48, 0x8c48, 0x8c48, 0x8c48, 0x8c48, 0x8c48, 0x8c48, 0x8c48, 0x8c48, 0x8c48, 0x8c48, 0x8c48, 
  0x8c48, 0x8c48, 0x8c48, 0x8c48, 0x8c48, 0x8c48, 0x8c48, 0x8c48, 0x8c48, 0x8c48, 0x8c48, 0x8c48, 
  0x8c48, 0x8c48, 0x8c48, 0x8c48, 0x8c48, 0x8c48, 0x8c48, 0x8c48, 0x8c48, 0x8c48, 0x8c48, 0x8c48, 
  0x8c48, 0x8c48, 0x8c48, 0x8c48, 0x8c48, 0x8c48, 0x8c48, 0x8c48, 0x8c48, 0x8c48, 0x8c48, 0x8c48, 
  0x8c48, 0x8c48, 0x8c88, 0x8c88, 0x8c88, 0x8c88, 0x8c48, 0x8c48, 0x8c48, 0x8c48, 0x8c48, 0x8c48, 
  0x8c48, 0x8c48, 0x8c48, 0x8c48, 0x8c48, 0x8c48, 0x8c48, 0x8c48, 0x8c48, 0x8c48, 0x8c48, 0x8c48, 
  0x8c48, 0x8c48, 0x8c48, 0x8c48, 0x8c48, 0x8c48, 0x8c48, 0x8c48, 0x8c48, 0x8c48, 0x8c48, 0x8c48, 
  0x8c48, 0x8c48, 0x8c48, 0x8c48, 0x8c48, 0x8c48, 0x8c48, 0x8c48, 0x8c48, 0x8c48, 0x8c48, 0x8c48, 
  0x8c48, 0x8c48, 0x8c48, 0x8c48, 0x8c48, 0x8c48, 0x8c48, 0x8c48, 0x8c48, 0x8c48, 0x8c48, 0x8c48, 
  0x8c48, 0x8c48, 0x8c48, 0x8c48, 0x8427, 0x8427, 0x8c88, 0x8c88, 0x8c88, 0x8c88, 0x8c88, 0x8c88, 
  0x94a8, 0x94a8, 0x94a8, 0x94a8, 0x8c48, 0x8c48, 0x8c48, 0x8c48, 0x8c48, 0x8c48, 0x8c48, 0x8c48, 
  0x8c48, 0x8c48, 0x8c48, 0x8c48, 0x8c48, 0x8c48, 0x8c48, 0x8c48, 0x8c48, 0x8c48, 0x8c48, 0x8c48, 
  0x8c48, 0x8c48, 0x8c48, 0x8c48, 0x94a8, 0x94a8, 0x8c48, 0x8c48, 0x8c48, 0x8c48, 0x8c48, 0x8c48, 
  0x8c48, 0x8c48, 0x8c48, 0x8c48, 0x8c48, 0x8c48, 0x8c48, 0x8c48, 0x8c48, 0x8c48, 0x8c48, 0x8c48, 
  0x8c48, 0x8c48, 0x8c48, 0x8c48, 0x8c48, 0x8c48, 0x8c48, 0x8c48, 0x8c48, 0x8c48, 0x8c48, 0x8c48, 
  0x8c48, 0x8c48, 0x8c48, 0x8c48, 0x8c48, 0x8c48, 0x8c48, 0x8c48, 0x8c48, 0x8c48, 0x8c48, 0x8c48, 
  0x8c48, 0x8c48, 0x8c48, 0x8c48, 0x8c48, 0x8c48, 0x8c48, 0x8c48, 0x8c48, 0x8c48, 0x8c48, 0x8c48, 
  0x8c48, 0x8c48, 0x8c48, 0x8c48, 0x8c48, 0x8c48, 0x8c48, 0x8c48, 0x8c48, 0x8c48, 0x8c48, 0x8c48, 
  0x8c48, 0x8c48, 0x8c88, 0x8c88, 0x8c88, 0x8c88, 0x8c48, 0x8c48, 0x8c48, 0x8c48, 0x8c48, 0x8c48, 
  0x8c48, 0x8c48, 0x8c48, 0x8c48, 0x8c48, 0x8c48, 0x8c48, 0x8c48, 0x8c48, 0x8c48, 0x8c48, 0x8c48, 
  0x8c48, 0x8c48, 0x8c48, 0x8c48, 0x8c48, 0x8c48, 0x8c48, 0x8c48, 0x8c48, 0x8c48, 0x8c48, 0x8c48, 
  0x8c48, 0x8c48, 0x8c48, 0x8c48, 0x8c48, 0x8c48, 0x8c48, 0x8c48, 0x8c48, 0x8c48, 0x8c48, 0x8c48, 
  0x8c48, 0x8c48, 0x8c48, 0x8c48, 0x8c48, 0x8c48, 0x8c48, 0x8c48, 0x8c48, 0x8c48, 0x8c48, 0x8c48, 
  0x8c48, 0x8c48, 0x8c48, 0x8c48, 0x8c48, 0x8c48, 0x8c48, 0x8c48, 0x8c48, 0x8c48, 0x8c48, 0x8c48, 
  0x8c48, 0x8c48, 0x8c48, 0x8c48, 0x8c48, 0x8c48, 0x8c48, 0x8c48, 0x8c48, 0x8c48, 0x8c48, 0x8c48, 
  0x8c48, 0x8c48, 0x8c48, 0x8c48, 0x8c48, 0x8c48, 0x8c48, 0x8c48, 0x8c48, 0x8c48, 0x8c48, 0x8c48, 
  0x8c48, 0x8c48, 0x8c48, 0x8c48, 0x8c48, 0x8c48, 0x8c48, 0x8c48, 0x8c48, 0x8c48, 0x8c48, 0x8c48, 
  0x8c48, 0x8c48, 0x8c48, 0x8c48, 0x8c48, 0x8c48, 0x8427, 0x8427, 0x8427, 0x8427, 0x8c48, 0x8c48, 
  0x8c48, 0x8c48, 0x8c48, 0x8c48, 0x8c48, 0x8c48, 0x8c48, 0x8c48, 0x8c48, 0x8c48, 0x8c48, 0x8c48, 
  0x8c48, 0x8c48, 0x8c48, 0x8c48, 0x8c48, 0x8c48, 0x8c48, 0x8c48, 0x8c48, 0x8c48, 0x8c48, 0x8c48, 
  0x8c48, 0x8c48, 0x8c48, 0x8c48, 0x8c48, 0x8c48, 0x8c48, 0x8c48, 0x8c48, 0x8c48, 0x8c48, 0x8c48, 
  0x8c48, 0x8c48, 0x8c48, 0x8c48, 0x8c48, 0x8c48, 0x8c48, 0x8c48, 0x8c48, 0x8c48, 0x8c48, 0x8c48, 
  0x8c48, 0x8c48, 0x8c48, 0x8c48, 0x8c48, 0x8c48, 0x8c48, 0x8c48, 0x8c48, 0x8c48, 0x8427, 0x8427, 
  0x8427, 0x8427, 0x8c88, 0x8c88, 0x8c88, 0x8c88, 0x8427, 0x8427, 0x8c48, 0x8c48, 0x8c48, 0x8c48, 
  0x8c48, 0x8c48, 0x8c48, 0x8c48, 0x8c48, 0x8c48, 0x8c48, 0x8c48, 0x8c48, 0x8c48, 0x8c48, 0x8c48, 
  0x8c48, 0x8c48, 0x8c48, 0x8c48, 0x8c48, 0x8c48, 0x8c88, 0x8c88, 0x8c88, 0x8c88, 0x8c48, 0x8c48, 
  0x8c48, 0x8c48, 0x94a8, 0x94a8, 0x94a8, 0x94a8, 0x8c88, 0x8c88, 0x8c48, 0x8c48, 0x8c48, 0x8c48, 
  0x8c48, 0x8c48, 0x8c48, 0x8c48, 0x8c48, 0x8c48, 0x8c48, 0x8c48, 0x8c48, 0x8c48, 0x8c48, 0x8c48, 
  0x8c48, 0x8c48, 0x8c48, 0x8c48, 0x8c48, 0x8c48, 0x8c48, 0x8c48, 0x8c48, 0x8c48, 0x8c48, 0x8c48, 
  0x8c48, 0x8c48, 0x8c48, 0x8c48, 0x8c48, 0x8c48, 0x8c48, 0x8c48, 0x8c48, 0x8c48, 0x8c48, 0x8c48, 
  0x8c48, 0x8c48, 0x8c48, 0x8c48, 0x8c48, 0x8c48, 0x8c48, 0x8c48, 0x8c48, 0x8c48, 0x8c48, 0x8c48, 
  0x8c48, 0x8c48, 0x8c48, 0x8c48, 0x8c48, 0x8c48, 0x8427, 0x8427, 0x8427, 0x8427, 0x8c48, 0x8c48, 
  0x8c48, 0x8c48, 0x8c48, 0x8c48, 0x8c48, 0x8c48, 0x8c48, 0x8c48, 0x8c48, 0x8c48, 0x8c48, 0x8c48, 
  0x8c48, 0x8c48, 0x8c48, 0x8c48, 0x8c48, 0x8c48, 0x8c48, 0x8c48, 0x8c48, 0x8c48, 0x8c48, 0x8c48, 
  0x8c48, 0x8c48, 0x8c48, 0x8c48, 0x8c48, 0x8c48, 0x8c48, 0x8c48, 0x8c48, 0x8c48, 0x8c48, 0x8c48, 
  0x8c48, 0x8c48, 0x8c48, 0x8c48, 0x8c48, 0x8c48, 0x8c48, 0x8c48, 0x8c48, 0x8c48, 0x8c48, 0x8c48, 
  0x8c48, 0x8c48, 0x8c48, 0x8c48, 0x8c48, 0x8c48, 0x8c48, 0x8c48, 0x8c48, 0x8c48, 0x8c48, 0x8c48, 
  0x8c48, 0x8c48, 0x8c48, 0x8c48, 0x8c48, 0x8c48, 0x8c48, 0x8c48, 0x8c48, 0x8c48, 0x8c48, 0x8c48, 
  0x8c48, 0x8c48, 0x8c48, 0x8c48, 0x8c48, 0x8c48, 0x8c48, 0x8c48, 0x8c48, 0x8c48, 0x8c48, 0x8c48, 
  0x8c48, 0x8c48, 0x8c48, 0x8c48, 0x8c48, 0x8c48, 0x8c48, 0x8c48, 0x8c48, 0x8c48, 0x8c48, 0x8c48, 
  0x8c48, 0x8c48, 0x8c48, 0x8c48, 0x8c48, 0x8c48, 0x8c48, 0x8c48, 0x8c48, 0x8c48, 0x8427, 0x8427, 
  0x8427, 0x8427, 0x8c48, 0x8c48, 0x8c48, 0x8c48, 0x8c48, 0x8c48, 0x8c48, 0x8c48, 0x8c48, 0x8c48, 
  0x8c48, 0x8c48, 0x8c48, 0x8c48, 0x8c48, 0x8c48, 0x8c48, 0x8c48, 0x8c48, 0x8c48, 0x8c48, 0x8c48, 
  0x8c48, 0x8c48, 0x8c48, 0x8c48, 0x8c48, 0x8c48, 0x8c48, 0x8c48, 0x8c48, 0x8c48, 0x8c48, 0x8c48, 
  0x8c48, 0x8c48, 0x8c48, 0x8c48, 0x8c48, 0x8c48, 0x8c48, 0x8c48, 0x8c48, 0x8c48, 0x8c48, 0x8c48, 
  0x8c48, 0x8c48, 0x8c48, 0x8c48, 0x8c48, 0x8c48, 0x8c48, 0x8c48, 0x8c48, 0x8c48, 0x8c48, 0x8c48, 
  0x8c48, 0x8c48, 0x8427, 0x8427, 0x8427, 0x8427, 0x8c88, 0x8c88, 0x8c88, 0x8c88, 0x8427, 0x8427, 
  0x8c48, 0x8c48, 0x8c48, 0x8c48, 0x8c48, 0x8c48, 0x8c48, 0x8c48, 0x8c48, 0x8c48, 0x8c48, 0x8c48, 
  0x8c48, 0x8c48, 0x8c48, 0x8c48, 0x8c48, 0x8c48, 0x8c48, 0x8c48, 0x8c48, 0x8c48, 0x8c88, 0x8c88, 
  0x8c88, 0x8c88, 0x8c48, 0x8c48, 0x8c48, 0x8c48, 0x94a8, 0x94a8, 0x94a8, 0x94a8, 0x8c88, 0x8c88, 
  0x8c48, 0x8c48, 0x8c48, 0x8c48, 0x8c48, 0x8c48, 0x8c48, 0x8c48, 0x8c48, 0x8c48, 0x8c48, 0x8c48, 
  0x8c48, 0x8c48, 0x8c48, 0x8c48, 0x8c48, 0x8c48, 0x8c48, 0x8c48, 0x8c48, 0x8c48, 0x8c48, 0x8c48, 
  0x8c48, 0x8c48, 0x8c48, 0x8c48, 0x8c48, 0x8c48, 0x8c48, 0x8c48, 0x8c48, 0x8c48, 0x8c48, 0x8c48, 
  0x8c48, 0x8c48, 0x8c48, 0x8c48, 0x8c48, 0x8c48, 0x8c48, 0x8c48, 0x8c48, 0x8c48, 0x8c48, 0x8c48, 
  0x8c48, 0x8c48, 0x8c48, 0x8c48, 0x8c48, 0x8c48, 0x8c48, 0x8c48, 0x8c48, 0x8c48, 0x8427, 0x8427, 
  0x8427, 0x8427, 0x8c48, 0x8c48, 0x8c48, 0x8c48, 0x8c48, 0x8c48, 0x8c48, 0x8c48, 0x8c48, 0x8c48, 
  0x8c48, 0x8c48, 0x8c48, 0x8c48, 0x8c48, 0x8c48, 0x8c48, 0x8c48, 0x8c48, 0x8c48, 0x8c48, 0x8c48, 
  0x8c48, 0x8c48, 0x8c48, 0x8c48, 0x8c48, 0x8c48, 0x8c48, 0x8c48, 0x8c48, 0x8c48, 0x8c48, 0x8c48, 
  0x8c48, 0x8c48, 0x8c48, 0x8c48, 0x8c48, 0x8c48, 0x8c48, 0x8c48, 0x8c48, 0x8c48, 0x8c48, 0x8c48, 
  0x8c48, 0x8c48, 0x8c48, 0x8c48, 0x8c48, 0x8c48, 0x8c48, 0x8c48, 0x8c48, 0x8c48, 0x8c48, 0x8c48, 
  0x8c48, 0x8c48, 0x8c48, 0x8c48, 0x8c48, 0x8c48, 0x8c48, 0x8c48, 0x8c48, 0x8c48, 0x8c48, 0x8c48, 
  0x8c48, 0x8c48, 0x8c48, 0x8c48, 0x8c48, 0x8c48, 0x8c48, 0x8c48, 0x8c48, 0x8c48, 0x8c48, 0x8c48, 
  0x8c48, 0x8c48, 0x8c48, 0x8c48, 0x8c48, 0x8c48, 0x8c48, 0x8c48, 0x8c48, 0x8c48, 0x8c48, 0x8c48, 
  0x8c48, 0x8c48, 0x8c48, 0x8c48, 0x8c48, 0x8c48, 0x8c48, 0x8c48, 0x8c48, 0x8c48, 0x8c48, 0x8c48, 
  0x8c48, 0x8c48, 0x8c48, 0x8c48, 0x8c48, 0x8c48, 0x8c48, 0x8c48, 0x8c48, 0x8c48, 0x8c48, 0x8c48, 
  0x8c48, 0x8c48, 0x8c48, 0x8c48, 0x8c48, 0x8c48, 0x8c48, 0x8c48, 0x8c48, 0x8c48, 0x8c48, 0x8c48, 
  0x8c48, 0x8c48, 0x8c48, 0x8c48, 0x8c48, 0x8c48, 0x8c48, 0x8c48, 0x8c48, 0x8c48, 0x8c48, 0x8c48, 
  0x8c48, 0x8c48, 0x8c48, 0x8c48, 0x8c48, 0x8c48, 0x8c48, 0x8c48, 0x8c48, 0x8c48, 0x8c48, 0x8c48, 
  0x8c48, 0x8c48, 0x8c48, 0x8c48, 0x8c48, 0x8c48, 0x8c48, 0x8c48, 0x8c48, 0x8c48, 0x8c48, 0x8c48, 
  0x8c48, 0x8c48, 0x8c48, 0x8c48, 0x8c48, 0x8c48, 0x8c48, 0x8c48, 0x8c48, 0x8c48, 0x8427, 0x8427, 
  0x8427, 0x8427, 0x8c48, 0x8c48, 0x8c48, 0x8c48, 0x8c48, 0x8c48, 0x8c48, 0x8c48, 0x8c48, 0x8c48, 
  0x8c48, 0x8c48, 0x8c48, 0x8c48, 0x8c48, 0x8c48, 0x8c48, 0x8c48, 0x8c88, 0x8c88, 0x8c48, 0x8c48, 
  0x8c48, 0x8c48, 0x8c88, 0x8c88, 0x8427, 0x8427, 0x8c48, 0x8c48, 0x8c88, 0x8c88, 0x8c88, 0x8c88, 
  0x94a8, 0x94a8, 0x8c48, 0x8c48, 0x8c48, 0x8c48, 0x8c48, 0x8c48, 0x8c48, 0x8c48, 0x8c48, 0x8c48, 
  0x8c48, 0x8c48, 0x8c48, 0x8c48, 0x8c48, 0x8c48, 0x8c48, 0x8c48, 0x8c48, 0x8c48, 0x8c48, 0x8c48, 
  0x8c48, 0x8c48, 0x8c48, 0x8c48, 0x8c48, 0x8c48, 0x8c48, 0x8c48, 0x8c48, 0x8c48, 0x8c48, 0x8c48, 
  0x8c48, 0x8c48, 0x8c48, 0x8c48, 0x8c48, 0x8c48, 0x8c48, 0x8c48, 0x8c48, 0x8c48, 0x8c48, 0x8c48, 
  0x8c48, 0x8c48, 0x8c48, 0x8c48, 0x8c48, 0x8c48, 0x8c48, 0x8c48, 0x8c48, 0x8c48, 0x8c48, 0x8c48, 
  0x8c48, 0x8c48, 0x8c48, 0x8c48, 0x8c48, 0x8c48, 0x8c48, 0x8c48, 0x8c48, 0x8c48, 0x8c48, 0x8c48, 
  0x8c48, 0x8c48, 0x8c48, 0x8c48, 0x8c48, 0x8c48, 0x8c48, 0x8c48, 0x8c48, 0x8c48, 0x8c48, 0x8c48, 
  0x8c48, 0x8c48, 0x8c48, 0x8c48, 0x8c48, 0x8c48, 0x8c48, 0x8c48, 0x8c48, 0x8c48, 0x8c48, 0x8c48, 
  0x8c48, 0x8c48, 0x8c48, 0x8c48, 0x8c48, 0x8c48, 0x8c48, 0x8c48, 0x8c48, 0x8c48, 0x8c48, 0x8c48, 
  0x8c48, 0x8c48, 0x8c48, 0x8c48, 0x8c48, 0x8c48, 0x8c48, 0x8c48, 0x8c48, 0x8c48, 0x8c48, 0x8c48, 
  0x8c48, 0x8c48, 0x8c48, 0x8c48, 0x8c48, 0x8c48, 0x8c48, 0x8c48, 0x8c48, 0x8c48, 0x8c48, 0x8c48, 
  0x8c48, 0x8c48, 0x8c48, 0x8c48, 0x8c48, 0x8c48, 0x8c48, 0x8c48, 0x8c48, 0x8c48, 0x8c48, 0x8c48, 
  0x8c48, 0x8c48, 0x8c48, 0x8c48, 0x8c48, 0x8c48, 0x8c48, 0x8c48, 0x8c48, 0x8c48, 0x8c48, 0x8c48, 
  0x8c48, 0x8c48, 0x8c48, 0x8c48, 0x8c48, 0x8c48, 0x8c48, 0x8c48, 0x8c48, 0x8c48, 0x8c48, 0x8c48, 
  0x8c48, 0x8c48, 0x8c48, 0x8c48, 0x8c48, 0x8c48, 0x8c48, 0x8c48, 0x8c48, 0x8c48, 0x8c48, 0x8c48, 
  0x8c48, 0x8c48, 0x8c48, 0x8c48, 0x8c48, 0x8c48, 0x8c48, 0x8c48, 0x8c48, 0x8c48, 0x8c48, 0x8c48, 
  0x8c48, 0x8c48, 0x8c48, 0x8c48, 0x8c48, 0x8c48, 0x8c48, 0x8c48, 0x8c48, 0x8c48, 0x8c48, 0x8c48, 
  0x8c48, 0x8c48, 0x8c48, 0x8c48, 0x8c48, 0x8c48, 0x8c48, 0x8c48, 0x8c48, 0x8c48, 0x8c48, 0x8c48, 
  0x8c48, 0x8c48, 0x8c48, 0x8c48, 0x8c48, 0x8c48, 0x8c48, 0x8c48, 0x8c48, 0x8c48, 0x8c48, 0x8c48, 
  0x8c48, 0x8c48, 0x8c48, 0x8c48, 0x8c48, 0x8c48, 0x8c48, 0x8c48, 0x8c48, 0x8c48, 0x8c48, 0x8c48, 
  0x8c48, 0x8c48, 0x8427, 0x8427, 0x8427, 0x8427, 0x8c48, 0x8c48, 0x8c48, 0x8c48, 0x8c48, 0x8c48, 
  0x8c48, 0x8c48, 0x8c48, 0x8c48, 0x8c48, 0x8c48, 0x8c48, 0x8c48, 0x8c48, 0x8c48, 0x8c48, 0x8c48, 
  0x8c88, 0x8c88, 0x8c48, 0x8c48, 0x8c48, 0x8c48, 0x8c88, 0x8c88, 0x8427, 0x8427, 0x8c48, 0x8c48, 
  0x8c88, 0x8c88, 0x8c88, 0x8c88, 0x94a8, 0x94a8, 0x8c48, 0x8c48, 0x8c48, 0x8c48, 0x8c48, 0x8c48, 
  0x8c48, 0x8c48, 0x8c48, 0x8c48, 0x8c48, 0x8c48, 0x8c48, 0x8c48, 0x8c48, 0x8c48, 0x8c48, 0x8c48, 
  0x8c48, 0x8c48, 0x8c48, 0x8c48, 0x8c48, 0x8c48, 0x8c48, 0x8c48, 0x8c48, 0x8c48, 0x8c48, 0x8c48, 
  0x8c48, 0x8c48, 0x8c48, 0x8c48, 0x8c48, 0x8c48, 0x8c48, 0x8c48, 0x8c48, 0x8c48, 0x8c48, 0x8c48, 
  0x8c48, 0x8c48, 0x8c48, 0x8c48, 0x8c48, 0x8c48, 0x8c48, 0x8c48, 0x8c48, 0x8c48, 0x8c48, 0x8c48, 
  0x8c48, 0x8c48, 0x8c48, 0x8c48, 0x8c48, 0x8c48, 0x8c48, 0x8c48, 0x8c48, 0x8c48, 0x8c48, 0x8c48, 
  0x8c48, 0x8c48, 0x8c48, 0x8c48, 0x8c48, 0x8c48, 0x8c48, 0x8c48, 0x8c48, 0x8c48, 0x8c48, 0x8c48, 
  0x8c48, 0x8c48, 0x8c48, 0x8c48, 0x8c48, 0x8c48, 0x8c48, 0x8c48, 0x8c48, 0x8c48, 0x8c48, 0x8c48, 
  0x8c48, 0x8c48, 0x8c48, 0x8c48, 0x8c48, 0x8c48, 0x8c48, 0x8c48, 0x8c48, 0x8c48, 0x8c48, 0x8c48, 
  0x8c48, 0x8c48, 0x8c48, 0x8c48, 0x8c48, 0x8c48, 0x8c48, 0x8c48, 0x8c48, 0x8c48, 0x8c48, 0x8c48, 
  0x8c48, 0x8c48, 0x8c48, 0x8c48, 0x8c48, 0x8c48, 0x8c48, 0x8c48, 0x8c48, 0x8c48, 0x8c48, 0x8c48, 
  0x8c48, 0x8c48, 0x8c48, 0x8c48, 0x8c48, 0x8c48, 0x8c48, 0x8c48, 0x8c48, 0x8c48, 0x8c48, 0x8c48, 
  0x8c48, 0x8c48, 0x8c48, 0x8c48, 0x8c48, 0x8c48, 0x8c48, 0x8c48, 0x8c48, 0x8c48, 0x8c48, 0x8c48, 
  0x8c48, 0x8c48, 0x8c48, 0x8c48, 0x8c48, 0x8c48, 0x8c48, 0x8c48, 0x8c48, 0x8c48, 0x8c48, 0x8c48, 
  0x8c48, 0x8c48, 0x8c48, 0x8c48, 0x8c48, 0x8c48, 0x8c48, 0x8c48, 0x8c48, 0x8c48, 0x8c48, 0x8c48, 
  0x8c48, 0x8c48, 0x8c48, 0x8c48, 0x8c48, 0x8c48, 0x8c48, 0x8c48, 0x8c48, 0x8c48, 0x8c48, 0x8c48, 
  0x8c48, 0x8c48, 0x8c48, 0x8c48, 0x8c48, 0x8c48, 0x8c48, 0x8c48, 0x8c48, 0x8c48, 0x8c48, 0x8c48, 
  0x8c48, 0x8c48, 0x8c48, 0x8c48, 0x8c48, 0x8c48, 0x8c48, 0x8c48, 0x8c48, 0x8c48, 0x8c48, 0x8c48, 
  0x8c48, 0x8c48, 0x8c48, 0x8c48, 0x8c48, 0x8c48, 0x8c48, 0x8c48, 0x8c48, 0x8c48, 0x8c48, 0x8c48, 
  0x8c48, 0x8c48, 0x8c48, 0x8c48, 0x8c48, 0x8c48, 0x8c48, 0x8c48, 0x8c48, 0x8c48, 0x8c48, 0x8c48, 
  0x8c48, 0x8c48, 0x8c48, 0x8c48, 0x8c48, 0x8c48, 0x8c48, 0x8c48, 0x8c48, 0x8c48, 0x8c48, 0x8c48, 
  0x8c48, 0x8c48, 0x8c48, 0x8c48, 0x8c48, 0x8c48, 0x8c48, 0x8c48, 0x8c48, 0x8c48, 0x8c48, 0x8c48, 
  0x8c48, 0x8c48, 0x8c48, 0x8c48, 0x8c48, 0x8c48, 0x94a8, 0x94a8, 0x8c88, 0x8c88, 0x8427, 0x8427, 
  0x8c48, 0x8c48, 0x8c48, 0x8c48, 0x8c88, 0x8c88, 0x8c88, 0x8c88, 0x8427, 0x8427, 0x8c48, 0x8c48, 
  0x8c48, 0x8c48, 0x8c48, 0x8c48, 0x8c48, 0x8c48, 0x8c48, 0x8c48, 0x8c48, 0x8c48, 0x8c48, 0x8c48, 
  0x8c48, 0x8c48, 0x8c48, 0x8c48, 0x8c48, 0x8c48, 0x8c48, 0x8c48, 0x8c48, 0x8c48, 0x8c48, 0x8c48, 
  0x8c48, 0x8c48, 0x8c48, 0x8c48, 0x8c48, 0x8c48, 0x8c48, 0x8c48, 0x8c48, 0x8c48, 0x8c48, 0x8c48, 
  0x8c48, 0x8c48, 0x8c48, 0x8c48, 0x8c48, 0x8c48, 0x8c48, 0x8c48, 0x8c48, 0x8c48, 0x8c48, 0x8c48, 
  0x8c48, 0x8c48, 0x8c48, 0x8c48, 0x8c48, 0x8c48, 0x8c48, 0x8c48, 0x8c48, 0x8c48, 0x8c48, 0x8c48, 
  0x8c48, 0x8c48, 0x8c48, 0x8c48, 0x8c48, 0x8c48, 0x8c48, 0x8c48, 0x8c48, 0x8c48, 0x8c48, 0x8c48, 
  0x8c48, 0x8c48, 0x8c48, 0x8c48, 0x8c48, 0x8c48, 0x8c48, 0x8c48, 0x8c48, 0x8c48, 0x8c48, 0x8c48, 
  0x8c48, 0x8c48, 0x8c48, 0x8c48, 0x8c48, 0x8c48, 0x8c48, 0x8c48, 0x8c48, 0x8c48, 0x8c48, 0x8c48, 
  0x8c48, 0x8c48, 0x8c48, 0x8c48, 0x8c48, 0x8c48, 0x8c48, 0x8c48, 0x8c48, 0x8c48, 0x8c48, 0x8c48, 
  0x8c48, 0x8c48, 0x8c48, 0x8c48, 0x8c48, 0x8c48, 0x8c48, 0x8c48, 0x94a8, 0x94a8, 0x8c48, 0x8c48, 
  0x8c48, 0x8c48, 0x8c48, 0x8c48, 0x8c48, 0x8c48, 0x8c48, 0x8c48, 0x8c48, 0x8c48, 0x8c48, 0x8c48, 
  0x8c48, 0x8c48, 0x8c48, 0x8c48, 0x8c48, 0x8c48, 0x8c48, 0x8c48, 0x8c48, 0x8c48, 0x8c48, 0x8c48, 
  0x8c48, 0x8c48, 0x8c48, 0x8c48, 0x8c48, 0x8c48, 0x8c48, 0x8c48, 0x8c48, 0x8c48, 0x8c48, 0x8c48, 
  0x8c48, 0x8c48, 0x8c48, 0x8c48, 0x8c48, 0x8c48, 0x8c48, 0x8c48, 0x8c48, 0x8c48, 0x8c48, 0x8c48, 
  0x8c48, 0x8c48, 0x8c48, 0x8c48, 0x8c48, 0x8c48, 0x8c48, 0x8c48, 0x8c48, 0x8c48, 0x8c48, 0x8c48, 
  0x8c48, 0x8c48, 0x8c48, 0x8c48, 0x8c48, 0x8c48, 0x8c48, 0x8c48, 0x8c48, 0x8c48, 0x8c48, 0x8c48, 
  0x8c48, 0x8c48, 0x8c48, 0x8c48, 0x8c48, 0x8c48, 0x8c48, 0x8c48, 0x8c48, 0x8c48, 0x8c48, 0x8c48, 
  0x8c48, 0x8c48, 0x8c48, 0x8c48, 0x8c48, 0x8c48, 0x8c48, 0x8c48, 0x8c48, 0x8c48, 0x8c48, 0x8c48, 
  0x8c48, 0x8c48, 0x8c48, 0x8c48, 0x8c48, 0x8c48, 0x8c48, 0x8c48, 0x8c48, 0x8c48, 0x8c48, 0x8c48, 
  0x8c48, 0x8c48, 0x8c48, 0x8c48, 0x8c48, 0x8c48, 0x8c48, 0x8c48, 0x8c48, 0x8c48, 0x8c48, 0x8c48, 
  0x8c48, 0x8c48, 0x8c48, 0x8c48, 0x8c48, 0x8c48, 0x8c48, 0x8c48, 0x8c48, 0x8c48, 0x8c48, 0x8c48, 
  0x8c48, 0x8c48, 0x8c48, 0x8c48, 0x8c48, 0x8c48, 0x8c48, 0x8c48, 0x8c48, 0x8c48, 0x94a8, 0x94a8, 
  0x8c88, 0x8c88, 0x8427, 0x8427, 0x8c48, 0x8c48, 0x8c48, 0x8c48, 0x8c88, 0x8c88, 0x8c88, 0x8c88, 
  0x8427, 0x8427, 0x8c48, 0x8c48, 0x8c48, 0x8c48, 0x8c48, 0x8c48, 0x8c48, 0x8c48, 0x8c48, 0x8c48, 
  0x8c48, 0x8c48, 0x8c48, 0x8c48, 0x8c48, 0x8c48, 0x8c48, 0x8c48, 0x8c48, 0x8c48, 0x8c48, 0x8c48, 
  0x8c48, 0x8c48, 0x8c48, 0x8c48, 0x8c48, 0x8c48, 0x8c48, 0x8c48, 0x8c48, 0x8c48, 0x8c48, 0x8c48, 
  0x8c48, 0x8c48, 0x8c48, 0x8c48, 0x8c48, 0x8c48, 0x8c48, 0x8c48, 0x8c48, 0x8c48, 0x8c48, 0x8c48, 
  0x8c48, 0x8c48, 0x8c48, 0x8c48, 0x8c48, 0x8c48, 0x8c48, 0x8c48, 0x8c48, 0x8c48, 0x8c48, 0x8c48, 
  0x8c48, 0x8c48, 0x8c48, 0x8c48, 0x8c48, 0x8c48, 0x8c48, 0x8c48, 0x8c48, 0x8c48, 0x8c48, 0x8c48, 
  0x8c48, 0x8c48, 0x8c48, 0x8c48, 0x8c48, 0x8c48, 0x8c48, 0x8c48, 0x8c48, 0x8c48, 0x8c48, 0x8c48, 
  0x8c48, 0x8c48, 0x8c48, 0x8c48, 0x8c48, 0x8c48, 0x8c48, 0x8c48, 0x8c48, 0x8c48, 0x8c48, 0x8c48, 
  0x8c48, 0x8c48, 0x8c48, 0x8c48, 0x8c48, 0x8c48, 0x8c48, 0x8c48, 0x8c48, 0x8c48, 0x8c48, 0x8c48, 
  0x8c48, 0x8c48, 0x8c48, 0x8c48, 0x8c48, 0x8c48, 0x8c48, 0x8c48, 0x8c48, 0x8c48, 0x8c48, 0x8c48, 
  0x94a8, 0x94a8, 0x8c48, 0x8c48, 0x8c48, 0x8c48, 0x8c48, 0x8c48, 0x8c48, 0x8c48, 0x8c48, 0x8c48, 
  0x8c48, 0x8c48, 0x8c48, 0x8c48, 0x8c48, 0x8c48, 0x8c48, 0x8c48, 0x8c48, 0x8c48, 0x8c48, 0x8c48, 
  0x8c48, 0x8c48, 0x8c48, 0x8c48, 0x8c48, 0x8c48, 0x8c48, 0x8c48, 0x8c48, 0x8c48, 0x8c48, 0x8c48, 
  0x8c48, 0x8c48, 0x8c48, 0x8c48, 0x8c48, 0x8c48, 0x8c48, 0x8c48, 0x8c48, 0x8c48, 0x8c48, 0x8c48, 
  0x8c48, 0x8c48, 0x8c48, 0x8c48, 0x8c48, 0x8c48, 0x8c48, 0x8c48, 0x8c48, 0x8c48, 0x8c48, 0x8c48, 
  0x8c48, 0x8c48, 0x8c48, 0x8c48, 0x8c48, 0x8c48, 0x8c48, 0x8c48, 0x8c48, 0x8c48, 0x8c48, 0x8c48, 
  0x8c48, 0x8c48, 0x8c48, 0x8c48, 0x8c48, 0x8c48, 0x8c48, 0x8c48, 0x8c48, 0x8c48, 0x8c48, 0x8c48, 
  0x8c48, 0x8c48, 0x8c48, 0x8c48, 0x8c48, 0x8c48, 0x8c48, 0x8c48, 0x8c48, 0x8c48, 0x8c48, 0x8c48, 
  0x8c48, 0x8c48, 0x8c48, 0x8c48, 0x8c48, 0x8c48, 0x8c48, 0x8c48, 0x8c48, 0x8c48, 0x8c48, 0x8c48, 
  0x8c48, 0x8c48, 0x8c48, 0x8c48, 0x8c48, 0x8c48, 0x8c48, 0x8c48, 0x8c48, 0x8c48, 0x8c48, 0x8c48, 
  0x8c48, 0x8c48, 0x8c48, 0x8c48, 0x8c48, 0x8c48, 0x8c48, 0x8c48, 0x8c48, 0x8c48, 0x8c48, 0x8c48, 
  0x8c48, 0x8c48, 0x8c48, 0x8c48, 0x8c48, 0x8c48, 0x8c48, 0x8c48, 0x8c48, 0x8c48, 0x8c48, 0x8c48, 
  0x8c48, 0x8c48, 0x8c88, 0x8c88, 0x8c88, 0x8c88, 0x8c48, 0x8c48, 0x8c48, 0x8c48, 0x8c88, 0x8c88, 
  0x8c88, 0x8c88, 0x8427, 0x8427, 0x8c88, 0x8c88, 0x94a8, 0x94a8, 0x8c48, 0x8c48, 0x8c48, 0x8c48, 
  0x8c48, 0x8c48, 0x8c48, 0x8c48, 0x8c48, 0x8c48, 0x8c48, 0x8c48, 0x8c48, 0x8c48, 0x8c48, 0x8c48, 
  0x8c48, 0x8c48, 0x8c48, 0x8c48, 0x8c48, 0x8c48, 0x8c48, 0x8c48, 0x8c48, 0x8c48, 0x8c48, 0x8c48, 
  0x8c48, 0x8c48, 0x8c48, 0x8c48, 0x8c48, 0x8c48, 0x8c48, 0x8c48, 0x8c48, 0x8c48, 0x8c48, 0x8c48, 
  0x8c48, 0x8c48, 0x8c48, 0x8c48, 0x8c48, 0x8c48, 0x8c48, 0x8c48, 0x8c48, 0x8c48, 0x8c48, 0x8c48, 
  0x8c48, 0x8c48, 0x8c48, 0x8c48, 0x8c48, 0x8c48, 0x8c48, 0x8c48, 0x8c48, 0x8c48, 0x8c48, 0x8c48, 
  0x8c48, 0x8c48, 0x8c48, 0x8c48, 0x8c48, 0x8c48, 0x8c48, 0x8c48, 0x8c48, 0x8c48, 0x8c48, 0x8c48, 
  0x8c48, 0x8c48, 0x8c48, 0x8c48, 0x8c48, 0x8c48, 0x8c48, 0x8c48, 0x8c48, 0x8c48, 0x8c48, 0x8c48, 
  0x8c48, 0x8c48, 0x8c48, 0x8c48, 0x8c48, 0x8c48, 0x8c48, 0x8c48, 0x8c48, 0x8c48, 0x8c48, 0x8c48, 
  0x8c48, 0x8c48, 0x8c48, 0x8c48, 0x8c48, 0x8c48, 0x8c48, 0x8c48, 0x8c48, 0x8c48, 0x8c48, 0x8c48, 
  0x8c48, 0x8c48, 0x8c88, 0x8c88, 0x8c88, 0x8c88, 0x8c48, 0x8c48, 0x8c48, 0x8c48, 0x8c88, 0x8c88, 
  0x94a8, 0x94a8, 0x94a8, 0x94a8, 0x8c48, 0x8c48, 0x8c48, 0x8c48, 0x8c48, 0x8c48, 0x8c48, 0x8c48, 
  0x8c48, 0x8c48, 0x8c48, 0x8c48, 0x8c48, 0x8c48, 0x8c48, 0x8c48, 0x8c48, 0x8c48, 0x8c48, 0x8c48, 
  0x8c48, 0x8c48, 0x8c48, 0x8c48, 0x8c48, 0x8c48, 0x8c48, 0x8c48, 0x8c48, 0x8c48, 0x8c48, 0x8c48, 
  0x8c48, 0x8c48, 0x8c48, 0x8c48, 0x8c48, 0x8c48, 0x8c48, 0x8c48, 0x8c48, 0x8c48, 0x8c48, 0x8c48, 
  0x8c48, 0x8c48, 0x8c48, 0x8c48, 0x8c48, 0x8c48, 0x8c48, 0x8c48, 0x8c48, 0x8c48, 0x8c48, 0x8c48, 
  0x8c48, 0x8c48, 0x8c48, 0x8c48, 0x8c48, 0x8c48, 0x8c48, 0x8c48, 0x8c48, 0x8c48, 0x8c48, 0x8c48, 
  0x8c48, 0x8c48, 0x8c48, 0x8c48, 0x8c48, 0x8c48, 0x8c48, 0x8c48, 0x8c48, 0x8c48, 0x8c48, 0x8c48, 
  0x8c48, 0x8c48, 0x8c48, 0x8c48, 0x8c48, 0x8c48, 0x8c48, 0x8c48, 0x8c48, 0x8c48, 0x8c48, 0x8c48, 
  0x8c48, 0x8c48, 0x8c48, 0x8c48, 0x8c48, 0x8c48, 0x8c48, 0x8c48, 0x8c48, 0x8c48, 0x8c48, 0x8c48, 
  0x8c48, 0x8c48, 0x8c48, 0x8c48, 0x8c48, 0x8c48, 0x8c48, 0x8c48, 0x8c48, 0x8c48, 0x8c48, 0x8c48, 
  0x8c48, 0x8c48, 0x8c48, 0x8c48, 0x8c48, 0x8c48, 0x8c48, 0x8c48, 0x8c48, 0x8c48, 0x8c48, 0x8c48, 
  0x8c48, 0x8c48, 0x8c48, 0x8c48, 0x8c48, 0x8c48, 0x8c88, 0x8c88, 0x8c88, 0x8c88, 0x8c48, 0x8c48, 
  0x8c48, 0x8c48, 0x8c88, 0x8c88, 0x8c88, 0x8c88, 0x8427, 0x8427, 0x8c88, 0x8c88, 0x94a8, 0x94a8, 
  0x8c48, 0x8c48, 0x8c48, 0x8c48, 0x8c48, 0x8c48, 0x8c48, 0x8c48, 0x8c48, 0x8c48, 0x8c48, 0x8c48, 
  0x8c48, 0x8c48, 0x8c48, 0x8c48, 0x8c48, 0x8c48, 0x8c48, 0x8c48, 0x8c48, 0x8c48, 0x8c48, 0x8c48, 
  0x8c48, 0x8c48, 0x8c48, 0x8c48, 0x8c48, 0x8c48, 0x8c48, 0x8c48, 0x8c48, 0x8c48, 0x8c48, 0x8c48, 
  0x8c48, 0x8c48, 0x8c48, 0x8c48, 0x8c48, 0x8c48, 0x8c48, 0x8c48, 0x8c48, 0x8c48, 0x8c48, 0x8c48, 
  0x8c48, 0x8c48, 0x8c48, 0x8c48, 0x8c48, 0x8c48, 0x8c48, 0x8c48, 0x8c48, 0x8c48, 0x8c48, 0x8c48, 
  0x8c48, 0x8c48, 0x8c48, 0x8c48, 0x8c48, 0x8c48, 0x8c48, 0x8c48, 0x8c48, 0x8c48, 0x8c48, 0x8c48, 
  0x8c48, 0x8c48, 0x8c48, 0x8c48, 0x8c48, 0x8c48, 0x8c48, 0x8c48, 0x8c48, 0x8c48, 0x8c48, 0x8c48, 
  0x8c48, 0x8c48, 0x8c48, 0x8c48, 0x8c48, 0x8c48, 0x8c48, 0x8c48, 0x8c48, 0x8c48, 0x8c48, 0x8c48, 
  0x8c48, 0x8c48, 0x8c48, 0x8c48, 0x8c48, 0x8c48, 0x8c48, 0x8c48, 0x8c48, 0x8c48, 0x8c48, 0x8c48, 
  0x8c48, 0x8c48, 0x8c48, 0x8c48, 0x8c48, 0x8c48, 0x8c88, 0x8c88, 0x8c88, 0x8c88, 0x8c48, 0x8c48, 
  0x8c48, 0x8c48, 0x8c88, 0x8c88, 0x94a8, 0x94a8, 0x94a8, 0x94a8, 0x8c48, 0x8c48, 0x8c48, 0x8c48, 
  0x8c48, 0x8c48, 0x8c48, 0x8c48, 0x8c48, 0x8c48, 0x8c48, 0x8c48, 0x8c48, 0x8c48, 0x8c48, 0x8c48, 
  0x8c48, 0x8c48, 0x8c48, 0x8c48, 0x8c48, 0x8c48, 0x94a9, 0x94a9, 0x8c48, 0x8c48, 0x8c48, 0x8c48, 
  0x8c48, 0x8c48, 0x8c48, 0x8c48, 0x8c48, 0x8c48, 0x8c48, 0x8c48, 0x8c48, 0x8c48, 0x8c48, 0x8c48, 
  0x8c48, 0x8c48, 0x8c48, 0x8c48, 0x8c48, 0x8c48, 0x8c48, 0x8c48, 0x8c48, 0x8c48, 0x8c48, 0x8c48, 
  0x8c48, 0x8c48, 0x8c48, 0x8c48, 0x8c48, 0x8c48, 0x8c48, 0x8c48, 0x8c48, 0x8c48, 0x8c48, 0x8c48, 
  0x8c48, 0x8c48, 0x8c48, 0x8c48, 0x8c48, 0x8c48, 0x8c48, 0x8c48, 0x8c48, 0x8c48, 0x8c48, 0x8c48, 
  0x8c48, 0x8c48, 0x8c48, 0x8c48, 0x8c48, 0x8c48, 0x8c48, 0x8c48, 0x8c48, 0x8c48, 0x8c48, 0x8c48, 
  0x8c48, 0x8c48, 0x8c48, 0x8c48, 0x8c48, 0x8c48, 0x8c48, 0x8c48, 0x8c48, 0x8c48, 0x8c48, 0x8c48, 
  0x8c48, 0x8c48, 0x8c48, 0x8c48, 0x8c48, 0x8c48, 0x8c48, 0x8c48, 0x8c48, 0x8c48, 0x8c48, 0x8c48, 
  0x8c48, 0x8c48, 0x8c48, 0x8c48, 0x8c48, 0x8c48, 0x8c48, 0x8c48, 0x8c48, 0x8c48, 0x8c48, 0x8c48, 
  0x8c48, 0x8c48, 0x8c48, 0x8c48, 0x8c48, 0x8c48, 0x8c48, 0x8c48, 0x8c48, 0x8c48, 0x8c48, 0x8c48, 
  0x8427, 0x8427, 0x8c48, 0x8c48, 0x8c48, 0x8c48, 0x8c88, 0x8c88, 0x8427, 0x8427, 0x8c88, 0x8c88, 
  0x8c88, 0x8c88, 0x8427, 0x8427, 0x8c48, 0x8c48, 0x8c48, 0x8c48, 0x8c48, 0x8c48, 0x8c48, 0x8c48, 
  0x8c48, 0x8c48, 0x8c48, 0x8c48, 0x8c48, 0x8c48, 0x8c48, 0x8c48, 0x8c48, 0x8c48, 0x8c48, 0x8c48, 
  0x8c48, 0x8c48, 0x8c48, 0x8c48, 0x8c48, 0x8c48, 0x8c48, 0x8c48, 0x8c48, 0x8c48, 0x8c48, 0x8c48, 
  0x8c48, 0x8c48, 0x8c48, 0x8c48, 0x8c48, 0x8c48, 0x8c48, 0x8c48, 0x8c48, 0x8c48, 0x8c48, 0x8c48, 
  0x8c48, 0x8c48, 0x8c48, 0x8c48, 0x8c48, 0x8c48, 0x8c48, 0x8c48, 0x8c48, 0x8c48, 0x8c48, 0x8c48, 
  0x8c48, 0x8c48, 0x8c48, 0x8c48, 0x8c48, 0x8c48, 0x8c48, 0x8c48, 0x8c48, 0x8c48, 0x8c48, 0x8c48, 
  0x8c48, 0x8c48, 0x8c48, 0x8c48, 0x8c48, 0x8c48, 0x8c48, 0x8c48, 0x8c48, 0x8c48, 0x8c48, 0x8c48, 
  0x8c48, 0x8c48, 0x8c48, 0x8c48, 0x8c48, 0x8c48, 0x8c48, 0x8c48, 0x8c48, 0x8c48, 0x8c48, 0x8c48, 
  0x8c48, 0x8c48, 0x8c48, 0x8c48, 0x8c48, 0x8c48, 0x8c48, 0x8c48, 0x8c48, 0x8c48, 0x8c48, 0x8c48, 
  0x8c48, 0x8c48, 0x8c48, 0x8c48, 0x94a8, 0x94a8, 0x8c48, 0x8c48, 0x8c48, 0x8c48, 0x8c88, 0x8c88, 
  0x8427, 0x8427, 0x8c48, 0x8c48, 0x8c88, 0x8c88, 0x8c88, 0x8c88, 0x94a8, 0x94a8, 0x8c48, 0x8c48, 
  0x8c48, 0x8c48, 0x8c48, 0x8c48, 0x8c48, 0x8c48, 0x8c48, 0x8c48, 0x8c48, 0x8c48, 0x8c48, 0x8c48, 
  0x8c48, 0x8c48, 0x8c48, 0x8c48, 0x8c48, 0x8c48, 0x8c48, 0x8c48, 0x8c48, 0x8c48, 0x94a9, 0x94a9, 
  0x8c48, 0x8c48, 0x8c48, 0x8c48, 0x8c48, 0x8c48, 0x8c48, 0x8c48, 0x8c48, 0x8c48, 0x8c48, 0x8c48, 
  0x8c48, 0x8c48, 0x8c48, 0x8c48, 0x8c48, 0x8c48, 0x8c48, 0x8c48, 0x8c48, 0x8c48, 0x8c48, 0x8c48, 
  0x8c48, 0x8c48, 0x8c48, 0x8c48, 0x8c48, 0x8c48, 0x8c48, 0x8c48, 0x8c48, 0x8c48, 0x8c48, 0x8c48, 
  0x8c48, 0x8c48, 0x8c48, 0x8c48, 0x8c48, 0x8c48, 0x8c48, 0x8c48, 0x8c48, 0x8c48, 0x8c48, 0x8c48, 
  0x8c48, 0x8c48, 0x8c48, 0x8c48, 0x8c48, 0x8c48, 0x8c48, 0x8c48, 0x8c48, 0x8c48, 0x8c48, 0x8c48, 
  0x8c48, 0x8c48, 0x8c48, 0x8c48, 0x8c48, 0x8c48, 0x8c48, 0x8c48, 0x8c48, 0x8c48, 0x8c48, 0x8c48, 
  0x8c48, 0x8c48, 0x8c48, 0x8c48, 0x8c48, 0x8c48, 0x8c48, 0x8c48, 0x8c48, 0x8c48, 0x8c48, 0x8c48, 
  0x8c48, 0x8c48, 0x8c48, 0x8c48, 0x8c48, 0x8c48, 0x8c48, 0x8c48, 0x8c48, 0x8c48, 0x8c48, 0x8c48, 
  0x8c48, 0x8c48, 0x8c48, 0x8c48, 0x8c48, 0x8c48, 0x8c48, 0x8c48, 0x8c48, 0x8c48, 0x8c48, 0x8c48, 
  0x8c48, 0x8c48, 0x8c48, 0x8c48, 0x8427, 0x8427, 0x8c48, 0x8c48, 0x8c48, 0x8c48, 0x8c88, 0x8c88, 
  0x8427, 0x8427, 0x8c88, 0x8c88, 0x8c88, 0x8c88, 0x8427, 0x8427, 0x8c48, 0x8c48, 0x8c48, 0x8c48, 
  0x8c48, 0x8c48, 0x8c48, 0x8c48, 0x8c48, 0x8c48, 0x8c48, 0x8c48, 0x8c48, 0x8c48, 0x8c48, 0x8c48, 
  0x8c48, 0x8c48, 0x8c48, 0x8c48, 0x8c48, 0x8c48, 0x8c48, 0x8c48, 0x8c48, 0x8c48, 0x8c48, 0x8c48, 
  0x8c48, 0x8c48, 0x8c48, 0x8c48, 0x8c48, 0x8c48, 0x8c48, 0x8c48, 0x8c48, 0x8c48, 0x8c48, 0x8c48, 
  0x8c48, 0x8c48, 0x8c48, 0x8c48, 0x8c48, 0x8c48, 0x8c48, 0x8c48, 0x8c48, 0x8c48, 0x8c48, 0x8c48, 
  0x8c48, 0x8c48, 0x8c48, 0x8c48, 0x8c48, 0x8c48, 0x8c48, 0x8c48, 0x8c48, 0x8c48, 0x8c48, 0x8c48, 
  0x8c48, 0x8c48, 0x8c48, 0x8c48, 0x8c48, 0x8c48, 0x8c48, 0x8c48, 0x8c48, 0x8c48, 0x8c48, 0x8c48, 
  0x8c48, 0x8c48, 0x8c48, 0x8c48, 0x8c48, 0x8c48, 0x8c48, 0x8c48, 0x8c48, 0x8c48, 0x8c48, 0x8c48, 
  0x8c48, 0x8c48, 0x8c48, 0x8c48, 0x8c48, 0x8c48, 0x8c48, 0x8c48, 0x8c48, 0x8c48, 0x8c48, 0x8c48, 
  0x8c48, 0x8c48, 0x8c48, 0x8c48, 0x8c48, 0x8c48, 0x8c48, 0x8c48, 0x94a8, 0x94a8, 0x8c48, 0x8c48, 
  0x8c48, 0x8c48, 0x8c88, 0x8c88, 0x8427, 0x8427, 0x8c48, 0x8c48, 0x8c88, 0x8c88, 0x8c88, 0x8c88, 
  0x94a8, 0x94a8, 0x8c48, 0x8c48, 0x8c48, 0x8c48, 0x8c48, 0x8c48, 0x8c48, 0x8c48, 0x8c48, 0x8c48, 
  0x8c88, 0x8c88, 0x94a9, 0x94a9, 0x94a9, 0x94a9, 0x8c48, 0x8c48, 0x8c48, 0x8c48, 0x8c48, 0x8c48, 
  0x94a9, 0x94a9, 0x8c48, 0x8c48, 0x8c48, 0x8c48, 0x8c48, 0x8c48, 0x8c48, 0x8c48, 0x8c48, 0x8c48, 
  0x8c48, 0x8c48, 0x8c48, 0x8c48, 0x8c48, 0x8c48, 0x8c48, 0x8c48, 0x8c48, 0x8c48, 0x8c48, 0x8c48, 
  0x8c48, 0x8c48, 0x8c48, 0x8c48, 0x8c48, 0x8c48, 0x8c48, 0x8c48, 0x8c48, 0x8c48, 0x8c48, 0x8c48, 
  0x8c48, 0x8c48, 0x8c48, 0x8c48, 0x8c48, 0x8c48, 0x8c48, 0x8c48, 0x8c48, 0x8c48, 0x8c48, 0x8c48, 
  0x8c48, 0x8c48, 0x8c48, 0x8c48, 0x8c48, 0x8c48, 0x8c48, 0x8c48, 0x8c48, 0x8c48, 0x8c48, 0x8c48, 
  0x8c48, 0x8c48, 0x8c48, 0x8c48, 0x8c48, 0x8c48, 0x8c48, 0x8c48, 0x8c48, 0x8c48, 0x8c48, 0x8c48, 
  0x8c48, 0x8c48, 0x8c48, 0x8c48, 0x8c48, 0x8c48, 0x8c48, 0x8c48, 0x8c48, 0x8c48, 0x8c48, 0x8c48, 
  0x8c48, 0x8c48, 0x8c48, 0x8c48, 0x8c48, 0x8c48, 0x8c48, 0x8c48, 0x8c48, 0x8c48, 0x8c48, 0x8c48, 
  0x8c48, 0x8c48, 0x8c48, 0x8c48, 0x8c48, 0x8c48, 0x8c48, 0x8c48, 0x8c48, 0x8c48, 0x8c48, 0x8c48, 
  0x8c48, 0x8c48, 0x8c48, 0x8c48, 0x8c48, 0x8c48, 0x8c48, 0x8c48, 0x8c48, 0x8c48, 0x8c48, 0x8c48, 
  0x8c48, 0x8c48, 0x8427, 0x8427, 0x8427, 0x8427, 0x8c88, 0x8c88, 0x8427, 0x8427, 0x8c48, 0x8c48, 
  0x8c48, 0x8c48, 0x8c48, 0x8c48, 0x8c48, 0x8c48, 0x8c48, 0x8c48, 0x8c48, 0x8c48, 0x8c48, 0x8c48, 
  0x8c48, 0x8c48, 0x8c48, 0x8c48, 0x8c48, 0x8c48, 0x8c48, 0x8c48, 0x8c48, 0x8c48, 0x8c48, 0x8c48, 
  0x8c48, 0x8c48, 0x8c48, 0x8c48, 0x8c48, 0x8c48, 0x8c48, 0x8c48, 0x8c48, 0x8c48, 0x8c48, 0x8c48, 
  0x8c48, 0x8c48, 0x8c48, 0x8c48, 0x8c48, 0x8c48, 0x8c48, 0x8c48, 0x8c48, 0x8c48, 0x8c48, 0x8c48, 
  0x8c48, 0x8c48, 0x8c48, 0x8c48, 0x8c48, 0x8c48, 0x8c48, 0x8c48, 0x8c48, 0x8c48, 0x8c48, 0x8c48, 
  0x8c48, 0x8c48, 0x8c48, 0x8c48, 0x8c48, 0x8c48, 0x8c48, 0x8c48, 0x8c48, 0x8c48, 0x8c48, 0x8c48, 
  0x8c48, 0x8c48, 0x8c48, 0x8c48, 0x8c48, 0x8c48, 0x8c48, 0x8c48, 0x8c48, 0x8c48, 0x8c48, 0x8c48, 
  0x8c48, 0x8c48, 0x8c48, 0x8c48, 0x8c48, 0x8c48, 0x8c48, 0x8c48, 0x8c48, 0x8c48, 0x8c48, 0x8c48, 
  0x8c48, 0x8c48, 0x8c48, 0x8c48, 0x8c48, 0x8c48, 0x8c48, 0x8c48, 0x8c48, 0x8c48, 0x8c48, 0x8c48, 
  0x8427, 0x8427, 0x8c88, 0x8c88, 0x8c88, 0x8c88, 0x8c48, 0x8c48, 0x8427, 0x8427, 0x8c88, 0x8c88, 
  0x8c88, 0x8c88, 0x8c88, 0x8c88, 0x8427, 0x8427, 0x8c48, 0x8c48, 0x8c48, 0x8c48, 0x8c48, 0x8c48, 
  0x8c48, 0x8c48, 0x8c48, 0x8c48, 0x8c88, 0x8c88, 0x94a9, 0x94a9, 0x94a9, 0x94a9, 0x8c48, 0x8c48, 
  0x8c48, 0x8c48, 0x8c48, 0x8c48, 0x94a9, 0x94a9, 0x8c48, 0x8c48, 0x8c48, 0x8c48, 0x8c48, 0x8c48, 
  0x8c48, 0x8c48, 0x8c48, 0x8c48, 0x8c48, 0x8c48, 0x8c48, 0x8c48, 0x8c48, 0x8c48, 0x8c48, 0x8c48, 
  0x8c48, 0x8c48, 0x8c48, 0x8c48, 0x8c48, 0x8c48, 0x8c48, 0x8c48, 0x8c48, 0x8c48, 0x8c48, 0x8c48, 
  0x8c48, 0x8c48, 0x8c48, 0x8c48, 0x8c48, 0x8c48, 0x8c48, 0x8c48, 0x8c48, 0x8c48, 0x8c48, 0x8c48, 
  0x8c48, 0x8c48, 0x8c48, 0x8c48, 0x8c48, 0x8c48, 0x8c48, 0x8c48, 0x8c48, 0x8c48, 0x8c48, 0x8c48, 
  0x8c48, 0x8c48, 0x8c48, 0x8c48, 0x8c48, 0x8c48, 0x8c48, 0x8c48, 0x8c48, 0x8c48, 0x8c48, 0x8c48, 
  0x8c48, 0x8c48, 0x8c48, 0x8c48, 0x8c48, 0x8c48, 0x8c48, 0x8c48, 0x8c48, 0x8c48, 0x8c48, 0x8c48, 
  0x8c48, 0x8c48, 0x8c48, 0x8c48, 0x8c48, 0x8c48, 0x8c48, 0x8c48, 0x8c48, 0x8c48, 0x8c48, 0x8c48, 
  0x8c48, 0x8c48, 0x8c48, 0x8c48, 0x8c48, 0x8c48, 0x8c48, 0x8c48, 0x8c48, 0x8c48, 0x8c48, 0x8c48, 
  0x8c48, 0x8c48, 0x8c48, 0x8c48, 0x8c48, 0x8c48, 0x8c48, 0x8c48, 0x8c48, 0x8c48, 0x8c48, 0x8c48, 
  0x8c48, 0x8c48, 0x8c48, 0x8c48, 0x8c48, 0x8c48, 0x8427, 0x8427, 0x8427, 0x8427, 0x8c88, 0x8c88, 
  0x8427, 0x8427, 0x8c48, 0x8c48, 0x8c48, 0x8c48, 0x8c48, 0x8c48, 0x8c48, 0x8c48, 0x8c48, 0x8c48, 
  0x8c48, 0x8c48, 0x8c48, 0x8c48, 0x8c48, 0x8c48, 0x8c48, 0x8c48, 0x8c48, 0x8c48, 0x8c48, 0x8c48, 
  0x8c48, 0x8c48, 0x8c48, 0x8c48, 0x8c48, 0x8c48, 0x8c48, 0x8c48, 0x8c48, 0x8c48, 0x8c48, 0x8c48, 
  0x8c48, 0x8c48, 0x8c48, 0x8c48, 0x8c48, 0x8c48, 0x8c48, 0x8c48, 0x8c48, 0x8c48, 0x8c48, 0x8c48, 
  0x8c48, 0x8c48, 0x8c48, 0x8c48, 0x8c48, 0x8c48, 0x8c48, 0x8c48, 0x8c48, 0x8c48, 0x8c48, 0x8c48, 
  0x8c48, 0x8c48, 0x8c48, 0x8c48, 0x8c48, 0x8c48, 0x8c48, 0x8c48, 0x8c48, 0x8c48, 0x8c48, 0x8c48, 
  0x8c48, 0x8c48, 0x8c48, 0x8c48, 0x8c48, 0x8c48, 0x8c48, 0x8c48, 0x8c48, 0x8c48, 0x8c48, 0x8c48, 
  0x8c48, 0x8c48, 0x8c48, 0x8c48, 0x8c48, 0x8c48, 0x8c48, 0x8c48, 0x8c48, 0x8c48, 0x8c48, 0x8c48, 
  0x8c48, 0x8c48, 0x8c48, 0x8c48, 0x8c48, 0x8c48, 0x8c48, 0x8c48, 0x8c48, 0x8c48, 0x8c48, 0x8c48, 
  0x8c48, 0x8c48, 0x8c48, 0x8c48, 0x8427, 0x8427, 0x8c88, 0x8c88, 0x8c88, 0x8c88, 0x8c48, 0x8c48, 
  0x8427, 0x8427, 0x8c88, 0x8c88, 0x8c88, 0x8c88, 0x8c88, 0x8c88, 0x8427, 0x8427, 0x8c48, 0x8c48, 
  0x8c48, 0x8c48, 0x8c48, 0x8c48, 0x8c48, 0x8c48, 0x8c48, 0x8c48, 0x8c48, 0x8c48, 0x94a9, 0x94a9, 
  0x8c88, 0x8c88, 0x8c88, 0x8c88, 0x8c48, 0x8c48, 0x94a9, 0x94a9, 0x94a9, 0x94a9, 0x8c48, 0x8c48, 
  0x8c48, 0x8c48, 0x8c48, 0x8c48, 0x8c48, 0x8c48, 0x8c48, 0x8c48, 0x8c48, 0x8c48, 0x8c48, 0x8c48, 
  0x8c48, 0x8c48, 0x8c48, 0x8c48, 0x8c48, 0x8c48, 0x8c48, 0x8c48, 0x8c48, 0x8c48, 0x8c48, 0x8c48, 
  0x8c48, 0x8c48, 0x8c48, 0x8c48, 0x8c48, 0x8c48, 0x8c48, 0x8c48, 0x8c48, 0x8c48, 0x8c48, 0x8c48, 
  0x8c48, 0x8c48, 0x8c48, 0x8c48, 0x8c48, 0x8c48, 0x8c48, 0x8c48, 0x8c48, 0x8c48, 0x8c48, 0x8c48, 
  0x8c48, 0x8c48, 0x8c48, 0x8c48, 0x8c48, 0x8c48, 0x8c48, 0x8c48, 0x8c48, 0x8c48, 0x8c48, 0x8c48, 
  0x8c48, 0x8c48, 0x8c48, 0x8c48, 0x8c48, 0x8c48, 0x8c48, 0x8c48, 0x8c48, 0x8c48, 0x8c48, 0x8c48, 
  0x8c48, 0x8c48, 0x8c48, 0x8c48, 0x8c48, 0x8c48, 0x8c48, 0x8c48, 0x8c48, 0x8c48, 0x8c48, 0x8c48, 
  0x8c48, 0x8c48, 0x8c48, 0x8c48, 0x8c48, 0x8c48, 0x8c48, 0x8c48, 0x8c48, 0x8c48, 0x8c48, 0x8c48, 
  0x8c48, 0x8c48, 0x8c48, 0x8c48, 0x8c48, 0x8c48, 0x8c48, 0x8c48, 0x8c48, 0x8c48, 0x8c48, 0x8c48, 
  0x8c48, 0x8c48, 0x8c48, 0x8c48, 0x8c48, 0x8c48, 0x8c48, 0x8c48, 0x8c48, 0x8c48, 0x8c48, 0x8c48, 
  0x8c48, 0x8c48, 0x8c48, 0x8c48, 0x8c48, 0x8c48, 0x8c48, 0x8c48, 0x8c48, 0x8c48, 0x8c48, 0x8c48, 
  0x8c48, 0x8c48, 0x8c48, 0x8c48, 0x8c48, 0x8c48, 0x8c48, 0x8c48, 0x8c48, 0x8c48, 0x8c48, 0x8c48, 
  0x8c48, 0x8c48, 0x8c48, 0x8c48, 0x8c48, 0x8c48, 0x8c48, 0x8c48, 0x8c48, 0x8c48, 0x8c48, 0x8c48, 
  0x8c48, 0x8c48, 0x8c48, 0x8c48, 0x8c48, 0x8c48, 0x8c48, 0x8c48, 0x8c48, 0x8c48, 0x8c48, 0x8c48, 
  0x8c48, 0x8c48, 0x8c48, 0x8c48, 0x8c48, 0x8c48, 0x8c48, 0x8c48, 0x8c48, 0x8c48, 0x8c48, 0x8c48, 
  0x8c48, 0x8c48, 0x8c48, 0x8c48, 0x8c48, 0x8c48, 0x8c48, 0x8c48, 0x8c48, 0x8c48, 0x8c48, 0x8c48, 
  0x8c48, 0x8c48, 0x8c48, 0x8c48, 0x8c48, 0x8c48, 0x8c48, 0x8c48, 0x8c48, 0x8c48, 0x8c48, 0x8c48, 
  0x8c48, 0x8c48, 0x8c48, 0x8c48, 0x8c48, 0x8c48, 0x8c48, 0x8c48, 0x8c48, 0x8c48, 0x8c48, 0x8c48, 
  0x8c48, 0x8c48, 0x8c48, 0x8c48, 0x8c48, 0x8c48, 0x8c48, 0x8c48, 0x8c48, 0x8c48, 0x8c48, 0x8c48, 
  0x8c48, 0x8c48, 0x8c48, 0x8c48, 0x8c48, 0x8c48, 0x8c48, 0x8c48, 0x8427, 0x8427, 0x8c88, 0x8c88, 
  0x8c88, 0x8c88, 0x8c48, 0x8c48, 0x8c48, 0x8c48, 0x8c88, 0x8c88, 0x8c88, 0x8c88, 0x8427, 0x8427, 
  0x8c88, 0x8c88, 0x94a8, 0x94a8, 0x8c48, 0x8c48, 0x8c48, 0x8c48, 0x8c48, 0x8c48, 0x8c48, 0x8c48, 
  0x8c48, 0x8c48, 0x94a9, 0x94a9, 0x8c88, 0x8c88, 0x8c88, 0x8c88, 0x8c48, 0x8c48, 0x94a9, 0x94a9, 
  0x94a9, 0x94a9, 0x8c48, 0x8c48, 0x8c48, 0x8c48, 0x8c48, 0x8c48, 0x8c48, 0x8c48, 0x8c48, 0x8c48, 
  0x8c48, 0x8c48, 0x8c48, 0x8c48, 0x8c48, 0x8c48, 0x8c48, 0x8c48, 0x8c48, 0x8c48, 0x8c48, 0x8c48, 
  0x8c48, 0x8c48, 0x8c48, 0x8c48, 0x8c48, 0x8c48, 0x8c48, 0x8c48, 0x8c48, 0x8c48, 0x8c48, 0x8c48, 
  0x8c48, 0x8c48, 0x8c48, 0x8c48, 0x8c48, 0x8c48, 0x8c48, 0x8c48, 0x8c48, 0x8c48, 0x8c48, 0x8c48, 
  0x8c48, 0x8c48, 0x8c48, 0x8c48, 0x8c48, 0x8c48, 0x8c48, 0x8c48, 0x8c48, 0x8c48, 0x8c48, 0x8c48, 
  0x8c48, 0x8c48, 0x8c48, 0x8c48, 0x8c48, 0x8c48, 0x8c48, 0x8c48, 0x8c48, 0x8c48, 0x8c48, 0x8c48, 
  0x8c48, 0x8c48, 0x8c48, 0x8c48, 0x8c48, 0x8c48, 0x8c48, 0x8c48, 0x8c48, 0x8c48, 0x8c48, 0x8c48, 
  0x8c48, 0x8c48, 0x8c48, 0x8c48, 0x8c48, 0x8c48, 0x8c48, 0x8c48, 0x8c48, 0x8c48, 0x8c48, 0x8c48, 
  0x8c48, 0x8c48, 0x8c48, 0x8c48, 0x8c48, 0x8c48, 0x8c48, 0x8c48, 0x8c48, 0x8c48, 0x8c48, 0x8c48, 
  0x8c48, 0x8c48, 0x8c48, 0x8c48, 0x8c48, 0x8c48, 0x8c48, 0x8c48, 0x8c48, 0x8c48, 0x8c48, 0x8c48, 
  0x8c48, 0x8c48, 0x8c48, 0x8c48, 0x8c48, 0x8c48, 0x8c48, 0x8c48, 0x8c48, 0x8c48, 0x8c48, 0x8c48, 
  0x8c48, 0x8c48, 0x8c48, 0x8c48, 0x8c48, 0x8c48, 0x8c48, 0x8c48, 0x8c48, 0x8c48, 0x8c48, 0x8c48, 
  0x8c48, 0x8c48, 0x8c48, 0x8c48, 0x8c48, 0x8c48, 0x8c48, 0x8c48, 0x8c48, 0x8c48, 0x8c48, 0x8c48, 
  0x8c48, 0x8c48, 0x8c48, 0x8c48, 0x8c48, 0x8c48, 0x8c48, 0x8c48, 0x8c48, 0x8c48, 0x8c48, 0x8c48, 
  0x8c48, 0x8c48, 0x8c48, 0x8c48, 0x8c48, 0x8c48, 0x8c48, 0x8c48, 0x8c48, 0x8c48, 0x8c48, 0x8c48, 
  0x8c48, 0x8c48, 0x8c48, 0x8c48, 0x8c48, 0x8c48, 0x8c48, 0x8c48, 0x8c48, 0x8c48, 0x8c48, 0x8c48, 
  0x8c48, 0x8c48, 0x8c48, 0x8c48, 0x8c48, 0x8c48, 0x8c48, 0x8c48, 0x8c48, 0x8c48, 0x8c48, 0x8c48, 
  0x8c48, 0x8c48, 0x8c48, 0x8c48, 0x8c48, 0x8c48, 0x8c48, 0x8c48, 0x8c48, 0x8c48, 0x8c48, 0x8c48, 
  0x8c48, 0x8c48, 0x8c48, 0x8c48, 0x8c48, 0x8c48, 0x8c48, 0x8c48, 0x8c48, 0x8c48, 0x8c48, 0x8c48, 
  0x8c48, 0x8c48, 0x8c48, 0x8c48, 0x8c48, 0x8c48, 0x8c48, 0x8c48, 0x8c48, 0x8c48, 0x8c48, 0x8c48, 
  0x8427, 0x8427, 0x8c88, 0x8c88, 0x8c88, 0x8c88, 0x8c48, 0x8c48, 0x8c48, 0x8c48, 0x8c88, 0x8c88, 
  0x8c88, 0x8c88, 0x8427, 0x8427, 0x8c88, 0x8c88, 0x94a8, 0x94a8, 0x8c48, 0x8c48, 0x8c48, 0x8c48, 
  0x8c48, 0x8c48, 0x8c48, 0x8c48, 0x8c48, 0x8c48, 0x7c27, 0x7c27, 0x8c88, 0x8c88, 0x8c88, 0x8c88, 
  0x8c48, 0x8c48, 0x8c88, 0x8c88, 0x8c88, 0x8c88, 0x8c48, 0x8c48, 0x8c48, 0x8c48, 0x8c48, 0x8c48, 
  0x8c48, 0x8c48, 0x8c48, 0x8c48, 0x8c48, 0x8c48, 0x8c48, 0x8c48, 0x8c48, 0x8c48, 0x8c48, 0x8c48, 
  0x8c48, 0x8c48, 0x8c48, 0x8c48, 0x8c48, 0x8c48, 0x8c48, 0x8c48, 0x8c48, 0x8c48, 0x8c48, 0x8c48, 
  0x8c48, 0x8c48, 0x8c48, 0x8c48, 0x8c48, 0x8c48, 0x8c48, 0x8c48, 0x8c48, 0x8c48, 0x8c48, 0x8c48, 
  0x8c48, 0x8c48, 0x8c48, 0x8c48, 0x8c48, 0x8c48, 0x8c48, 0x8c48, 0x8c48, 0x8c48, 0x8c48, 0x8c48, 
  0x8c48, 0x8c48, 0x8c48, 0x8c48, 0x8c48, 0x8c48, 0x8c48, 0x8c48, 0x8c48, 0x8c48, 0x8c48, 0x8c48, 
  0x8c48, 0x8c48, 0x8c48, 0x8c48, 0x8c48, 0x8c48, 0x8c48, 0x8c48, 0x8c48, 0x8c48, 0x8c48, 0x8c48, 
  0x8c48, 0x8c48, 0x8c48, 0x8c48, 0x8c48, 0x8c48, 0x8c48, 0x8c48, 0x8c48, 0x8c48, 0x8c48, 0x8c48, 
  0x8c48, 0x8c48, 0x8c48, 0x8c48, 0x8c48, 0x8c48, 0x8c48, 0x8c48, 0x8c48, 0x8c48, 0x8c48, 0x8c48, 
  0x94a8, 0x94a8, 0x94a8, 0x94a8, 0x8c88, 0x8c88, 0x8c48, 0x8c48, 0x8c48, 0x8c48, 0x8c48, 0x8c48, 
  0x8c48, 0x8c48, 0x8c48, 0x8c48, 0x8c48, 0x8c48, 0x8c48, 0x8c48, 0x8c48, 0x8c48, 0x8c48, 0x8c48, 
  0x8c48, 0x8c48, 0x8c48, 0x8c48, 0x8c48, 0x8c48, 0x8c48, 0x8c48, 0x8c48, 0x8c48, 0x8c48, 0x8c48, 
  0x8c48, 0x8c48, 0x8c48, 0x8c48, 0x8c48, 0x8c48, 0x8c48, 0x8c48, 0x8c48, 0x8c48, 0x8c48, 0x8c48, 
  0x8c48, 0x8c48, 0x8c48, 0x8c48, 0x8c48, 0x8c48, 0x8c48, 0x8c48, 0x8c48, 0x8c48, 0x8c48, 0x8c48, 
  0x8c48, 0x8c48, 0x8c48, 0x8c48, 0x8c48, 0x8c48, 0x8c48, 0x8c48, 0x8c48, 0x8c48, 0x8c48, 0x8c48, 
  0x8c48, 0x8c48, 0x8c48, 0x8c48, 0x8c48, 0x8c48, 0x8c48, 0x8c48, 0x8c48, 0x8c48, 0x8c48, 0x8c48, 
  0x8c48, 0x8c48, 0x8c48, 0x8c48, 0x8c48, 0x8c48, 0x8c48, 0x8c48, 0x8c48, 0x8c48, 0x8c48, 0x8c48, 
  0x8c48, 0x8c48, 0x8c48, 0x8c48, 0x8c48, 0x8c48, 0x8c48, 0x8c48, 0x8c48, 0x8c48, 0x8c48, 0x8c48, 
  0x8c48, 0x8c48, 0x8c48, 0x8c48, 0x8c48, 0x8c48, 0x8c48, 0x8c48, 0x8c48, 0x8c48, 0x8c48, 0x8c48, 
  0x8c48, 0x8c48, 0x8c48, 0x8c48, 0x8c48, 0x8c48, 0x8c48, 0x8c48, 0x8c48, 0x8c48, 0x8c48, 0x8c48, 
  0x8c48, 0x8c48, 0x8c48, 0x8c48, 0x8c48, 0x8c48, 0x8427, 0x8427, 0x8427, 0x8427, 0x8c48, 0x8c48, 
  0x8c48, 0x8c48, 0x8c88, 0x8c88, 0x8427, 0x8427, 0x8c88, 0x8c88, 0x8c88, 0x8c88, 0x8427, 0x8427, 
  0x8c48, 0x8c48, 0x8c48, 0x8c48, 0x8c48, 0x8c48, 0x8c48, 0x8c48, 0x8c48, 0x8c48, 0x7c27, 0x7c27, 
  0x8c88, 0x8c88, 0x8c88, 0x8c88, 0x8c48, 0x8c48, 0x8c88, 0x8c88, 0x8c88, 0x8c88, 0x8c48, 0x8c48, 
  0x8c48, 0x8c48, 0x8c48, 0x8c48, 0x8c48, 0x8c48, 0x8c48, 0x8c48, 0x8c48, 0x8c48, 0x8c48, 0x8c48, 
  0x8c48, 0x8c48, 0x8c48, 0x8c48, 0x8c48, 0x8c48, 0x8c48, 0x8c48, 0x8c48, 0x8c48, 0x8c48, 0x8c48, 
  0x8c48, 0x8c48, 0x8c48, 0x8c48, 0x8c48, 0x8c48, 0x8c48, 0x8c48, 0x8c48, 0x8c48, 0x8c48, 0x8c48, 
  0x8c48, 0x8c48, 0x8c48, 0x8c48, 0x8c48, 0x8c48, 0x8c48, 0x8c48, 0x8c48, 0x8c48, 0x8c48, 0x8c48, 
  0x8c48, 0x8c48, 0x8c48, 0x8c48, 0x8c48, 0x8c48, 0x8c48, 0x8c48, 0x8c48, 0x8c48, 0x8c48, 0x8c48, 
  0x8c48, 0x8c48, 0x8c48, 0x8c48, 0x8c48, 0x8c48, 0x8c48, 0x8c48, 0x8c48, 0x8c48, 0x8c48, 0x8c48, 
  0x8c48, 0x8c48, 0x8c48, 0x8c48, 0x8c48, 0x8c48, 0x8c48, 0x8c48, 0x8c48, 0x8c48, 0x8c48, 0x8c48, 
  0x8c48, 0x8c48, 0x8c48, 0x8c48, 0x8c48, 0x8c48, 0x8c48, 0x8c48, 0x8c48, 0x8c48, 0x8c48, 0x8c48, 
  0x8c48, 0x8c48, 0x8c48, 0x8c48, 0x94a8, 0x94a8, 0x94a8, 0x94a8, 0x8c88, 0x8c88, 0x8c48, 0x8c48, 
  0x8c48, 0x8c48, 0x8c48, 0x8c48, 0x8c48, 0x8c48, 0x8c48, 0x8c48, 0x8c48, 0x8c48, 0x8c48, 0x8c48, 
  0x8c48, 0x8c48, 0x8c48, 0x8c48, 0x8c48, 0x8c48, 0x8c48, 0x8c48, 0x8c48, 0x8c48, 0x8c48, 0x8c48, 
  0x8c48, 0x8c48, 0x8c48, 0x8c48, 0x8c48, 0x8c48, 0x8c48, 0x8c48, 0x8c48, 0x8c48, 0x8c48, 0x8c48, 
  0x8c48, 0x8c48, 0x8c48, 0x8c48, 0x8c48, 0x8c48, 0x8c48, 0x8c48, 0x8c48, 0x8c48, 0x8c48, 0x8c48, 
  0x8c48, 0x8c48, 0x8c48, 0x8c48, 0x8c48, 0x8c48, 0x8c48, 0x8c48, 0x8c48, 0x8c48, 0x8c48, 0x8c48, 
  0x8c48, 0x8c48, 0x8c48, 0x8c48, 0x8c48, 0x8c48, 0x8c48, 0x8c48, 0x8c48, 0x8c48, 0x8c48, 0x8c48, 
  0x8c48, 0x8c48, 0x8c48, 0x8c48, 0x8c48, 0x8c48, 0x8c48, 0x8c48, 0x8c48, 0x8c48, 0x8c48, 0x8c48, 
  0x8c48, 0x8c48, 0x8c48, 0x8c48, 0x8c48, 0x8c48, 0x8c48, 0x8c48, 0x8c48, 0x8c48, 0x8c48, 0x8c48, 
  0x8c48, 0x8c48, 0x8c48, 0x8c48, 0x8c48, 0x8c48, 0x8c48, 0x8c48, 0x8c48, 0x8c48, 0x8c48, 0x8c48, 
  0x8c48, 0x8c48, 0x8c48, 0x8c48, 0x8c48, 0x8c48, 0x8c48, 0x8c48, 0x8c48, 0x8c48, 0x8c48, 0x8c48, 
  0x8c48, 0x8c48, 0x8c48, 0x8c48, 0x8c48, 0x8c48, 0x8c48, 0x8c48, 0x8c48, 0x8c48, 0x8427, 0x8427, 
  0x8427, 0x8427, 0x8c48, 0x8c48, 0x8c48, 0x8c48, 0x8c88, 0x8c88, 0x8427, 0x8427, 0x8c88, 0x8c88, 
  0x8c88, 0x8c88, 0x8427, 0x8427, 0x8c48, 0x8c48, 0x8c48, 0x8c48, 0x8c48, 0x8c48, 0x8c48, 0x8c48, 
  0x8c48, 0x8c48, 0x8c48, 0x8c48, 0x7c27, 0x7c27, 0x8c88, 0x8c88, 0x7c27, 0x7c27, 0x8c88, 0x8c88, 
  0x7c27, 0x7c27, 0x8c48, 0x8c48, 0x8c48, 0x8c48, 0x8c48, 0x8c48, 0x8c48, 0x8c48, 0x8c48, 0x8c48, 
  0x8c48, 0x8c48, 0x8c48, 0x8c48, 0x8c48, 0x8c48, 0x8c48, 0x8c48, 0x8c48, 0x8c48, 0x8c48, 0x8c48, 
  0x8c48, 0x8c48, 0x8c48, 0x8c48, 0x8c48, 0x8c48, 0x8c48, 0x8c48, 0x8c48, 0x8c48, 0x8c48, 0x8c48, 
  0x8c48, 0x8c48, 0x8c48, 0x8c48, 0x8c48, 0x8c48, 0x8c48, 0x8c48, 0x8c48, 0x8c48, 0x8c48, 0x8c48, 
  0x8c48, 0x8c48, 0x8c48, 0x8c48, 0x8c48, 0x8c48, 0x8c48, 0x8c48, 0x8c48, 0x8c48, 0x8c48, 0x8c48, 
  0x8c48, 0x8c48, 0x8c48, 0x8c48, 0x8c48, 0x8c48, 0x8c48, 0x8c48, 0x8c48, 0x8c48, 0x8c48, 0x8c48, 
  0x8c48, 0x8c48, 0x8c48, 0x8c48, 0x8c48, 0x8c48, 0x8c48, 0x8c48, 0x8c48, 0x8c48, 0x8c48, 0x8c48, 
  0x8c48, 0x8c48, 0x8c48, 0x8c48, 0x8c48, 0x8c48, 0x8c48, 0x8c48, 0x8c48, 0x8c48, 0x8c48, 0x8c48, 
  0x8c48, 0x8c48, 0x8c48, 0x8c48, 0x8c48, 0x8c48, 0x8c48, 0x8c48, 0x8c48, 0x8c48, 0x94a8, 0x94a8, 
  0x8c88, 0x8c88, 0x8c88, 0x8c88, 0x8c48, 0x8c48, 0x8c48, 0x8c48, 0x8c48, 0x8c48, 0x8c48, 0x8c48, 
  0x8c48, 0x8c48, 0x8c48, 0x8c48, 0x8c48, 0x8c48, 0x8c48, 0x8c48, 0x8c48, 0x8c48, 0x8c48, 0x8c48, 
  0x8c48, 0x8c48, 0x8c48, 0x8c48, 0x8c48, 0x8c48, 0x8c48, 0x8c48, 0x8c48, 0x8c48, 0x8c48, 0x8c48, 
  0x8c48, 0x8c48, 0x8c48, 0x8c48, 0x8c48, 0x8c48, 0x8c48, 0x8c48, 0x8c48, 0x8c48, 0x8c48, 0x8c48, 
  0x8c48, 0x8c48, 0x8c48, 0x8c48, 0x8c48, 0x8c48, 0x8c48, 0x8c48, 0x8c48, 0x8c48, 0x8c48, 0x8c48, 
  0x8c48, 0x8c48, 0x8c48, 0x8c48, 0x8c48, 0x8c48, 0x8c48, 0x8c48, 0x8c48, 0x8c48, 0x8c48, 0x8c48, 
  0x8c48, 0x8c48, 0x8c48, 0x8c48, 0x8c48, 0x8c48, 0x8c48, 0x8c48, 0x8c48, 0x8c48, 0x8c48, 0x8c48, 
  0x8c48, 0x8c48, 0x8c48, 0x8c48, 0x8c48, 0x8c48, 0x8c48, 0x8c48, 0x8c48, 0x8c48, 0x8c48, 0x8c48, 
  0x8c48, 0x8c48, 0x8c48, 0x8c48, 0x8c48, 0x8c48, 0x8c48, 0x8c48, 0x8c48, 0x8c48, 0x8c48, 0x8c48, 
  0x8c48, 0x8c48, 0x8c48, 0x8c48, 0x8c48, 0x8c48, 0x8c48, 0x8c48, 0x8c48, 0x8c48, 0x8c48, 0x8c48, 
  0x8c48, 0x8c48, 0x8c48, 0x8c48, 0x8c48, 0x8c48, 0x8c48, 0x8c48, 0x8c48, 0x8c48, 0x8c48, 0x8c48, 
  0x8c48, 0x8c48, 0x8c48, 0x8c48, 0x8c48, 0x8c48, 0x8c48, 0x8c48, 0x8c48, 0x8c48, 0x8427, 0x8427, 
  0x8427, 0x8427, 0x8c88, 0x8c88, 0x8427, 0x8427, 0x8c48, 0x8c48, 0x8c48, 0x8c48, 0x8c48, 0x8c48, 
  0x8c48, 0x8c48, 0x8c48, 0x8c48, 0x8c48, 0x8c48, 0x8c48, 0x8c48, 0x7c27, 0x7c27, 0x8c88, 0x8c88, 
  0x7c27, 0x7c27, 0x8c88, 0x8c88, 0x7c27, 0x7c27, 0x8c48, 0x8c48, 0x8c48, 0x8c48, 0x8c48, 0x8c48, 
  0x8c48, 0x8c48, 0x8c48, 0x8c48, 0x8c48, 0x8c48, 0x8c48, 0x8c48, 0x8c48, 0x8c48, 0x8c48, 0x8c48, 
  0x8c48, 0x8c48, 0x8c48, 0x8c48, 0x8c48, 0x8c48, 0x8c48, 0x8c48, 0x8c48, 0x8c48, 0x8c48, 0x8c48, 
  0x8c48, 0x8c48, 0x8c48, 0x8c48, 0x8c48, 0x8c48, 0x8c48, 0x8c48, 0x8c48, 0x8c48, 0x8c48, 0x8c48, 
  0x8c48, 0x8c48, 0x8c48, 0x8c48, 0x8c48, 0x8c48, 0x8c48, 0x8c48, 0x8c48, 0x8c48, 0x8c48, 0x8c48, 
  0x8c48, 0x8c48, 0x8c48, 0x8c48, 0x8c48, 0x8c48, 0x8c48, 0x8c48, 0x8c48, 0x8c48, 0x8c48, 0x8c48, 
  0x8c48, 0x8c48, 0x8c48, 0x8c48, 0x8c48, 0x8c48, 0x8c48, 0x8c48, 0x8c48, 0x8c48, 0x8c48, 0x8c48, 
  0x8c48, 0x8c48, 0x8c48, 0x8c48, 0x8c48, 0x8c48, 0x8c48, 0x8c48, 0x8c48, 0x8c48, 0x8c48, 0x8c48, 
  0x8c48, 0x8c48, 0x8c48, 0x8c48, 0x8c48, 0x8c48, 0x8c48, 0x8c48, 0x8c48, 0x8c48, 0x8c48, 0x8c48, 
  0x8c48, 0x8c48, 0x94a8, 0x94a8, 0x8c88, 0x8c88, 0x8c88, 0x8c88, 0x8c48, 0x8c48, 0x8c48, 0x8c48, 
  0x8c48, 0x8c48, 0x8c48, 0x8c48, 0x8c48, 0x8c48, 0x8c48, 0x8c48, 0x8c48, 0x8c48, 0x8c48, 0x8c48, 
  0x8c48, 0x8c48, 0x8c48, 0x8c48, 0x8c48, 0x8c48, 0x8c48, 0x8c48, 0x8c48, 0x8c48, 0x8c48, 0x8c48, 
  0x8c48, 0x8c48, 0x8c48, 0x8c48, 0x8c48, 0x8c48, 0x8c48, 0x8c48, 0x8c48, 0x8c48, 0x8c48, 0x8c48, 
  0x8c48, 0x8c48, 0x8c48, 0x8c48, 0x8c48, 0x8c48, 0x8c48, 0x8c48, 0x8c48, 0x8c48, 0x8c48, 0x8c48, 
  0x8c48, 0x8c48, 0x8c48, 0x8c48, 0x8c48, 0x8c48, 0x8c48, 0x8c48, 0x8c48, 0x8c48, 0x8c48, 0x8c48, 
  0x8c48, 0x8c48, 0x8c48, 0x8c48, 0x8c48, 0x8c48, 0x8c48, 0x8c48, 0x8c48, 0x8c48, 0x8c48, 0x8c48, 
  0x8c48, 0x8c48, 0x8c48, 0x8c48, 0x8c48, 0x8c48, 0x8c48, 0x8c48, 0x8c48, 0x8c48, 0x8c48, 0x8c48, 
  0x8c48, 0x8c48, 0x8c48, 0x8c48, 0x8c48, 0x8c48, 0x8c48, 0x8c48, 0x8c48, 0x8c48, 0x8c48, 0x8c48, 
  0x8c48, 0x8c48, 0x8c48, 0x8c48, 0x8c48, 0x8c48, 0x8c48, 0x8c48, 0x8c48, 0x8c48, 0x8c48, 0x8c48, 
  0x8c48, 0x8c48, 0x8c48, 0x8c48, 0x8c48, 0x8c48, 0x8c48, 0x8c48, 0x8c48, 0x8c48, 0x8c48, 0x8c48, 
  0x8c48, 0x8c48, 0x8c48, 0x8c48, 0x8c48, 0x8c48, 0x8c48, 0x8c48, 0x8c48, 0x8c48, 0x8c48, 0x8c48, 
  0x8c48, 0x8c48, 0x8427, 0x8427, 0x8427, 0x8427, 0x8c88, 0x8c88, 0x8427, 0x8427, 0x8c48, 0x8c48, 
  0x8c48, 0x8c48, 0x8c48, 0x8c48, 0x8c48, 0x8c48, 0x8c48, 0x8c48, 0x8c48, 0x8c48, 0x8c48, 0x8c48, 
  0x8c48, 0x8c48, 0x7c27, 0x7c27, 0x8c48, 0x8c48, 0x7c27, 0x7c27, 0x8c48, 0x8c48, 0x8c48, 0x8c48, 
  0x8c48, 0x8c48, 0x8c48, 0x8c48, 0x8c48, 0x8c48, 0x8c48, 0x8c48, 0x8c48, 0x8c48, 0x8c48, 0x8c48, 
  0x8c48, 0x8c48, 0x8c48, 0x8c48, 0x8c48, 0x8c48, 0x8c48, 0x8c48, 0x8c48, 0x8c48, 0x94a8, 0x94a8, 
  0x94a8, 0x94a8, 0x8c48, 0x8c48, 0x8c48, 0x8c48, 0x8c48, 0x8c48, 0x8c48, 0x8c48, 0x8c48, 0x8c48, 
  0x94a8, 0x94a8, 0x8c48, 0x8c48, 0x8c48, 0x8c48, 0x8c48, 0x8c48, 0x8c48, 0x8c48, 0x8c48, 0x8c48, 
  0x8c48, 0x8c48, 0x8c48, 0x8c48, 0x8c48, 0x8c48, 0x8c48, 0x8c48, 0x8c48, 0x8c48, 0x8c48, 0x8c48, 
  0x8c48, 0x8c48, 0x8c48, 0x8c48, 0x8c88, 0x8c88, 0x8c48, 0x8c48, 0x8c48, 0x8c48, 0x8c48, 0x8c48, 
  0x8c48, 0x8c48, 0x8c48, 0x8c48, 0x8c48, 0x8c48, 0x8c48, 0x8c48, 0x8c48, 0x8c48, 0x8c48, 0x8c48, 
  0x8c48, 0x8c48, 0x8c48, 0x8c48, 0x8c48, 0x8c48, 0x8c48, 0x8c48, 0x8c48, 0x8c48, 0x8c48, 0x8c48, 
  0x8c48, 0x8c48, 0x8c48, 0x8c48, 0x8c48, 0x8c48, 0x8427, 0x8427, 0x8c88, 0x8c88, 0x8c88, 0x8c88, 
  0x8c48, 0x8c48, 0x8c48, 0x8c48, 0x8c48, 0x8c48, 0x8c48, 0x8c48, 0x8c48, 0x8c48, 0x8c48, 0x8c48, 
  0x8c48, 0x8c48, 0x8c48, 0x8c48, 0x8c48, 0x8c48, 0x8c48, 0x8c48, 0x8c48, 0x8c48, 0x8c48, 0x8c48, 
  0x8c48, 0x8c48, 0x8c48, 0x8c48, 0x8c48, 0x8c48, 0x8c48, 0x8c48, 0x8c48, 0x8c48, 0x8c48, 0x8c48, 
  0x8c48, 0x8c48, 0x8c48, 0x8c48, 0x94a8, 0x94a8, 0x94a8, 0x94a8, 0x8c48, 0x8c48, 0x8c48, 0x8c48, 
  0x8c48, 0x8c48, 0x8c48, 0x8c48, 0x8c88, 0x8c88, 0x8c88, 0x8c88, 0x8c48, 0x8c48, 0x8c48, 0x8c48, 
  0x8c48, 0x8c48, 0x8c48, 0x8c48, 0x8c48, 0x8c48, 0x8c48, 0x8c48, 0x8c48, 0x8c48, 0x8c48, 0x8c48, 
  0x8c48, 0x8c48, 0x8c48, 0x8c48, 0x8c48, 0x8c48, 0x8c48, 0x8c48, 0x8c48, 0x8c48, 0x8c48, 0x8c48, 
  0x8c48, 0x8c48, 0x8c48, 0x8c48, 0x8c48, 0x8c48, 0x8c48, 0x8c48, 0x8c48, 0x8c48, 0x8c48, 0x8c48, 
  0x8c48, 0x8c48, 0x8c48, 0x8c48, 0x8c48, 0x8c48, 0x8c48, 0x8c48, 0x8c48, 0x8c48, 0x8c48, 0x8c48, 
  0x8c48, 0x8c48, 0x8c48, 0x8c48, 0x8c48, 0x8c48, 0x8c48, 0x8c48, 0x8c48, 0x8c48, 0x94a8, 0x94a8, 
  0x94a8, 0x94a8, 0x8c88, 0x8c88, 0x8c48, 0x8c48, 0x8c48, 0x8c48, 0x8c48, 0x8c48, 0x8c48, 0x8c48, 
  0x8c48, 0x8c48, 0x8c48, 0x8c48, 0x8c48, 0x8c48, 0x8c48, 0x8c48, 0x8c48, 0x8c48, 0x8c48, 0x8c48, 
  0x8c48, 0x8c48, 0x8c48, 0x8c48, 0x8c48, 0x8c48, 0x8c48, 0x8c48, 0x8c48, 0x8c48, 0x8c48, 0x8c48, 
  0x8c48, 0x8c48, 0x8c48, 0x8c48, 0x8c48, 0x8c48, 0x7c27, 0x7c27, 0x8c48, 0x8c48, 0x7c27, 0x7c27, 
  0x8c48, 0x8c48, 0x8c48, 0x8c48, 0x8c48, 0x8c48, 0x8c48, 0x8c48, 0x8c48, 0x8c48, 0x8c48, 0x8c48, 
  0x8c48, 0x8c48, 0x8c48, 0x8c48, 0x8c48, 0x8c48, 0x8c48, 0x8c48, 0x8c48, 0x8c48, 0x8c48, 0x8c48, 
  0x8c48, 0x8c48, 0x94a8, 0x94a8, 0x94a8, 0x94a8, 0x8c48, 0x8c48, 0x8c48, 0x8c48, 0x8c48, 0x8c48, 
  0x8c48, 0x8c48, 0x8c48, 0x8c48, 0x94a8, 0x94a8, 0x8c48, 0x8c48, 0x8c48, 0x8c48, 0x8c48, 0x8c48, 
  0x8c48, 0x8c48, 0x8c48, 0x8c48, 0x8c48, 0x8c48, 0x8c48, 0x8c48, 0x8c48, 0x8c48, 0x8c48, 0x8c48, 
  0x8c48, 0x8c48, 0x8c48, 0x8c48, 0x8c48, 0x8c48, 0x8c48, 0x8c48, 0x8c88, 0x8c88, 0x8c48, 0x8c48, 
  0x8c48, 0x8c48, 0x8c48, 0x8c48, 0x8c48, 0x8c48, 0x8c48, 0x8c48, 0x8c48, 0x8c48, 0x8c48, 0x8c48, 
  0x8c48, 0x8c48, 0x8c48, 0x8c48, 0x8c48, 0x8c48, 0x8c48, 0x8c48, 0x8c48, 0x8c48, 0x8c48, 0x8c48, 
  0x8c48, 0x8c48, 0x8c48, 0x8c48, 0x8c48, 0x8c48, 0x8c48, 0x8c48, 0x8c48, 0x8c48, 0x8427, 0x8427, 
  0x8c88, 0x8c88, 0x8c88, 0x8c88, 0x8c48, 0x8c48, 0x8c48, 0x8c48, 0x8c48, 0x8c48, 0x8c48, 0x8c48, 
  0x8c48, 0x8c48, 0x8c48, 0x8c48, 0x8c48, 0x8c48, 0x8c48, 0x8c48, 0x8c48, 0x8c48, 0x8c48, 0x8c48, 
  0x8c48, 0x8c48, 0x8c48, 0x8c48, 0x8c48, 0x8c48, 0x8c48, 0x8c48, 0x8c48, 0x8c48, 0x8c48, 0x8c48, 
  0x8c48, 0x8c48, 0x8c48, 0x8c48, 0x8c48, 0x8c48, 0x8c48, 0x8c48, 0x94a8, 0x94a8, 0x94a8, 0x94a8, 
  0x8c48, 0x8c48, 0x8c48, 0x8c48, 0x8c48, 0x8c48, 0x8c48, 0x8c48, 0x8c88, 0x8c88, 0x8c88, 0x8c88, 
  0x8c48, 0x8c48, 0x8c48, 0x8c48, 0x8c48, 0x8c48, 0x8c48, 0x8c48, 0x8c48, 0x8c48, 0x8c48, 0x8c48, 
  0x8c48, 0x8c48, 0x8c48, 0x8c48, 0x8c48, 0x8c48, 0x8c48, 0x8c48, 0x8c48, 0x8c48, 0x8c48, 0x8c48, 
  0x8c48, 0x8c48, 0x8c48, 0x8c48, 0x8c48, 0x8c48, 0x8c48, 0x8c48, 0x8c48, 0x8c48, 0x8c48, 0x8c48, 
  0x8c48, 0x8c48, 0x8c48, 0x8c48, 0x8c48, 0x8c48, 0x8c48, 0x8c48, 0x8c48, 0x8c48, 0x8c48, 0x8c48, 
  0x8c48, 0x8c48, 0x8c48, 0x8c48, 0x8c48, 0x8c48, 0x8c48, 0x8c48, 0x8c48, 0x8c48, 0x8c48, 0x8c48, 
  0x8c48, 0x8c48, 0x94a8, 0x94a8, 0x94a8, 0x94a8, 0x8c88, 0x8c88, 0x8c48, 0x8c48, 0x8c48, 0x8c48, 
  0x8c48, 0x8c48, 0x8c48, 0x8c48, 0x8c48, 0x8c48, 0x8c48, 0x8c48, 0x8c48, 0x8c48, 0x8c48, 0x8c48, 
  0x8c48, 0x8c48, 0x8c48, 0x8c48, 0x8c48, 0x8c48, 0x8c48, 0x8c48, 0x8c48, 0x8c48, 0x8c48, 0x8c48, 
  0x8c48, 0x8c48, 0x8c48, 0x8c48, 0x8c48, 0x8c48, 0x8c48, 0x8c48, 0x8c48, 0x8c48, 0x8c48, 0x8c48, 
  0x8c48, 0x8c48, 0x8c48, 0x8c48, 0x8c48, 0x8c48, 0x8c48, 0x8c48, 0x8c48, 0x8c48, 0x8c48, 0x8c48, 
  0x8c48, 0x8c48, 0x8c48, 0x8c48, 0x8c48, 0x8c48, 0x8c48, 0x8c48, 0x8c48, 0x8c48, 0x8c48, 0x8c48, 
  0x8c48, 0x8c48, 0x8c48, 0x8c48, 0x8c48, 0x8c48, 0x8c48, 0x8c48, 0x94a8, 0x94a8, 0x8c88, 0x8c88, 
  0x8c88, 0x8c88, 0x8c48, 0x8c48, 0x8c88, 0x8c88, 0x94a8, 0x94a8, 0x8c48, 0x8c48, 0x8c48, 0x8c48, 
  0x8c48, 0x8c48, 0x8c48, 0x8c48, 0x8c48, 0x8c48, 0x8c48, 0x8c48, 0x8c48, 0x8c48, 0x8c48, 0x8c48, 
  0x8c48, 0x8c48, 0x8c48, 0x8c48, 0x8c48, 0x8c48, 0x8c48, 0x8c48, 0x8c48, 0x8c48, 0x8c48, 0x8c48, 
  0x8c88, 0x8c88, 0x8c88, 0x8c88, 0x8c48, 0x8c48, 0x8c48, 0x8c48, 0x8c48, 0x8c48, 0x8c48, 0x8c48, 
  0x8c48, 0x8c48, 0x8c48, 0x8c48, 0x8c48, 0x8c48, 0x8c48, 0x8c48, 0x8c48, 0x8c48, 0x8c48, 0x8c48, 
  0x8c48, 0x8c48, 0x8c48, 0x8c48, 0x8c48, 0x8c48, 0x8c48, 0x8c48, 0x8c48, 0x8c48, 0x8c48, 0x8c48, 
  0x8c48, 0x8c48, 0x8c48, 0x8c48, 0x8427, 0x8427, 0x8427, 0x8427, 0x8c48, 0x8c48, 0x8c48, 0x8c48, 
  0x8c48, 0x8c48, 0x8c48, 0x8c48, 0x8c48, 0x8c48, 0x8c48, 0x8c48, 0x8c48, 0x8c48, 0x8c48, 0x8c48, 
  0x8c48, 0x8c48, 0x8c48, 0x8c48, 0x8c48, 0x8c48, 0x8c48, 0x8c48, 0x8c48, 0x8c48, 0x8c48, 0x8c48, 
  0x8c48, 0x8c48, 0x8c48, 0x8c48, 0x8c48, 0x8c48, 0x8c48, 0x8c48, 0x8c48, 0x8c48, 0x8c48, 0x8c48, 
  0x8c48, 0x8c48, 0x94a8, 0x94a8, 0x8c88, 0x8c88, 0x8c88, 0x8c88, 0x8c48, 0x8c48, 0x94a8, 0x94a8, 
  0x94a8, 0x94a8, 0x8c48, 0x8c48, 0x8c48, 0x8c48, 0x8c48, 0x8c48, 0x8c48, 0x8c48, 0x8c48, 0x8c48, 
  0x8c48, 0x8c48, 0x8c48, 0x8c48, 0x8c48, 0x8c48, 0x8c48, 0x8c48, 0x8c48, 0x8c48, 0x8c48, 0x8c48, 
  0x8c48, 0x8c48, 0x8c48, 0x8c48, 0x8c48, 0x8c48, 0x8c48, 0x8c48, 0x8c48, 0x8c48, 0x8c48, 0x8c48, 
  0x8c48, 0x8c48, 0x8c48, 0x8c48, 0x8c48, 0x8c48, 0x8c48, 0x8c48, 0x8c48, 0x8c48, 0x8c48, 0x8c48, 
  0x8c48, 0x8c48, 0x8c48, 0x8c48, 0x8c48, 0x8c48, 0x8c48, 0x8c48, 0x8c48, 0x8c48, 0x8c48, 0x8c48, 
  0x8c48, 0x8c48, 0x8c48, 0x8c48, 0x8c48, 0x8c48, 0x8c48, 0x8c48, 0x94a8, 0x94a8, 0x8c88, 0x8c88, 
  0x8c88, 0x8c88, 0x8c48, 0x8c48, 0x8c48, 0x8c48, 0x8c48, 0x8c48, 0x8c48, 0x8c48, 0x8c48, 0x8c48, 
  0x8c48, 0x8c48, 0x8c48, 0x8c48, 0x8c48, 0x8c48, 0x8c48, 0x8c48, 0x8c48, 0x8c48, 0x8c48, 0x8c48, 
  0x8c48, 0x8c48, 0x8c48, 0x8c48, 0x8c48, 0x8c48, 0x8c48, 0x8c48, 0x8c48, 0x8c48, 0x8c48, 0x8c48, 
  0x8c48, 0x8c48, 0x8c48, 0x8c48, 0x8c48, 0x8c48, 0x8c48, 0x8c48, 0x8c48, 0x8c48, 0x8c48, 0x8c48, 
  0x8c48, 0x8c48, 0x8c48, 0x8c48, 0x8c48, 0x8c48, 0x8c48, 0x8c48, 0x8c48, 0x8c48, 0x8c48, 0x8c48, 
  0x8c48, 0x8c48, 0x8c48, 0x8c48, 0x8c48, 0x8c48, 0x8c48, 0x8c48, 0x8c48, 0x8c48, 0x8c48, 0x8c48, 
  0x94a8, 0x94a8, 0x8c88, 0x8c88, 0x8c88, 0x8c88, 0x8c48, 0x8c48, 0x8c88, 0x8c88, 0x94a8, 0x94a8, 
  0x8c48, 0x8c48, 0x8c48, 0x8c48, 0x8c48, 0x8c48, 0x8c48, 0x8c48, 0x8c48, 0x8c48, 0x8c48, 0x8c48, 
  0x8c48, 0x8c48, 0x8c48, 0x8c48, 0x8c48, 0x8c48, 0x8c48, 0x8c48, 0x8c48, 0x8c48, 0x8c48, 0x8c48, 
  0x8c48, 0x8c48, 0x8c48, 0x8c48, 0x8c88, 0x8c88, 0x8c88, 0x8c88, 0x8c48, 0x8c48, 0x8c48, 0x8c48, 
  0x8c48, 0x8c48, 0x8c48, 0x8c48, 0x8c48, 0x8c48, 0x8c48, 0x8c48, 0x8c48, 0x8c48, 0x8c48, 0x8c48, 
  0x8c48, 0x8c48, 0x8c48, 0x8c48, 0x8c48, 0x8c48, 0x8c48, 0x8c48, 0x8c48, 0x8c48, 0x8c48, 0x8c48, 
  0x8c48, 0x8c48, 0x8c48, 0x8c48, 0x8c48, 0x8c48, 0x8c48, 0x8c48, 0x8427, 0x8427, 0x8427, 0x8427, 
  0x8c48, 0x8c48, 0x8c48, 0x8c48, 0x8c48, 0x8c48, 0x8c48, 0x8c48, 0x8c48, 0x8c48, 0x8c48, 0x8c48, 
  0x8c48, 0x8c48, 0x8c48, 0x8c48, 0x8c48, 0x8c48, 0x8c48, 0x8c48, 0x8c48, 0x8c48, 0x8c48, 0x8c48, 
  0x8c48, 0x8c48, 0x8c48, 0x8c48, 0x8c48, 0x8c48, 0x8c48, 0x8c48, 0x8c48, 0x8c48, 0x8c48, 0x8c48, 
  0x8c48, 0x8c48, 0x8c48, 0x8c48, 0x8c48, 0x8c48, 0x94a8, 0x94a8, 0x8c88, 0x8c88, 0x8c88, 0x8c88, 
  0x8c48, 0x8c48, 0x94a8, 0x94a8, 0x94a8, 0x94a8, 0x8c48, 0x8c48, 0x8c48, 0x8c48, 0x8c48, 0x8c48, 
  0x8c48, 0x8c48, 0x8c48, 0x8c48, 0x8c48, 0x8c48, 0x8c48, 0x8c48, 0x8c48, 0x8c48, 0x8c48, 0x8c48, 
  0x8c48, 0x8c48, 0x8c48, 0x8c48, 0x8c48, 0x8c48, 0x8c48, 0x8c48, 0x8c48, 0x8c48, 0x8c48, 0x8c48, 
  0x8c48, 0x8c48, 0x8c48, 0x8c48, 0x8c48, 0x8c48, 0x8c48, 0x8c48, 0x8c48, 0x8c48, 0x8c48, 0x8c48, 
  0x8c48, 0x8c48, 0x8c48, 0x8c48, 0x8c48, 0x8c48, 0x8c48, 0x8c48, 0x8c48, 0x8c48, 0x8c48, 0x8c48, 
  0x8c48, 0x8c48, 0x8c48, 0x8c48, 0x8c48, 0x8c48, 0x8c48, 0x8c48, 0x8c48, 0x8c48, 0x8c48, 0x8c48, 
  0x94a8, 0x94a8, 0x8c88, 0x8c88, 0x8c88, 0x8c88, 0x8c48, 0x8c48, 0x8c48, 0x8c48, 0x8c48, 0x8c48, 
  0x8c48, 0x8c48, 0x8c48, 0x8c48, 0x8c48, 0x8c48, 0x8c48, 0x8c48, 0x8c48, 0x8c48, 0x8c48, 0x8c48, 
  0x8c48, 0x8c48, 0x8c48, 0x8c48, 0x8c48, 0x8c48, 0x8c48, 0x8c48, 0x8c48, 0x8c48, 0x8c48, 0x8c48, 
  0x8c48, 0x8c48, 0x8c48, 0x8c48, 0x8c48, 0x8c48, 0x8c48, 0x8c48, 0x8c48, 0x8c48, 0x8c48, 0x8c48, 
  0x8c48, 0x8c48, 0x8c48, 0x8c48, 0x8c48, 0x8c48, 0x8c48, 0x8c48, 0x8c48, 0x8c48, 0x8c48, 0x8c48, 
  0x8c48, 0x8c48, 0x8c48, 0x8c48, 0x8c48, 0x8c48, 0x8c48, 0x8c48, 0x8c48, 0x8c48, 0x8c88, 0x8c88, 
  0x94a8, 0x94a8, 0x94a8, 0x94a8, 0x8427, 0x8427, 0x8c88, 0x8c88, 0x8427, 0x8427, 0x8c88, 0x8c88, 
  0x8c88, 0x8c88, 0x8427, 0x8427, 0x8c48, 0x8c48, 0x8c48, 0x8c48, 0x8c48, 0x8c48, 0x8c48, 0x8c48, 
  0x8c48, 0x8c48, 0x8c48, 0x8c48, 0x8c48, 0x8c48, 0x8c48, 0x8c48, 0x8c48, 0x8c48, 0x8c48, 0x8c48, 
  0x8c48, 0x8c48, 0x8c48, 0x8c48, 0x8c48, 0x8c48, 0x8c48, 0x8c48, 0x8427, 0x8427, 0x8c88, 0x8c88, 
  0x8c48, 0x8c48, 0x8c48, 0x8c48, 0x8c48, 0x8c48, 0x8c48, 0x8c48, 0x8c48, 0x8c48, 0x8c48, 0x8c48, 
  0x8c48, 0x8c48, 0x8c48, 0x8c48, 0x8c48, 0x8c48, 0x8c48, 0x8c48, 0x8c48, 0x8c48, 0x8c48, 0x8c48, 
  0x8c48, 0x8c48, 0x8c48, 0x8c48, 0x8c48, 0x8c48, 0x8c48, 0x8c48, 0x8c48, 0x8c48, 0x8c48, 0x8c48, 
  0x8c48, 0x8c48, 0x8c48, 0x8c48, 0x8c48, 0x8c48, 0x8c48, 0x8c48, 0x8c48, 0x8c48, 0x8c48, 0x8c48, 
  0x8c48, 0x8c48, 0x8c48, 0x8c48, 0x8c48, 0x8c48, 0x8c48, 0x8c48, 0x8c48, 0x8c48, 0x8c48, 0x8c48, 
  0x8c48, 0x8c48, 0x8c48, 0x8c48, 0x8c48, 0x8c48, 0x8c48, 0x8c48, 0x8c48, 0x8c48, 0x8c48, 0x8c48, 
  0x8c48, 0x8c48, 0x8c48, 0x8c48, 0x8c88, 0x8c88, 0x94a8, 0x94a8, 0x94a8, 0x94a8, 0x8427, 0x8427, 
  0x8c88, 0x8c88, 0x8427, 0x8427, 0x8c88, 0x8c88, 0x8c88, 0x8c88, 0x8427, 0x8427, 0x8c48, 0x8c48, 
  0x8c48, 0x8c48, 0x8c48, 0x8c48, 0x8c48, 0x8c48, 0x8c48, 0x8c48, 0x8c48, 0x8c48, 0x8c48, 0x8c48, 
  0x8c48, 0x8c48, 0x8c48, 0x8c48, 0x8c48, 0x8c48, 0x8c48, 0x8c48, 0x8c48, 0x8c48, 0x8c48, 0x8c48, 
  0x8c48, 0x8c48, 0x8c48, 0x8c48, 0x8c48, 0x8c48, 0x8c48, 0x8c48, 0x8c48, 0x8c48, 0x8c48, 0x8c48, 
  0x8c48, 0x8c48, 0x8c48, 0x8c48, 0x8c48, 0x8c48, 0x8c48, 0x8c48, 0x8c48, 0x8c48, 0x8c48, 0x8c48, 
  0x8c48, 0x8c48, 0x8c48, 0x8c48, 0x8c48, 0x8c48, 0x8c48, 0x8c48, 0x8c48, 0x8c48, 0x8c48, 0x8c48, 
  0x8c48, 0x8c48, 0x8c48, 0x8c48, 0x8427, 0x8427, 0x8c88, 0x8c88, 0x8c88, 0x8c88, 0x8c48, 0x8c48, 
  0x8c48, 0x8c48, 0x8c48, 0x8c48, 0x8c48, 0x8c48, 0x8c48, 0x8c48, 0x8c48, 0x8c48, 0x8c48, 0x8c48, 
  0x8c48, 0x8c48, 0x8c48, 0x8c48, 0x8c48, 0x8c48, 0x8c48, 0x8c48, 0x8c48, 0x8c48, 0x8c48, 0x8c48, 
  0x8c48, 0x8c48, 0x8c48, 0x8c48, 0x8c48, 0x8c48, 0x8c48, 0x8c48, 0x8c48, 0x8c48, 0x8c48, 0x8c48, 
  0x8c48, 0x8c48, 0x8c48, 0x8c48, 0x8c48, 0x8c48, 0x8c48, 0x8c48, 0x8c48, 0x8c48, 0x8c48, 0x8c48, 
  0x8c48, 0x8c48, 0x8c48, 0x8c48, 0x8c48, 0x8c48, 0x8c48, 0x8c48, 0x8c48, 0x8c48, 0x8c48, 0x8c48, 
  0x8c48, 0x8c48, 0x8c88, 0x8c88, 0x94a8, 0x94a8, 0x94a8, 0x94a8, 0x8427, 0x8427, 0x8c88, 0x8c88, 
  0x8427, 0x8427, 0x8c88, 0x8c88, 0x8c88, 0x8c88, 0x8427, 0x8427, 0x8c48, 0x8c48, 0x8c48, 0x8c48, 
  0x8c48, 0x8c48, 0x8c48, 0x8c48, 0x8c48, 0x8c48, 0x8c48, 0x8c48, 0x8c48, 0x8c48, 0x8c48, 0x8c48, 
  0x8c48, 0x8c48, 0x8c48, 0x8c48, 0x8c48, 0x8c48, 0x8c48, 0x8c48, 0x8c48, 0x8c48, 0x8c48, 0x8c48, 
  0x8427, 0x8427, 0x8c88, 0x8c88, 0x8c48, 0x8c48, 0x8c48, 0x8c48, 0x8c48, 0x8c48, 0x8c48, 0x8c48, 
  0x8c48, 0x8c48, 0x8c48, 0x8c48, 0x8c48, 0x8c48, 0x8c48, 0x8c48, 0x8c48, 0x8c48, 0x8c48, 0x8c48, 
  0x8c48, 0x8c48, 0x8c48, 0x8c48, 0x8c48, 0x8c48, 0x8c48, 0x8c48, 0x8c48, 0x8c48, 0x8c48, 0x8c48, 
  0x8c48, 0x8c48, 0x8c48, 0x8c48, 0x8c48, 0x8c48, 0x8c48, 0x8c48, 0x8c48, 0x8c48, 0x8c48, 0x8c48, 
  0x8c48, 0x8c48, 0x8c48, 0x8c48, 0x8c48, 0x8c48, 0x8c48, 0x8c48, 0x8c48, 0x8c48, 0x8c48, 0x8c48, 
  0x8c48, 0x8c48, 0x8c48, 0x8c48, 0x8c48, 0x8c48, 0x8c48, 0x8c48, 0x8c48, 0x8c48, 0x8c48, 0x8c48, 
  0x8c48, 0x8c48, 0x8c48, 0x8c48, 0x8c48, 0x8c48, 0x8c48, 0x8c48, 0x8c88, 0x8c88, 0x94a8, 0x94a8, 
  0x94a8, 0x94a8, 0x8427, 0x8427, 0x8c88, 0x8c88, 0x8427, 0x8427, 0x8c88, 0x8c88, 0x8c88, 0x8c88, 
  0x8427, 0x8427, 0x8c48, 0x8c48, 0x8c48, 0x8c48, 0x8c48, 0x8c48, 0x8c48, 0x8c48, 0x8c48, 0x8c48, 
  0x8c48, 0x8c48, 0x8c48, 0x8c48, 0x8c48, 0x8c48, 0x8c48, 0x8c48, 0x8c48, 0x8c48, 0x8c48, 0x8c48, 
  0x8c48, 0x8c48, 0x8c48, 0x8c48, 0x8c48, 0x8c48, 0x8c48, 0x8c48, 0x8c48, 0x8c48, 0x8c48, 0x8c48, 
  0x8c48, 0x8c48, 0x8c48, 0x8c48, 0x8c48, 0x8c48, 0x8c48, 0x8c48, 0x8c48, 0x8c48, 0x8c48, 0x8c48, 
  0x8c48, 0x8c48, 0x8c48, 0x8c48, 0x8c48, 0x8c48, 0x8c48, 0x8c48, 0x8c48, 0x8c48, 0x8c48, 0x8c48, 
  0x8c48, 0x8c48, 0x8c48, 0x8c48, 0x8c48, 0x8c48, 0x8c48, 0x8c48, 0x8427, 0x8427, 0x8c88, 0x8c88, 
  0x8c88, 0x8c88, 0x8c48, 0x8c48, 0x8c48, 0x8c48, 0x8c48, 0x8c48, 0x8c48, 0x8c48, 0x8c48, 0x8c48, 
  0x8c48, 0x8c48, 0x8c48, 0x8c48, 0x8c48, 0x8c48, 0x8c48, 0x8c48, 0x8c48, 0x8c48, 0x8c48, 0x8c48, 
  0x8c48, 0x8c48, 0x8c48, 0x8c48, 0x8c48, 0x8c48, 0x8c48, 0x8c48, 0x8c48, 0x8c48, 0x8c48, 0x8c48, 
  0x8c48, 0x8c48, 0x8c48, 0x8c48, 0x8c48, 0x8c48, 0x8c48, 0x8c48, 0x8c48, 0x8c48, 0x8c48, 0x8c48, 
  0x8c48, 0x8c48, 0x8c48, 0x8c48, 0x8c48, 0x8c48, 0x8c48, 0x8c48, 0x8c48, 0x8c48, 0x8c48, 0x8c48, 
  0x8c48, 0x8c48, 0x8c48, 0x8c48, 0x8c48, 0x8c48, 0x8c48, 0x8c48, 0x94a8, 0x94a8, 0x8c88, 0x8c88, 
  0x8c88, 0x8c88, 0x8427, 0x8427, 0x8427, 0x8427, 0x8c88, 0x8c88, 0x8c88, 0x8c88, 0x8427, 0x8427, 
  0x8c48, 0x8c48, 0x8c48, 0x8c48, 0x8c48, 0x8c48, 0x8c48, 0x8c48, 0x8c48, 0x8c48, 0x8c48, 0x8c48, 
  0x8c48, 0x8c48, 0x8c48, 0x8c48, 0x8c48, 0x8c48, 0x8c48, 0x8c48, 0x8c48, 0x8c48, 0x8c48, 0x8c48, 
  0x8c48, 0x8c48, 0x8c48, 0x8c48, 0x8c48, 0x8c48, 0x8427, 0x8427, 0x8c48, 0x8c48, 0x8c48, 0x8c48, 
  0x8c48, 0x8c48, 0x8c48, 0x8c48, 0x8c48, 0x8c48, 0x8c48, 0x8c48, 0x8c48, 0x8c48, 0x8c48, 0x8c48, 
  0x8c48, 0x8c48, 0x8c48, 0x8c48, 0x8c48, 0x8c48, 0x8c48, 0x8c48, 0x8c48, 0x8c48, 0x8c48, 0x8c48, 
  0x8c48, 0x8c48, 0x8c48, 0x8c48, 0x8c48, 0x8c48, 0x8c48, 0x8c48, 0x8c48, 0x8c48, 0x8c48, 0x8c48, 
  0x8c48, 0x8c48, 0x8c48, 0x8c48, 0x8c48, 0x8c48, 0x8c48, 0x8c48, 0x8c48, 0x8c48, 0x8c48, 0x8c48, 
  0x8c48, 0x8c48, 0x8c48, 0x8c48, 0x8c48, 0x8c48, 0x8c48, 0x8c48, 0x8c48, 0x8c48, 0x8c48, 0x8c48, 
  0x8c48, 0x8c48, 0x8c48, 0x8c48, 0x8c48, 0x8c48, 0x8c48, 0x8c48, 0x8c48, 0x8c48, 0x8c48, 0x8c48, 
  0x8c48, 0x8c48, 0x94a8, 0x94a8, 0x8c88, 0x8c88, 0x8c88, 0x8c88, 0x8427, 0x8427, 0x8427, 0x8427, 
  0x8c88, 0x8c88, 0x8c88, 0x8c88, 0x8427, 0x8427, 0x8c48, 0x8c48, 0x8c48, 0x8c48, 0x8c48, 0x8c48, 
  0x8c48, 0x8c48, 0x8c48, 0x8c48, 0x8c48, 0x8c48, 0x8c48, 0x8c48, 0x8c48, 0x8c48, 0x8c48, 0x8c48, 
  0x8c48, 0x8c48, 0x8c48, 0x8c48, 0x8c48, 0x8c48, 0x8c48, 0x8c48, 0x8c48, 0x8c48, 0x8c48, 0x8c48, 
  0x8c48, 0x8c48, 0x8c48, 0x8c48, 0x8c48, 0x8c48, 0x8c48, 0x8c48, 0x8c48, 0x8c48, 0x8c48, 0x8c48, 
  0x8c48, 0x8c48, 0x8c48, 0x8c48, 0x8c48, 0x8c48, 0x8c48, 0x8c48, 0x8c48, 0x8c48, 0x8c48, 0x8c48, 
  0x8c48, 0x8c48, 0x8c48, 0x8c48, 0x8c48, 0x8c48, 0x8c48, 0x8c48, 0x8c48, 0x8c48, 0x8c48, 0x8c48, 
  0x8c48, 0x8c48, 0x8427, 0x8427, 0x8427, 0x8427, 0x8c48, 0x8c48, 0x8c48, 0x8c48, 0x8c48, 0x8c48, 
  0x8c48, 0x8c48, 0x8c48, 0x8c48, 0x8c48, 0x8c48, 0x8c48, 0x8c48, 0x8c48, 0x8c48, 0x8c48, 0x8c48, 
  0x8c48, 0x8c48, 0x8c48, 0x8c48, 0x8c48, 0x8c48, 0x8c48, 0x8c48, 0x8c48, 0x8c48, 0x8c48, 0x8c48, 
  0x8c48, 0x8c48, 0x8c48, 0x8c48, 0x8c48, 0x8c48, 0x8c48, 0x8c48, 0x8c48, 0x8c48, 0x8c48, 0x8c48, 
  0x8c48, 0x8c48, 0x8c48, 0x8c48, 0x8c48, 0x8c48, 0x8c48, 0x8c48, 0x8c48, 0x8c48, 0x8c48, 0x8c48, 
  0x8c48, 0x8c48, 0x8c48, 0x8c48, 0x8c48, 0x8c48, 0x8c48, 0x8c48, 0x8c48, 0x8c48, 0x8c48, 0x8c48, 
  0x94a8, 0x94a8, 0x8c88, 0x8c88, 0x8c88, 0x8c88, 0x8427, 0x8427, 0x8427, 0x8427, 0x8c88, 0x8c88, 
  0x8c88, 0x8c88, 0x8427, 0x8427, 0x8c48, 0x8c48, 0x8c48, 0x8c48, 0x8c48, 0x8c48, 0x8c48, 0x8c48, 
  0x8c48, 0x8c48, 0x8c48, 0x8c48, 0x8c48, 0x8c48, 0x8c48, 0x8c48, 0x8c48, 0x8c48, 0x8c48, 0x8c48, 
  0x8c48, 0x8c48, 0x8c48, 0x8c48, 0x8c48, 0x8c48, 0x8c48, 0x8c48, 0x8c48, 0x8c48, 0x8427, 0x8427, 
  0x8c48, 0x8c48, 0x8c48, 0x8c48, 0x8c48, 0x8c48, 0x8c48, 0x8c48, 0x8c48, 0x8c48, 0x8c48, 0x8c48, 
  0x8c48, 0x8c48, 0x8c48, 0x8c48, 0x8c48, 0x8c48, 0x8c48, 0x8c48, 0x8c48, 0x8c48, 0x8c48, 0x8c48, 
  0x8c48, 0x8c48, 0x8c48, 0x8c48, 0x8c48, 0x8c48, 0x8c48, 0x8c48, 0x8c48, 0x8c48, 0x8c48, 0x8c48, 
  0x8c48, 0x8c48, 0x8c48, 0x8c48, 0x8c48, 0x8c48, 0x8c48, 0x8c48, 0x8c48, 0x8c48, 0x8c48, 0x8c48, 
  0x8c48, 0x8c48, 0x8c48, 0x8c48, 0x8c48, 0x8c48, 0x8c48, 0x8c48, 0x8c48, 0x8c48, 0x8c48, 0x8c48, 
  0x8c48, 0x8c48, 0x8c48, 0x8c48, 0x8c48, 0x8c48, 0x8c48, 0x8c48, 0x8c48, 0x8c48, 0x8c48, 0x8c48, 
  0x8c48, 0x8c48, 0x8c48, 0x8c48, 0x8c48, 0x8c48, 0x94a8, 0x94a8, 0x8c88, 0x8c88, 0x8c88, 0x8c88, 
  0x8427, 0x8427, 0x8427, 0x8427, 0x8c88, 0x8c88, 0x8c88, 0x8c88, 0x8427, 0x8427, 0x8c48, 0x8c48, 
  0x8c48, 0x8c48, 0x8c48, 0x8c48, 0x8c48, 0x8c48, 0x8c48, 0x8c48, 0x8c48, 0x8c48, 0x8c48, 0x8c48, 
  0x8c48, 0x8c48, 0x8c48, 0x8c48, 0x8c48, 0x8c48, 0x8c48, 0x8c48, 0x8c48, 0x8c48, 0x8c48, 0x8c48, 
  0x8c48, 0x8c48, 0x8c48, 0x8c48, 0x8c48, 0x8c48, 0x8c48, 0x8c48, 0x8c48, 0x8c48, 0x8c48, 0x8c48, 
  0x8c48, 0x8c48, 0x8c48, 0x8c48, 0x8c48, 0x8c48, 0x8c48, 0x8c48, 0x8c48, 0x8c48, 0x8c48, 0x8c48, 
  0x8c48, 0x8c48, 0x8c48, 0x8c48, 0x8c48, 0x8c48, 0x8c48, 0x8c48, 0x8c48, 0x8c48, 0x8c48, 0x8c48, 
  0x8c48, 0x8c48, 0x8c48, 0x8c48, 0x8c48, 0x8c48, 0x8427, 0x8427, 0x8427, 0x8427, 0x8c48, 0x8c48, 
  0x8c48, 0x8c48, 0x8c48, 0x8c48, 0x8c48, 0x8c48, 0x8c48, 0x8c48, 0x8c48, 0x8c48, 0x8c48, 0x8c48, 
  0x8c48, 0x8c48, 0x8c48, 0x8c48, 0x8c48, 0x8c48, 0x8c48, 0x8c48, 0x8c48, 0x8c48, 0x8c48, 0x8c48, 
  0x8c48, 0x8c48, 0x8c48, 0x8c48, 0x8c48, 0x8c48, 0x8c48, 0x8c48, 0x8c48, 0x8c48, 0x8c48, 0x8c48, 
  0x8c48, 0x8c48, 0x8c48, 0x8c48, 0x8c48, 0x8c48, 0x8c48, 0x8c48, 0x8c48, 0x8c48, 0x8c48, 0x8c48, 
  0x8c48, 0x8c48, 0x8c48, 0x8c48, 0x8c48, 0x8c48, 0x8c48, 0x8c48, 0x8c48, 0x8c48, 0x8c48, 0x8c48, 
  0x8c48, 0x8c48, 0x8c48, 0x8c48, 0x8427, 0x8427, 0x8c88, 0x8c88, 0x8c88, 0x8c88, 0x8c48, 0x8c48, 
  0x8c48, 0x8c48, 0x8c88, 0x8c88, 0x8427, 0x8427, 0x8c48, 0x8c48, 0x8c48, 0x8c48, 0x8c48, 0x8c48, 
  0x8c48, 0x8c48, 0x8c48, 0x8c48, 0x8c48, 0x8c48, 0x8c48, 0x8c48, 0x8c48, 0x8c48, 0x8c48, 0x8c48, 
  0x8c48, 0x8c48, 0x8c48, 0x8c48, 0x8c48, 0x8c48, 0x8c48, 0x8c48, 0x8c48, 0x8c48, 0x8c48, 0x8c48, 
  0x8c48, 0x8c48, 0x8c48, 0x8c48, 0x8c48, 0x8c48, 0x8c48, 0x8c48, 0x8c48, 0x8c48, 0x8c48, 0x8c48, 
  0x8c48, 0x8c48, 0x8c48, 0x8c48, 0x8c48, 0x8c48, 0x8c48, 0x8c48, 0x8c48, 0x8c48, 0x8c48, 0x8c48, 
  0x8c48, 0x8c48, 0x8c48, 0x8c48, 0x8c48, 0x8c48, 0x8c48, 0x8c48, 0x8c48, 0x8c48, 0x8c48, 0x8c48, 
  0x8c48, 0x8c48, 0x8c48, 0x8c48, 0x8c48, 0x8c48, 0x8c48, 0x8c48, 0x8c48, 0x8c48, 0x8c48, 0x8c48, 
  0x8c48, 0x8c48, 0x8c48, 0x8c48, 0x8c48, 0x8c48, 0x8c48, 0x8c48, 0x8c48, 0x8c48, 0x8c48, 0x8c48, 
  0x8c48, 0x8c48, 0x8c48, 0x8c48, 0x8c48, 0x8c48, 0x8c48, 0x8c48, 0x8c48, 0x8c48, 0x8c48, 0x8c48, 
  0x8c48, 0x8c48, 0x8c48, 0x8c48, 0x8c48, 0x8c48, 0x8c48, 0x8c48, 0x8c48, 0x8c48, 0x8427, 0x8427, 
  0x8c88, 0x8c88, 0x8c88, 0x8c88, 0x8c48, 0x8c48, 0x8c48, 0x8c48, 0x8c88, 0x8c88, 0x8427, 0x8427, 
  0x8c48, 0x8c48, 0x8c48, 0x8c48, 0x8c48, 0x8c48, 0x8c48, 0x8c48, 0x8c48, 0x8c48, 0x8c48, 0x8c48, 
  0x8c48, 0x8c48, 0x8c48, 0x8c48, 0x8c48, 0x8c48, 0x8c48, 0x8c48, 0x8c48, 0x8c48, 0x8c48, 0x8c48, 
  0x8c48, 0x8c48, 0x8c48, 0x8c48, 0x8c48, 0x8c48, 0x8c48, 0x8c48, 0x8c48, 0x8c48, 0x8c48, 0x8c48, 
  0x8c48, 0x8c48, 0x8c48, 0x8c48, 0x8c48, 0x8c48, 0x8c48, 0x8c48, 0x8c48, 0x8c48, 0x8c48, 0x8c48, 
  0x8c48, 0x8c48, 0x8c48, 0x8c48, 0x8c48, 0x8c48, 0x8c48, 0x8c48, 0x8c48, 0x8c48, 0x8c48, 0x8c48, 
  0x8c48, 0x8c48, 0x8c48, 0x8c48, 0x8c48, 0x8c48, 0x8c48, 0x8c48, 0x8c48, 0x8c48, 0x8c48, 0x8c48, 
  0x8c48, 0x8c48, 0x8c48, 0x8c48, 0x8c48, 0x8c48, 0x8c48, 0x8c48, 0x8c48, 0x8c48, 0x8c48, 0x8c48, 
  0x8c48, 0x8c48, 0x8c48, 0x8c48, 0x8c48, 0x8c48, 0x8c48, 0x8c48, 0x8c48, 0x8c48, 0x8c48, 0x8c48, 
  0x8c48, 0x8c48, 0x8c48, 0x8c48, 0x8c48, 0x8c48, 0x8c48, 0x8c48, 0x8c48, 0x8c48, 0x8c48, 0x8c48, 
  0x8c48, 0x8c48, 0x8c48, 0x8c48, 0x8c48, 0x8c48, 0x8c48, 0x8c48, 0x8c48, 0x8c48, 0x8c48, 0x8c48, 
  0x8c48, 0x8c48, 0x8c48, 0x8c48, 0x8c48, 0x8c48, 0x8c48, 0x8c48, 0x8c48, 0x8c48, 0x8c48, 0x8c48, 
  0x8c48, 0x8c48, 0x8c48, 0x8c48, 0x8c48, 0x8c48, 0x8c48, 0x8c48, 0x8427, 0x8427, 0x8c88, 0x8c88, 
  0x8c88, 0x8c88, 0x8c48, 0x8c48, 0x8c48, 0x8c48, 0x8c88, 0x8c88, 0x8427, 0x8427, 0x8c48, 0x8c48, 
  0x8c48, 0x8c48, 0x8c48, 0x8c48, 0x8c48, 0x8c48, 0x8c48, 0x8c48, 0x8c48, 0x8c48, 0x8c48, 0x8c48, 
  0x8c48, 0x8c48, 0x8c48, 0x8c48, 0x8c48, 0x8c48, 0x8c48, 0x8c48, 0x8c48, 0x8c48, 0x8c48, 0x8c48, 
  0x8c48, 0x8c48, 0x8c48, 0x8c48, 0x8c48, 0x8c48, 0x8c48, 0x8c48, 0x8c48, 0x8c48, 0x8c48, 0x8c48, 
  0x8c48, 0x8c48, 0x8c48, 0x8c48, 0x8c48, 0x8c48, 0x8c48, 0x8c48, 0x8c48, 0x8c48, 0x8c48, 0x8c48, 
  0x8c48, 0x8c48, 0x8c48, 0x8c48, 0x8c48, 0x8c48, 0x8c48, 0x8c48, 0x8c48, 0x8c48, 0x8c48, 0x8c48, 
  0x8c48, 0x8c48, 0x8c48, 0x8c48, 0x8c48, 0x8c48, 0x8c48, 0x8c48, 0x8c48, 0x8c48, 0x8c48, 0x8c48, 
  0x8c48, 0x8c48, 0x8c48, 0x8c48, 0x8c48, 0x8c48, 0x8c48, 0x8c48, 0x8c48, 0x8c48, 0x8c48, 0x8c48, 
  0x8c48, 0x8c48, 0x8c48, 0x8c48, 0x8c48, 0x8c48, 0x8c48, 0x8c48, 0x8c48, 0x8c48, 0x8c48, 0x8c48, 
  0x8c48, 0x8c48, 0x8c48, 0x8c48, 0x8c48, 0x8c48, 0x8c48, 0x8c48, 0x8c48, 0x8c48, 0x8c48, 0x8c48, 
  0x8c48, 0x8c48, 0x8427, 0x8427, 0x8c88, 0x8c88, 0x8c88, 0x8c88, 0x8c48, 0x8c48, 0x8c48, 0x8c48, 
  0x8c88, 0x8c88, 0x8427, 0x8427, 0x8c48, 0x8c48, 0x8c48, 0x8c48, 0x8c48, 0x8c48, 0x8c48, 0x8c48, 
  0x8c48, 0x8c48, 0x8c48, 0x8c48, 0x8c48, 0x8c48, 0x8c48, 0x8c48, 0x8c48, 0x8c48, 0x8c48, 0x8c48, 
  0x8c48, 0x8c48, 0x8c48, 0x8c48, 0x8c48, 0x8c48, 0x8c48, 0x8c48, 0x8c48, 0x8c48, 0x8c48, 0x8c48, 
  0x8c48, 0x8c48, 0x8c48, 0x8c48, 0x8c48, 0x8c48, 0x8c48, 0x8c48, 0x8c48, 0x8c48, 0x8c48, 0x8c48, 
  0x8c48, 0x8c48, 0x8c48, 0x8c48, 0x8c48, 0x8c48, 0x8c48, 0x8c48, 0x8c48, 0x8c48, 0x8c48, 0x8c48, 
  0x8c48, 0x8c48, 0x8c48, 0x8c48, 0x8c48, 0x8c48, 0x8c48, 0x8c48, 0x8c48, 0x8c48, 0x8c48, 0x8c48, 
  0x8c48, 0x8c48, 0x8c48, 0x8c48, 0x8c48, 0x8c48, 0x8c48, 0x8c48, 0x8c48, 0x8c48, 0x8c48, 0x8c48, 
  0x8c48, 0x8c48, 0x8c48, 0x8c48, 0x8c48, 0x8c48, 0x8c48, 0x8c48, 0x8c48, 0x8c48, 0x8c48, 0x8c48, 
  0x8c48, 0x8c48, 0x8c48, 0x8c48, 0x8c48, 0x8c48, 0x8c48, 0x8c48, 0x8c48, 0x8c48, 0x8c48, 0x8c48, 
  0x8c48, 0x8c48, 0x8c48, 0x8c48, 0x8c48, 0x8c48, 0x8c48, 0x8c48, 0x8c48, 0x8c48, 0x8c48, 0x8c48, 
  0x8c48, 0x8c48, 0x8c48, 0x8c48, 0x8c48, 0x8c48, 0x8c48, 0x8c48, 0x8c48, 0x8c48, 0x8c48, 0x8c48, 
  0x8c48, 0x8c48, 0x8c48, 0x8c48, 0x8c48, 0x8c48, 0x8c48, 0x8c48, 0x8c48, 0x8c48, 0x8c48, 0x8c48, 
  0x8c48, 0x8c48, 0x8427, 0x8427, 0x8c88, 0x8c88, 0x8c48, 0x8c48, 0x8c48, 0x8c48, 0x8c48, 0x8c48, 
  0x8c48, 0x8c48, 0x8c48, 0x8c48, 0x8c48, 0x8c48, 0x8c48, 0x8c48, 0x8c48, 0x8c48, 0x8c48, 0x8c48, 
  0x8c48, 0x8c48, 0x8c48, 0x8c48, 0x8c48, 0x8c48, 0x8c48, 0x8c48, 0x8c48, 0x8c48, 0x8c48, 0x8c48, 
  0x8c48, 0x8c48, 0x8c48, 0x8c48, 0x8c48, 0x8c48, 0x8c48, 0x8c48, 0x8c48, 0x8c48, 0x8c48, 0x8c48, 
  0x8c48, 0x8c48, 0x8c48, 0x8c48, 0x8c48, 0x8c48, 0x8c48, 0x8c48, 0x8c48, 0x8c48, 0x94a8, 0x94a8, 
  0x94a8, 0x94a8, 0x8c48, 0x8c48, 0x8c48, 0x8c48, 0x8c48, 0x8c48, 0x8c48, 0x8c48, 0x8c88, 0x8c88, 
  0x8c88, 0x8c88, 0x8c48, 0x8c48, 0x8c48, 0x8c48, 0x8c48, 0x8c48, 0x8c48, 0x8c48, 0x8c48, 0x8c48, 
  0x8c48, 0x8c48, 0x8c48, 0x8c48, 0x8c48, 0x8c48, 0x8c48, 0x8c48, 0x8c48, 0x8c48, 0x8c48, 0x8c48, 
  0x8c48, 0x8c48, 0x8c48, 0x8c48, 0x8c48, 0x8c48, 0x8c48, 0x8c48, 0x8c48, 0x8c48, 0x8c48, 0x8c48, 
  0x8c48, 0x8c48, 0x8c48, 0x8c48, 0x8c48, 0x8c48, 0x8c48, 0x8c48, 0x8c48, 0x8c48, 0x8c48, 0x8c48, 
  0x8c48, 0x8c48, 0x8c48, 0x8c48, 0x8c48, 0x8c48, 0x8c48, 0x8c48, 0x8427, 0x8427, 0x8c88, 0x8c88, 
  0x8c48, 0x8c48, 0x8c48, 0x8c48, 0x8c48, 0x8c48, 0x8c48, 0x8c48, 0x8c48, 0x8c48, 0x8c48, 0x8c48, 
  0x8c48, 0x8c48, 0x8c48, 0x8c48, 0x8c48, 0x8c48, 0x8c48, 0x8c48, 0x8c48, 0x8c48, 0x8c48, 0x8c48, 
  0x8c48, 0x8c48, 0x8c48, 0x8c48, 0x8c48, 0x8c48, 0x8c48, 0x8c48, 0x8c48, 0x8c48, 0x8c48, 0x8c48, 
  0x8c48, 0x8c48, 0x8c48, 0x8c48, 0x8c48, 0x8c48, 0x8c48, 0x8c48, 0x8c48, 0x8c48, 0x8c48, 0x8c48, 
  0x8c48, 0x8c48, 0x8c48, 0x8c48, 0x8c48, 0x8c48, 0x8c48, 0x8c48, 0x8c48, 0x8c48, 0x8c48, 0x8c48, 
  0x8c48, 0x8c48, 0x8c48, 0x8c48, 0x8c48, 0x8c48, 0x8c48, 0x8c48, 0x8c48, 0x8c48, 0x8c48, 0x8c48, 
  0x8c48, 0x8c48, 0x8c48, 0x8c48, 0x8c48, 0x8c48, 0x8c48, 0x8c48, 0x8c48, 0x8c48, 0x8c48, 0x8c48, 
  0x8c48, 0x8c48, 0x8c48, 0x8c48, 0x8c48, 0x8c48, 0x8c48, 0x8c48, 0x8c48, 0x8c48, 0x8c48, 0x8c48, 
  0x8c48, 0x8c48, 0x8c48, 0x8c48, 0x8c48, 0x8c48, 0x8c48, 0x8c48, 0x8c48, 0x8c48, 0x8c48, 0x8c48, 
  0x8c48, 0x8c48, 0x8c48, 0x8c48, 0x8c48, 0x8c48, 0x8c48, 0x8c48, 0x8c48, 0x8c48, 0x8c48, 0x8c48, 
  0x8c48, 0x8c48, 0x8c48, 0x8c48, 0x8c48, 0x8c48, 0x8c48, 0x8c48, 0x8c48, 0x8c48, 0x8c48, 0x8c48, 
  0x8c48, 0x8c48, 0x8c48, 0x8c48, 0x8c48, 0x8c48, 0x8c48, 0x8c48, 0x8c48, 0x8c48, 0x8c48, 0x8c48, 
  0x8c48, 0x8c48, 0x8c48, 0x8c48, 0x8c48, 0x8c48, 0x8427, 0x8427, 0x8c88, 0x8c88, 0x8c48, 0x8c48, 
  0x8c48, 0x8c48, 0x8c48, 0x8c48, 0x8c48, 0x8c48, 0x8c48, 0x8c48, 0x8c48, 0x8c48, 0x8c48, 0x8c48, 
  0x8c48, 0x8c48, 0x8c48, 0x8c48, 0x8c48, 0x8c48, 0x8c48, 0x8c48, 0x8c48, 0x8c48, 0x8c48, 0x8c48, 
  0x8c48, 0x8c48, 0x8c48, 0x8c48, 0x8c48, 0x8c48, 0x8c48, 0x8c48, 0x8c48, 0x8c48, 0x8c48, 0x8c48, 
  0x8c48, 0x8c48, 0x8c48, 0x8c48, 0x8c48, 0x8c48, 0x8c48, 0x8c48, 0x8c48, 0x8c48, 0x8c48, 0x8c48, 
  0x8c48, 0x8c48, 0x94a8, 0x94a8, 0x94a8, 0x94a8, 0x8c48, 0x8c48, 0x8c48, 0x8c48, 0x8c48, 0x8c48, 
  0x8c48, 0x8c48, 0x8c88, 0x8c88, 0x8c88, 0x8c88, 0x8c48, 0x8c48, 0x8c48, 0x8c48, 0x8c48, 0x8c48, 
  0x8c48, 0x8c48, 0x8c48, 0x8c48, 0x8c48, 0x8c48, 0x8c48, 0x8c48, 0x8c48, 0x8c48, 0x8c48, 0x8c48, 
  0x8c48, 0x8c48, 0x8c48, 0x8c48, 0x8c48, 0x8c48, 0x8c48, 0x8c48, 0x8c48, 0x8c48, 0x8c48, 0x8c48, 
  0x8c48, 0x8c48, 0x8c48, 0x8c48, 0x8c48, 0x8c48, 0x8c48, 0x8c48, 0x8c48, 0x8c48, 0x8c48, 0x8c48, 
  0x8c48, 0x8c48, 0x8c48, 0x8c48, 0x8c48, 0x8c48, 0x8c48, 0x8c48, 0x8c48, 0x8c48, 0x8c48, 0x8c48, 
  0x8427, 0x8427, 0x8c88, 0x8c88, 0x8c48, 0x8c48, 0x8c48, 0x8c48, 0x8c48, 0x8c48, 0x8c48, 0x8c48, 
  0x8c48, 0x8c48, 0x8c48, 0x8c48, 0x8c48, 0x8c48, 0x8c48, 0x8c48, 0x8c48, 0x8c48, 0x8c48, 0x8c48, 
  0x8c48, 0x8c48, 0x8c48, 0x8c48, 0x8c48, 0x8c48, 0x8c48, 0x8c48, 0x8c48, 0x8c48, 0x8c48, 0x8c48, 
  0x8c48, 0x8c48, 0x8c48, 0x8c48, 0x8c48, 0x8c48, 0x8c48, 0x8c48, 0x8c48, 0x8c48, 0x8c48, 0x8c48, 
  0x8c48, 0x8c48, 0x8c48, 0x8c48, 0x8c48, 0x8c48, 0x8c48, 0x8c48, 0x8c48, 0x8c48, 0x8c48, 0x8c48, 
  0x8c48, 0x8c48, 0x8c48, 0x8c48, 0x8c48, 0x8c48, 0x8c48, 0x8c48, 0x8c48, 0x8c48, 0x8c48, 0x8c48, 
  0x8c48, 0x8c48, 0x8c48, 0x8c48, 0x8c48, 0x8c48, 0x8c48, 0x8c48, 0x8c48, 0x8c48, 0x8c48, 0x8c48, 
  0x8c48, 0x8c48, 0x8c48, 0x8c48, 0x8c48, 0x8c48, 0x8c48, 0x8c48, 0x8c48, 0x8c48, 0x8c48, 0x8c48, 
  0x8c48, 0x8c48, 0x8c48, 0x8c48, 0x8c48, 0x8c48, 0x8c48, 0x8c48, 0x8c48, 0x8c48, 0x8c48, 0x8c48, 
  0x8c48, 0x8c48, 0x8c48, 0x8c48, 0x8c48, 0x8c48, 0x8c48, 0x8c48, 0x8c48, 0x8c48, 0x8c48, 0x8c48, 
  0x8c48, 0x8c48, 0x8c48, 0x8c48, 0x8c48, 0x8c48, 0x8c48, 0x8c48, 0x8c48, 0x8c48, 0x8c48, 0x8c48, 
  0x8c48, 0x8c48, 0x8c48, 0x8c48, 0x8c48, 0x8c48, 0x8c48, 0x8c48, 0x8c48, 0x8c48, 0x8c48, 0x8c48, 
  0x8c48, 0x8c48, 0x8c48, 0x8c48, 0x8c48, 0x8c48, 0x8c48, 0x8c48, 0x8c48, 0x8c48, 0x8c48, 0x8c48, 
  0x8c48, 0x8c48, 0x8c48, 0x8c48, 0x8c48, 0x8c48, 0x8c48, 0x8c48, 0x8c48, 0x8c48, 0x8c48, 0x8c48, 
  0x8c48, 0x8c48, 0x8c48, 0x8c48, 0x8c48, 0x8c48, 0x94a8, 0x94a8, 0x94a8, 0x94a8, 0x8c48, 0x8c48, 
  0x8c48, 0x8c48, 0x8c48, 0x8c48, 0x94a8, 0x94a8, 0x8c48, 0x8c48, 0x8c48, 0x8c48, 0x8c48, 0x8c48, 
  0x8c48, 0x8c48, 0x8c48, 0x8c48, 0x8c48, 0x8c48, 0x8c48, 0x8c48, 0x8c48, 0x8c48, 0x8c48, 0x8c48, 
  0x8c48, 0x8c48, 0x8c48, 0x8c48, 0x8c48, 0x8c48, 0x8c48, 0x8c48, 0x94a8, 0x94a8, 0x8c88, 0x8c88, 
  0x8c48, 0x8c48, 0x8c48, 0x8c48, 0x8c88, 0x8c88, 0x8c88, 0x8c88, 0x8c48, 0x8c48, 0x8c48, 0x8c48, 
  0x8c48, 0x8c48, 0x8c48, 0x8c48, 0x8c48, 0x8c48, 0x8c48, 0x8c48, 0x8c48, 0x8c48, 0x8c48, 0x8c48, 
  0x8c48, 0x8c48, 0x8c48, 0x8c48, 0x8c48, 0x8c48, 0x8c48, 0x8c48, 0x8c48, 0x8c48, 0x8c48, 0x8c48, 
  0x8c48, 0x8c48, 0x8c48, 0x8c48, 0x8c48, 0x8c48, 0x8c48, 0x8c48, 0x8c48, 0x8c48, 0x94a8, 0x94a8, 
  0x94a8, 0x94a8, 0x8c48, 0x8c48, 0x8c48, 0x8c48, 0x8c48, 0x8c48, 0x8c48, 0x8c48, 0x8c48, 0x8c48, 
  0x8c48, 0x8c48, 0x8c48, 0x8c48, 0x8c48, 0x8c48, 0x8c48, 0x8c48, 0x8c48, 0x8c48, 0x8c48, 0x8c48, 
  0x8c48, 0x8c48, 0x8c48, 0x8c48, 0x8c48, 0x8c48, 0x8c48, 0x8c48, 0x8c48, 0x8c48, 0x8c48, 0x8c48, 
  0x8c48, 0x8c48, 0x8c48, 0x8c48, 0x8c48, 0x8c48, 0x8c48, 0x8c48, 0x8c48, 0x8c48, 0x8c48, 0x8c48, 
  0x8c48, 0x8c48, 0x8c48, 0x8c48, 0x8c48, 0x8c48, 0x8c48, 0x8c48, 0x8c48, 0x8c48, 0x8c48, 0x8c48, 
  0x8c48, 0x8c48, 0x8c48, 0x8c48, 0x8c48, 0x8c48, 0x8c48, 0x8c48, 0x8c48, 0x8c48, 0x8c48, 0x8c48, 
  0x8c48, 0x8c48, 0x8c48, 0x8c48, 0x8c48, 0x8c48, 0x8c48, 0x8c48, 0x8c48, 0x8c48, 0x8c48, 0x8c48, 
  0x8c48, 0x8c48, 0x8c48, 0x8c48, 0x8c48, 0x8c48, 0x8c48, 0x8c48, 0x8c48, 0x8c48, 0x8c48, 0x8c48, 
  0x8c48, 0x8c48, 0x8c48, 0x8c48, 0x8c48, 0x8c48, 0x8c48, 0x8c48, 0x8c48, 0x8c48, 0x8c48, 0x8c48, 
  0x8c48, 0x8c48, 0x8c48, 0x8c48, 0x8c48, 0x8c48, 0x8c48, 0x8c48, 0x8c48, 0x8c48, 0x8c48, 0x8c48, 
  0x8c48, 0x8c48, 0x8c48, 0x8c48, 0x8c48, 0x8c48, 0x8c48, 0x8c48, 0x8c48, 0x8c48, 0x8c48, 0x8c48, 
  0x8c48, 0x8c48, 0x8c48, 0x8c48, 0x8c48, 0x8c48, 0x8c48, 0x8c48, 0x8c48, 0x8c48, 0x8c48, 0x8c48, 
  0x8c48, 0x8c48, 0x8c48, 0x8c48, 0x8c48, 0x8c48, 0x8c48, 0x8c48, 0x8c48, 0x8c48, 0x8c48, 0x8c48, 
  0x8c48, 0x8c48, 0x8c48, 0x8c48, 0x8c48, 0x8c48, 0x8c48, 0x8c48, 0x8c48, 0x8c48, 0x8c48, 0x8c48, 
  0x8c48, 0x8c48, 0x8c48, 0x8c48, 0x8c48, 0x8c48, 0x8c48, 0x8c48, 0x8c48, 0x8c48, 0x8c48, 0x8c48, 
  0x8c48, 0x8c48, 0x8c48, 0x8c48, 0x8c48, 0x8c48, 0x8c48, 0x8c48, 0x8c48, 0x8c48, 0x94a8, 0x94a8, 
  0x94a8, 0x94a8, 0x8c48, 0x8c48, 0x8c48, 0x8c48, 0x8c48, 0x8c48, 0x94a8, 0x94a8, 0x8c48, 0x8c48, 
  0x8c48, 0x8c48, 0x8c48, 0x8c48, 0x8c48, 0x8c48, 0x8c48, 0x8c48, 0x8c48, 0x8c48, 0x8c48, 0x8c48, 
  0x8c48, 0x8c48, 0x8c48, 0x8c48, 0x8c48, 0x8c48, 0x8c48, 0x8c48, 0x8c48, 0x8c48, 0x8c48, 0x8c48, 
  0x94a8, 0x94a8, 0x8c88, 0x8c88, 0x8c48, 0x8c48, 0x8c48, 0x8c48, 0x8c88, 0x8c88, 0x8c88, 0x8c88, 
  0x8c48, 0x8c48, 0x8c48, 0x8c48, 0x8c48, 0x8c48, 0x8c48, 0x8c48, 0x8c48, 0x8c48, 0x8c48, 0x8c48, 
  0x8c48, 0x8c48, 0x8c48, 0x8c48, 0x8c48, 0x8c48, 0x8c48, 0x8c48, 0x8c48, 0x8c48, 0x8c48, 0x8c48, 
  0x8c48, 0x8c48, 0x8c48, 0x8c48, 0x8c48, 0x8c48, 0x8c48, 0x8c48, 0x8c48, 0x8c48, 0x8c48, 0x8c48, 
  0x8c48, 0x8c48, 0x94a8, 0x94a8, 0x94a8, 0x94a8, 0x8c48, 0x8c48, 0x8c48, 0x8c48, 0x8c48, 0x8c48, 
  0x8c48, 0x8c48, 0x8c48, 0x8c48, 0x8c48, 0x8c48, 0x8c48, 0x8c48, 0x8c48, 0x8c48, 0x8c48, 0x8c48, 
  0x8c48, 0x8c48, 0x8c48, 0x8c48, 0x8c48, 0x8c48, 0x8c48, 0x8c48, 0x8c48, 0x8c48, 0x8c48, 0x8c48, 
  0x8c48, 0x8c48, 0x8c48, 0x8c48, 0x8c48, 0x8c48, 0x8c48, 0x8c48, 0x8c48, 0x8c48, 0x8c48, 0x8c48, 
  0x8c48, 0x8c48, 0x8c48, 0x8c48, 0x8c48, 0x8c48, 0x8c48, 0x8c48, 0x8c48, 0x8c48, 0x8c48, 0x8c48, 
  0x8c48, 0x8c48, 0x8c48, 0x8c48, 0x8c48, 0x8c48, 0x8c48, 0x8c48, 0x8c48, 0x8c48, 0x8c48, 0x8c48, 
  0x8c48, 0x8c48, 0x8c48, 0x8c48, 0x8c48, 0x8c48, 0x8c48, 0x8c48, 0x8c48, 0x8c48, 0x8c48, 0x8c48, 
  0x8c48, 0x8c48, 0x8c48, 0x8c48, 0x8c48, 0x8c48, 0x8c48, 0x8c48, 0x8c48, 0x8c48, 0x8c48, 0x8c48, 
  0x8c48, 0x8c48, 0x8c48, 0x8c48, 0x8c48, 0x8c48, 0x8c48, 0x8c48, 0x8c48, 0x8c48, 0x8c48, 0x8c48, 
  0x8c48, 0x8c48, 0x8c48, 0x8c48, 0x8c48, 0x8c48, 0x8c48, 0x8c48, 0x8c48, 0x8c48, 0x8c48, 0x8c48, 
  0x8c48, 0x8c48, 0x8c48, 0x8c48, 0x8c48, 0x8c48, 0x8c48, 0x8c48, 0x8c48, 0x8c48, 0x8c48, 0x8c48, 
  0x8c48, 0x8c48, 0x8c48, 0x8c48, 0x8c48, 0x8c48, 0x8c48, 0x8c48, 0x8c48, 0x8c48, 0x8c48, 0x8c48, 
  0x8c48, 0x8c48, 0x8c48, 0x8c48, 0x8c48, 0x8c48, 0x8c48, 0x8c48, 0x8c48, 0x8c48, 0x8c48, 0x8c48, 
  0x8c48, 0x8c48, 0x8c48, 0x8c48, 0x8c48, 0x8c48, 0x8c48, 0x8c48, 0x8c48, 0x8c48, 0x8c48, 0x8c48, 
  0x8c48, 0x8c48, 0x8c48, 0x8c48, 0x8c48, 0x8c48, 0x8c48, 0x8c48, 0x8c48, 0x8c48, 0x8c48, 0x8c48, 
  0x8c48, 0x8c48, 0x8c48, 0x8c48, 0x8c48, 0x8c48, 0x8c48, 0x8c48, 0x8c48, 0x8c48, 0x8c48, 0x8c48, 
  0x8c48, 0x8c48, 0x8c48, 0x8c48, 0x94a8, 0x94a8, 0x94a8, 0x94a8, 0x8c48, 0x8c48, 0x94a8, 0x94a8, 
  0x8c48, 0x8c48, 0x8c48, 0x8c48, 0x8c48, 0x8c48, 0x8c48, 0x8c48, 0x8c48, 0x8c48, 0x8c48, 0x8c48, 
  0x8c48, 0x8c48, 0x8c48, 0x8c48, 0x8c48, 0x8c48, 0x8c48, 0x8c48, 0x8c48, 0x8c48, 0x8c48, 0x8c48, 
  0x8c48, 0x8c48, 0x8c48, 0x8c48, 0x8427, 0x8427, 0x8c88, 0x8c88, 0x8c88, 0x8c88, 0x8c48, 0x8c48, 
  0x8c88, 0x8c88, 0x8c88, 0x8c88, 0x8c48, 0x8c48, 0x8c48, 0x8c48, 0x8c48, 0x8c48, 0x8c48, 0x8c48, 
  0x8c48, 0x8c48, 0x8c48, 0x8c48, 0x8c48, 0x8c48, 0x8c48, 0x8c48, 0x8c48, 0x8c48, 0x8c48, 0x8c48, 
  0x8c48, 0x8c48, 0x8c48, 0x8c48, 0x8c48, 0x8c48, 0x8c48, 0x8c48, 0x8c88, 0x8c88, 0x8c48, 0x8c48, 
  0x8c48, 0x8c48, 0x8c88, 0x8c88, 0x8c88, 0x8c88, 0x94a8, 0x94a8, 0x8c48, 0x8c48, 0x8c48, 0x8c48, 
  0x8c48, 0x8c48, 0x8c48, 0x8c48, 0x8c48, 0x8c48, 0x8c48, 0x8c48, 0x8c48, 0x8c48, 0x8c48, 0x8c48, 
  0x8c48, 0x8c48, 0x8c48, 0x8c48, 0x8c48, 0x8c48, 0x8c48, 0x8c48, 0x8c48, 0x8c48, 0x8c48, 0x8c48, 
  0x8c48, 0x8c48, 0x8c48, 0x8c48, 0x8c48, 0x8c48, 0x8c48, 0x8c48, 0x8c48, 0x8c48, 0x8c48, 0x8c48, 
  0x8c48, 0x8c48, 0x8c48, 0x8c48, 0x8c48, 0x8c48, 0x8c48, 0x8c48, 0x8c48, 0x8c48, 0x8c48, 0x8c48, 
  0x8c48, 0x8c48, 0x8c48, 0x8c48, 0x8c48, 0x8c48, 0x8c48, 0x8c48, 0x8c48, 0x8c48, 0x8c48, 0x8c48, 
  0x8c48, 0x8c48, 0x8c48, 0x8c48, 0x8c48, 0x8c48, 0x8c48, 0x8c48, 0x8c48, 0x8c48, 0x8c48, 0x8c48, 
  0x8c48, 0x8c48, 0x8c48, 0x8c48, 0x8c48, 0x8c48, 0x8c48, 0x8c48, 0x8c48, 0x8c48, 0x8c48, 0x8c48, 
  0x8c48, 0x8c48, 0x8c48, 0x8c48, 0x8c48, 0x8c48, 0x8c48, 0x8c48, 0x8c48, 0x8c48, 0x8c48, 0x8c48, 
  0x8c48, 0x8c48, 0x8c48, 0x8c48, 0x8c48, 0x8c48, 0x8c48, 0x8c48, 0x8c48, 0x8c48, 0x8c48, 0x8c48, 
  0x8c48, 0x8c48, 0x8c48, 0x8c48, 0x8c48, 0x8c48, 0x8c48, 0x8c48, 0x8c48, 0x8c48, 0x8c48, 0x8c48, 
  0x8c48, 0x8c48, 0x8c48, 0x8c48, 0x8c48, 0x8c48, 0x8c48, 0x8c48, 0x8c48, 0x8c48, 0x8c48, 0x8c48, 
  0x8c48, 0x8c48, 0x8c48, 0x8c48, 0x8c48, 0x8c48, 0x8c48, 0x8c48, 0x8c48, 0x8c48, 0x8c48, 0x8c48, 
  0x8c48, 0x8c48, 0x8c48, 0x8c48, 0x8c48, 0x8c48, 0x8c48, 0x8c48, 0x8c48, 0x8c48, 0x8c48, 0x8c48, 
  0x8c48, 0x8c48, 0x8c48, 0x8c48, 0x8c48, 0x8c48, 0x8c48, 0x8c48, 0x8c48, 0x8c48, 0x8c48, 0x8c48, 
  0x8c48, 0x8c48, 0x8c48, 0x8c48, 0x8c48, 0x8c48, 0x8c48, 0x8c48, 0x8c48, 0x8c48, 0x8c48, 0x8c48, 
  0x8c48, 0x8c48, 0x8c48, 0x8c48, 0x8c48, 0x8c48, 0x8c48, 0x8c48, 0x94a8, 0x94a8, 0x94a8, 0x94a8, 
  0x8c48, 0x8c48, 0x94a8, 0x94a8, 0x8c48, 0x8c48, 0x8c48, 0x8c48, 0x8c48, 0x8c48, 0x8c48, 0x8c48, 
  0x8c48, 0x8c48, 0x8c48, 0x8c48, 0x8c48, 0x8c48, 0x8c48, 0x8c48, 0x8c48, 0x8c48, 0x8c48, 0x8c48, 
  0x8c48, 0x8c48, 0x8c48, 0x8c48, 0x8c48, 0x8c48, 0x8c48, 0x8c48, 0x8427, 0x8427, 0x8c88, 0x8c88, 
  0x8c88, 0x8c88, 0x8c48, 0x8c48, 0x8c88, 0x8c88, 0x8c88, 0x8c88, 0x8c48, 0x8c48, 0x8c48, 0x8c48, 
  0x8c48, 0x8c48, 0x8c48, 0x8c48, 0x8c48, 0x8c48, 0x8c48, 0x8c48, 0x8c48, 0x8c48, 0x8c48, 0x8c48, 
  0x8c48, 0x8c48, 0x8c48, 0x8c48, 0x8c48, 0x8c48, 0x8c48, 0x8c48, 0x8c48, 0x8c48, 0x8c48, 0x8c48, 
  0x8c88, 0x8c88, 0x8c48, 0x8c48, 0x8c48, 0x8c48, 0x8c88, 0x8c88, 0x8c88, 0x8c88, 0x94a8, 0x94a8, 
  0x8c48, 0x8c48, 0x8c48, 0x8c48, 0x8c48, 0x8c48, 0x8c48, 0x8c48, 0x8c48, 0x8c48, 0x8c48, 0x8c48, 
  0x8c48, 0x8c48, 0x8c48, 0x8c48, 0x8c48, 0x8c48, 0x8c48, 0x8c48, 0x8c48, 0x8c48, 0x8c48, 0x8c48, 
  0x8c48, 0x8c48, 0x8c48, 0x8c48, 0x8c48, 0x8c48, 0x8c48, 0x8c48, 0x8c48, 0x8c48, 0x8c48, 0x8c48, 
  0x8c48, 0x8c48, 0x8c48, 0x8c48, 0x8c48, 0x8c48, 0x8c48, 0x8c48, 0x8c48, 0x8c48, 0x8c48, 0x8c48, 
  0x8c48, 0x8c48, 0x8c48, 0x8c48, 0x8c48, 0x8c48, 0x8c48, 0x8c48, 0x8c48, 0x8c48, 0x8c48, 0x8c48, 
  0x8c48, 0x8c48, 0x8c48, 0x8c48, 0x8c48, 0x8c48, 0x8c48, 0x8c48, 0x8c48, 0x8c48, 0x8c48, 0x8c48, 
  0x8c48, 0x8c48, 0x8c48, 0x8c48, 0x8c48, 0x8c48, 0x8c48, 0x8c48, 0x8c48, 0x8c48, 0x8c48, 0x8c48, 
  0x8c48, 0x8c48, 0x8c48, 0x8c48, 0x8c48, 0x8c48, 0x8c48, 0x8c48, 0x8c48, 0x8c48, 0x8c48, 0x8c48, 
  0x8c48, 0x8c48, 0x8c48, 0x8c48, 0x8c48, 0x8c48, 0x8c48, 0x8c48, 0x8c48, 0x8c48, 0x8c48, 0x8c48, 
  0x8c48, 0x8c48, 0x8c48, 0x8c48, 0x8c48, 0x8c48, 0x8c48, 0x8c48, 0x8c48, 0x8c48, 0x8c48, 0x8c48, 
  0x8c48, 0x8c48, 0x8c48, 0x8c48, 0x8c48, 0x8c48, 0x8c48, 0x8c48, 0x8c48, 0x8c48, 0x8c48, 0x8c48, 
  0x8c48, 0x8c48, 0x8c48, 0x8c48, 0x8c48, 0x8c48, 0x8c48, 0x8c48, 0x8c48, 0x8c48, 0x8c48, 0x8c48, 
  0x8c48, 0x8c48, 0x8c48, 0x8c48, 0x8c48, 0x8c48, 0x8c48, 0x8c48, 0x8c48, 0x8c48, 0x8c48, 0x8c48, 
  0x8c48, 0x8c48, 0x8c48, 0x8c48, 0x8c48, 0x8c48, 0x8c48, 0x8c48, 0x8c48, 0x8c48, 0x8c48, 0x8c48, 
  0x8c48, 0x8c48, 0x8c48, 0x8c48, 0x8c48, 0x8c48, 0x8c48, 0x8c48, 0x8c48, 0x8c48, 0x8c48, 0x8c48, 
  0x8c48, 0x8c48, 0x8c48, 0x8c48, 0x8c48, 0x8c48, 0x8c48, 0x8c48, 0x8c48, 0x8c48, 0x8c48, 0x8c48, 
  0x8c88, 0x8c88, 0x8c88, 0x8c88, 0x8427, 0x8427, 0x8c88, 0x8c88, 0x8c48, 0x8c48, 0x8c48, 0x8c48, 
  0x8c48, 0x8c48, 0x8c48, 0x8c48, 0x8c48, 0x8c48, 0x8c48, 0x8c48, 0x8c48, 0x8c48, 0x8c48, 0x8c48, 
  0x8c48, 0x8c48, 0x8c48, 0x8c48, 0x8c48, 0x8c48, 0x8c48, 0x8c48, 0x8c48, 0x8c48, 0x8c48, 0x8c48, 
  0x8427, 0x8427, 0x8c88, 0x8c88, 0x8c88, 0x8c88, 0x8c48, 0x8c48, 0x8427, 0x8427, 0x8427, 0x8427, 
  0x8c48, 0x8c48, 0x8c48, 0x8c48, 0x8c48, 0x8c48, 0x8c48, 0x8c48, 0x8c48, 0x8c48, 0x8c48, 0x8c48, 
  0x8c48, 0x8c48, 0x8c48, 0x8c48, 0x8c48, 0x8c48, 0x8c48, 0x8c48, 0x8c48, 0x8c48, 0x8c48, 0x8c48, 
  0x8c48, 0x8c48, 0x8c48, 0x8c48, 0x94a8, 0x94a8, 0x94a8, 0x94a8, 0x8427, 0x8427, 0x8c88, 0x8c88, 
  0x8c88, 0x8c88, 0x8427, 0x8427, 0x8c48, 0x8c48, 0x8c48, 0x8c48, 0x8c48, 0x8c48, 0x8c48, 0x8c48, 
  0x8c48, 0x8c48, 0x8c48, 0x8c48, 0x8c48, 0x8c48, 0x8c48, 0x8c48, 0x8c48, 0x8c48, 0x8c48, 0x8c48, 
  0x8c48, 0x8c48, 0x8c48, 0x8c48, 0x8c48, 0x8c48, 0x8c48, 0x8c48, 0x8c48, 0x8c48, 0x8c48, 0x8c48, 
  0x8c48, 0x8c48, 0x8c48, 0x8c48, 0x8c48, 0x8c48, 0x8c48, 0x8c48, 0x8c48, 0x8c48, 0x8c48, 0x8c48, 
  0x8c48, 0x8c48, 0x8c48, 0x8c48, 0x8c48, 0x8c48, 0x8c48, 0x8c48, 0x8c48, 0x8c48, 0x8c48, 0x8c48, 
  0x8c48, 0x8c48, 0x8c48, 0x8c48, 0x8c48, 0x8c48, 0x8c48, 0x8c48, 0x8c48, 0x8c48, 0x8c48, 0x8c48, 
  0x8c48, 0x8c48, 0x8c48, 0x8c48, 0x8c48, 0x8c48, 0x8c48, 0x8c48, 0x8c48, 0x8c48, 0x8c48, 0x8c48, 
  0x8c48, 0x8c48, 0x8c48, 0x8c48, 0x8c48, 0x8c48, 0x8c48, 0x8c48, 0x8c48, 0x8c48, 0x8c48, 0x8c48, 
  0x8c48, 0x8c48, 0x8c48, 0x8c48, 0x8c48, 0x8c48, 0x8c48, 0x8c48, 0x8c48, 0x8c48, 0x8c48, 0x8c48, 
  0x8c48, 0x8c48, 0x8c48, 0x8c48, 0x8c48, 0x8c48, 0x8c48, 0x8c48, 0x8c48, 0x8c48, 0x8c48, 0x8c48, 
  0x8c48, 0x8c48, 0x8c48, 0x8c48, 0x8c48, 0x8c48, 0x8c48, 0x8c48, 0x8c48, 0x8c48, 0x8c48, 0x8c48, 
  0x8c48, 0x8c48, 0x8c48, 0x8c48, 0x8c48, 0x8c48, 0x8c48, 0x8c48, 0x8c48, 0x8c48, 0x8c48, 0x8c48, 
  0x8c48, 0x8c48, 0x8c48, 0x8c48, 0x8c48, 0x8c48, 0x8c48, 0x8c48, 0x8c48, 0x8c48, 0x8c48, 0x8c48, 
  0x8c48, 0x8c48, 0x8c48, 0x8c48, 0x8c48, 0x8c48, 0x8c48, 0x8c48, 0x8c48, 0x8c48, 0x8c48, 0x8c48, 
  0x8c48, 0x8c48, 0x8c48, 0x8c48, 0x8c48, 0x8c48, 0x8c48, 0x8c48, 0x8c48, 0x8c48, 0x8c48, 0x8c48, 
  0x8c48, 0x8c48, 0x8c48, 0x8c48, 0x8c48, 0x8c48, 0x8c48, 0x8c48, 0x8c48, 0x8c48, 0x8c48, 0x8c48, 
  0x8c48, 0x8c48, 0x8c48, 0x8c48, 0x8c88, 0x8c88, 0x8c88, 0x8c88, 0x8427, 0x8427, 0x8c88, 0x8c88, 
  0x8c48, 0x8c48, 0x8c48, 0x8c48, 0x8c48, 0x8c48, 0x8c48, 0x8c48, 0x8c48, 0x8c48, 0x8c48, 0x8c48, 
  0x8c48, 0x8c48, 0x8c48, 0x8c48, 0x8c48, 0x8c48, 0x8c48, 0x8c48, 0x8c48, 0x8c48, 0x8c48, 0x8c48, 
  0x8c48, 0x8c48, 0x8c48, 0x8c48, 0x8427, 0x8427, 0x8c88, 0x8c88, 0x8c88, 0x8c88, 0x8c48, 0x8c48, 
  0x8427, 0x8427, 0x8427, 0x8427, 0x8c48, 0x8c48, 0x8c48, 0x8c48, 0x8c48, 0x8c48, 0x8c48, 0x8c48, 
  0x8c48, 0x8c48, 0x8c48, 0x8c48, 0x8c48, 0x8c48, 0x8c48, 0x8c48, 0x8c48, 0x8c48, 0x8c48, 0x8c48, 
  0x8c48, 0x8c48, 0x8c48, 0x8c48, 0x8c48, 0x8c48, 0x8c48, 0x8c48, 0x94a8, 0x94a8, 0x94a8, 0x94a8, 
  0x8427, 0x8427, 0x8c88, 0x8c88, 0x8c88, 0x8c88, 0x8427, 0x8427, 0x8c48, 0x8c48, 0x8c48, 0x8c48, 
  0x8c48, 0x8c48, 0x8c48, 0x8c48, 0x8c48, 0x8c48, 0x8c48, 0x8c48, 0x8c48, 0x8c48, 0x8c48, 0x8c48, 
  0x8c48, 0x8c48, 0x8c48, 0x8c48, 0x8c48, 0x8c48, 0x8c48, 0x8c48, 0x8c48, 0x8c48, 0x8c48, 0x8c48, 
  0x8c48, 0x8c48, 0x8c48, 0x8c48, 0x8c48, 0x8c48, 0x8c48, 0x8c48, 0x8c48, 0x8c48, 0x8c48, 0x8c48, 
  0x8c48, 0x8c48, 0x8c48, 0x8c48, 0x8c48, 0x8c48, 0x8c48, 0x8c48, 0x8c48, 0x8c48, 0x8c48, 0x8c48, 
  0x8c48, 0x8c48, 0x8c48, 0x8c48, 0x8c48, 0x8c48, 0x8c48, 0x8c48, 0x8c48, 0x8c48, 0x8c48, 0x8c48, 
  0x8c48, 0x8c48, 0x8c48, 0x8c48, 0x8c48, 0x8c48, 0x8c48, 0x8c48, 0x8c48, 0x8c48, 0x8c48, 0x8c48, 
  0x8c48, 0x8c48, 0x8c48, 0x8c48, 0x8c48, 0x8c48, 0x8c48, 0x8c48, 0x8c48, 0x8c48, 0x8c48, 0x8c48, 
  0x8c48, 0x8c48, 0x8c48, 0x8c48, 0x8c48, 0x8c48, 0x8c48, 0x8c48, 0x8c48, 0x8c48, 0x8c48, 0x8c48, 
  0x8c48, 0x8c48, 0x8c48, 0x8c48, 0x8c48, 0x8c48, 0x8c48, 0x8c48, 0x8c48, 0x8c48, 0x8c48, 0x8c48, 
  0x8c48, 0x8c48, 0x8c48, 0x8c48, 0x8c48, 0x8c48, 0x8c48, 0x8c48, 0x8c48, 0x8c48, 0x8c48, 0x8c48, 
  0x8c48, 0x8c48, 0x8c48, 0x8c48, 0x8c48, 0x8c48, 0x8c48, 0x8c48, 0x8c48, 0x8c48, 0x8c48, 0x8c48, 
  0x8c48, 0x8c48, 0x8c48, 0x8c48, 0x8c48, 0x8c48, 0x8c48, 0x8c48, 0x8c48, 0x8c48, 0x8c48, 0x8c48, 
  0x8c48, 0x8c48, 0x8c48, 0x8c48, 0x8c48, 0x8c48, 0x8c48, 0x8c48, 0x8c48, 0x8c48, 0x8c48, 0x8c48, 
  0x8c48, 0x8c48, 0x8c48, 0x8c48, 0x8c48, 0x8c48, 0x8c48, 0x8c48, 0x8c48, 0x8c48, 0x8c48, 0x8c48, 
  0x8c48, 0x8c48, 0x8c48, 0x8c48, 0x8c48, 0x8c48, 0x8c48, 0x8c48, 0x8c48, 0x8c48, 0x8c48, 0x8c48, 
  0x8c48, 0x8c48, 0x8c48, 0x8c48, 0x8c48, 0x8c48, 0x8c48, 0x8c48, 0x8427, 0x8427, 0x8c88, 0x8c88, 
  0x8427, 0x8427, 0x8427, 0x8427, 0x8c48, 0x8c48, 0x8c48, 0x8c48, 0x8c48, 0x8c48, 0x8c48, 0x8c48, 
  0x8c48, 0x8c48, 0x8c48, 0x8c48, 0x8c48, 0x8c48, 0x8c48, 0x8c48, 0x8c48, 0x8c48, 0x8c48, 0x8c48, 
  0x8c48, 0x8c48, 0x8c48, 0x8c48, 0x8c48, 0x8c48, 0x8c48, 0x8c48, 0x8c48, 0x8c48, 0x8427, 0x8427, 
  0x8427, 0x8427, 0x8c48, 0x8c48, 0x8c48, 0x8c48, 0x8c48, 0x8c48, 0x8c48, 0x8c48, 0x8c48, 0x8c48, 
  0x8c48, 0x8c48, 0x8c48, 0x8c48, 0x8c48, 0x8c48, 0x8c48, 0x8c48, 0x8c48, 0x8c48, 0x8c48, 0x8c48, 
  0x8c48, 0x8c48, 0x8c48, 0x8c48, 0x8c48, 0x8c48, 0x8c48, 0x8c48, 0x8c48, 0x8c48, 0x8c48, 0x8c48, 
  0x94a8, 0x94a8, 0x8c88, 0x8c88, 0x8c88, 0x8c88, 0x8427, 0x8427, 0x8427, 0x8427, 0x8c48, 0x8c48, 
  0x8c48, 0x8c48, 0x8c48, 0x8c48, 0x8c48, 0x8c48, 0x8c48, 0x8c48, 0x8c48, 0x8c48, 0x8c48, 0x8c48, 
  0x8c48, 0x8c48, 0x8c48, 0x8c48, 0x8c48, 0x8c48, 0x8c48, 0x8c48, 0x8c48, 0x8c48, 0x8c48, 0x8c48, 
  0x8c48, 0x8c48, 0x8c48, 0x8c48, 0x8c48, 0x8c48, 0x8c48, 0x8c48, 0x8c48, 0x8c48, 0x8c48, 0x8c48, 
  0x8c48, 0x8c48, 0x8c48, 0x8c48, 0x8c48, 0x8c48, 0x8c48, 0x8c48, 0x8c48, 0x8c48, 0x8c48, 0x8c48, 
  0x8c48, 0x8c48, 0x8c48, 0x8c48, 0x8c48, 0x8c48, 0x8c48, 0x8c48, 0x8c48, 0x8c48, 0x8c48, 0x8c48, 
  0x8c48, 0x8c48, 0x8c48, 0x8c48, 0x8c48, 0x8c48, 0x8c48, 0x8c48, 0x8c48, 0x8c48, 0x8c48, 0x8c48, 
  0x8c48, 0x8c48, 0x8c48, 0x8c48, 0x8c48, 0x8c48, 0x8c48, 0x8c48, 0x8c48, 0x8c48, 0x8c48, 0x8c48, 
  0x8c48, 0x8c48, 0x8c48, 0x8c48, 0x8c48, 0x8c48, 0x8c48, 0x8c48, 0x8c48, 0x8c48, 0x8c48, 0x8c48, 
  0x8c48, 0x8c48, 0x8c48, 0x8c48, 0x8c48, 0x8c48, 0x8c48, 0x8c48, 0x8c48, 0x8c48, 0x8c48, 0x8c48, 
  0x8c48, 0x8c48, 0x8c48, 0x8c48, 0x8c48, 0x8c48, 0x8c48, 0x8c48, 0x8c48, 0x8c48, 0x8c48, 0x8c48, 
  0x8c48, 0x8c48, 0x8c48, 0x8c48, 0x8c48, 0x8c48, 0x8c48, 0x8c48, 0x8c48, 0x8c48, 0x8c48, 0x8c48, 
  0x8c48, 0x8c48, 0x8c48, 0x8c48, 0x8c48, 0x8c48, 0x8c48, 0x8c48, 0x8c48, 0x8c48, 0x8c48, 0x8c48, 
  0x8c48, 0x8c48, 0x8c48, 0x8c48, 0x8c48, 0x8c48, 0x8c48, 0x8c48, 0x8c48, 0x8c48, 0x8c48, 0x8c48, 
  0x8c48, 0x8c48, 0x8c48, 0x8c48, 0x8c48, 0x8c48, 0x8c48, 0x8c48, 0x8c48, 0x8c48, 0x8c48, 0x8c48, 
  0x8c48, 0x8c48, 0x8c48, 0x8c48, 0x8c48, 0x8c48, 0x8c48, 0x8c48, 0x8c48, 0x8c48, 0x8c48, 0x8c48, 
  0x8c48, 0x8c48, 0x8c48, 0x8c48, 0x8c48, 0x8c48, 0x8c48, 0x8c48, 0x8c48, 0x8c48, 0x8c48, 0x8c48, 
  0x8427, 0x8427, 0x8c88, 0x8c88, 0x8427, 0x8427, 0x8427, 0x8427, 0x8c48, 0x8c48, 0x8c48, 0x8c48, 
  0x8c48, 0x8c48, 0x8c48, 0x8c48, 0x8c48, 0x8c48, 0x8c48, 0x8c48, 0x8c48, 0x8c48, 0x8c48, 0x8c48, 
  0x8c48, 0x8c48, 0x8c48, 0x8c48, 0x8c48, 0x8c48, 0x8c48, 0x8c48, 0x8c48, 0x8c48, 0x8c48, 0x8c48, 
  0x8c48, 0x8c48, 0x8427, 0x8427, 0x8427, 0x8427, 0x8c48, 0x8c48, 0x8c48, 0x8c48, 0x8c48, 0x8c48, 
  0x8c48, 0x8c48, 0x8c48, 0x8c48, 0x8c48, 0x8c48, 0x8c48, 0x8c48, 0x8c48, 0x8c48, 0x8c48, 0x8c48, 
  0x8c48, 0x8c48, 0x8c48, 0x8c48, 0x8c48, 0x8c48, 0x8c48, 0x8c48, 0x8c48, 0x8c48, 0x8c48, 0x8c48, 
  0x8c48, 0x8c48, 0x8c48, 0x8c48, 0x94a8, 0x94a8, 0x8c88, 0x8c88, 0x8c88, 0x8c88, 0x8427, 0x8427, 
  0x8427, 0x8427, 0x8c48, 0x8c48, 0x8c48, 0x8c48, 0x8c48, 0x8c48, 0x8c48, 0x8c48, 0x8c48, 0x8c48, 
  0x8c48, 0x8c48, 0x8c48, 0x8c48, 0x8c48, 0x8c48, 0x8c48, 0x8c48, 0x8c48, 0x8c48, 0x8c48, 0x8c48, 
  0x8c48, 0x8c48, 0x8c48, 0x8c48, 0x8c48, 0x8c48, 0x8c48, 0x8c48, 0x8c48, 0x8c48, 0x8c48, 0x8c48, 
  0x8c48, 0x8c48, 0x8c48, 0x8c48, 0x8c48, 0x8c48, 0x8c48, 0x8c48, 0x8c48, 0x8c48, 0x8c48, 0x8c48, 
  0x8c48, 0x8c48, 0x8c48, 0x8c48, 0x8c48, 0x8c48, 0x8c48, 0x8c48, 0x8c48, 0x8c48, 0x8c48, 0x8c48, 
  0x8c48, 0x8c48, 0x8c48, 0x8c48, 0x8c48, 0x8c48, 0x8c48, 0x8c48, 0x8c48, 0x8c48, 0x8c48, 0x8c48, 
  0x8c48, 0x8c48, 0x8c48, 0x8c48, 0x8c48, 0x8c48, 0x8c48, 0x8c48, 0x8c48, 0x8c48, 0x8c48, 0x8c48, 
  0x8c48, 0x8c48, 0x8c48, 0x8c48, 0x8c48, 0x8c48, 0x8c48, 0x8c48, 0x8c48, 0x8c48, 0x8c48, 0x8c48, 
  0x8c48, 0x8c48, 0x8c48, 0x8c48, 0x8c48, 0x8c48, 0x8c48, 0x8c48, 0x8c48, 0x8c48, 0x8c48, 0x8c48, 
  0x8c48, 0x8c48, 0x8c48, 0x8c48, 0x8c48, 0x8c48, 0x8c48, 0x8c48, 0x8c48, 0x8c48, 0x8c48, 0x8c48, 
  0x8c48, 0x8c48, 0x8c48, 0x8c48, 0x8c48, 0x8c48, 0x8c48, 0x8c48, 0x8c48, 0x8c48, 0x8c48, 0x8c48, 
  0x8c48, 0x8c48, 0x8c48, 0x8c48, 0x8c48, 0x8c48, 0x8c48, 0x8c48, 0x8c48, 0x8c48, 0x8c48, 0x8c48, 
  0x8c48, 0x8c48, 0x8c48, 0x8c48, 0x8c48, 0x8c48, 0x8c48, 0x8c48, 0x8c48, 0x8c48, 0x8c48, 0x8c48, 
  0x8c48, 0x8c48, 0x8c48, 0x8c48, 0x8c48, 0x8c48, 0x8c48, 0x8c48, 0x8c48, 0x8c48, 0x8c48, 0x8c48, 
  0x8c48, 0x8c48, 0x8c48, 0x8c48, 0x8c48, 0x8c48, 0x8c48, 0x8c48, 0x8c48, 0x8c48, 0x8c48, 0x8c48, 
  0x8c48, 0x8c48, 0x8c48, 0x8c48, 0x8c48, 0x8c48, 0x8c48, 0x8c48, 0x8c48, 0x8c48, 0x8c48, 0x8c48, 
  0x8c48, 0x8c48, 0x8c48, 0x8c48, 0x8c48, 0x8c48, 0x8427, 0x8427, 0x8c48, 0x8c48, 0x8c48, 0x8c48, 
  0x8c48, 0x8c48, 0x8c48, 0x8c48, 0x8c48, 0x8c48, 0x8c48, 0x8c48, 0x8c48, 0x8c48, 0x8c48, 0x8c48, 
  0x8c48, 0x8c48, 0x8c48, 0x8c48, 0x8c48, 0x8c48, 0x8c48, 0x8c48, 0x8c48, 0x8c48, 0x8c48, 0x8c48, 
  0x8c48, 0x8c48, 0x8c48, 0x8c48, 0x8c48, 0x8c48, 0x8c48, 0x8c48, 0x8c48, 0x8c48, 0x8c48, 0x8c48, 
  0x8c48, 0x8c48, 0x8c48, 0x8c48, 0x8c48, 0x8c48, 0x8c48, 0x8c48, 0x8c48, 0x8c48, 0x8c48, 0x8c48, 
  0x8c48, 0x8c48, 0x8c48, 0x8c48, 0x8c48, 0x8c48, 0x8c48, 0x8c48, 0x8c48, 0x8c48, 0x8c48, 0x8c48, 
  0x8c48, 0x8c48, 0x8c48, 0x8c48, 0x8c48, 0x8c48, 0x8c48, 0x8c48, 0x8427, 0x8427, 0x8c88, 0x8c88, 
  0x8c88, 0x8c88, 0x8c48, 0x8c48, 0x8c48, 0x8c48, 0x8c48, 0x8c48, 0x8c48, 0x8c48, 0x8c48, 0x8c48, 
  0x8c48, 0x8c48, 0x8c48, 0x8c48, 0x8c48, 0x8c48, 0x8c48, 0x8c48, 0x8c48, 0x8c48, 0x8c48, 0x8c48, 
  0x8c48, 0x8c48, 0x8c48, 0x8c48, 0x8c48, 0x8c48, 0x8c48, 0x8c48, 0x8c48, 0x8c48, 0x8c48, 0x8c48, 
  0x8c48, 0x8c48, 0x8c48, 0x8c48, 0x8c48, 0x8c48, 0x8c48, 0x8c48, 0x8c48, 0x8c48, 0x8c48, 0x8c48, 
  0x8c48, 0x8c48, 0x8c48, 0x8c48, 0x8c48, 0x8c48, 0x8c48, 0x8c48, 0x8c48, 0x8c48, 0x8c48, 0x8c48, 
  0x8c48, 0x8c48, 0x8c48, 0x8c48, 0x8c48, 0x8c48, 0x8c48, 0x8c48, 0x8c48, 0x8c48, 0x8c48, 0x8c48, 
  0x8c48, 0x8c48, 0x8c48, 0x8c48, 0x8c48, 0x8c48, 0x8c48, 0x8c48, 0x8c48, 0x8c48, 0x8c48, 0x8c48, 
  0x8c48, 0x8c48, 0x8c48, 0x8c48, 0x8c48, 0x8c48, 0x8c48, 0x8c48, 0x8c48, 0x8c48, 0x8c48, 0x8c48, 
  0x8c48, 0x8c48, 0x8c48, 0x8c48, 0x8c48, 0x8c48, 0x8c48, 0x8c48, 0x8c48, 0x8c48, 0x8c48, 0x8c48, 
  0x8c48, 0x8c48, 0x8c48, 0x8c48, 0x8c48, 0x8c48, 0x8c48, 0x8c48, 0x8c48, 0x8c48, 0x8c48, 0x8c48, 
  0x8c48, 0x8c48, 0x8c48, 0x8c48, 0x8c48, 0x8c48, 0x8c48, 0x8c48, 0x8c48, 0x8c48, 0x8c48, 0x8c48, 
  0x8c48, 0x8c48, 0x8c48, 0x8c48, 0x8c48, 0x8c48, 0x8c48, 0x8c48, 0x8c48, 0x8c48, 0x8c48, 0x8c48, 
  0x8c48, 0x8c48, 0x8c48, 0x8c48, 0x8c48, 0x8c48, 0x8c48, 0x8c48, 0x8c48, 0x8c48, 0x8c48, 0x8c48, 
  0x8c48, 0x8c48, 0x8c48, 0x8c48, 0x8c48, 0x8c48, 0x8c48, 0x8c48, 0x8c48, 0x8c48, 0x8c48, 0x8c48, 
  0x8c48, 0x8c48, 0x8c48, 0x8c48, 0x8c48, 0x8c48, 0x8c48, 0x8c48, 0x8c48, 0x8c48, 0x8c48, 0x8c48, 
  0x8c48, 0x8c48, 0x8c48, 0x8c48, 0x8c48, 0x8c48, 0x8c48, 0x8c48, 0x8c48, 0x8c48, 0x8c48, 0x8c48, 
  0x8c48, 0x8c48, 0x8c48, 0x8c48, 0x8c48, 0x8c48, 0x8c48, 0x8c48, 0x8c48, 0x8c48, 0x8427, 0x8427, 
  0x8c48, 0x8c48, 0x8c48, 0x8c48, 0x8c48, 0x8c48, 0x8c48, 0x8c48, 0x8c48, 0x8c48, 0x8c48, 0x8c48, 
  0x8c48, 0x8c48, 0x8c48, 0x8c48, 0x8c48, 0x8c48, 0x8c48, 0x8c48, 0x8c48, 0x8c48, 0x8c48, 0x8c48, 
  0x8c48, 0x8c48, 0x8c48, 0x8c48, 0x8c48, 0x8c48, 0x8c48, 0x8c48, 0x8c48, 0x8c48, 0x8c48, 0x8c48, 
  0x8c48, 0x8c48, 0x8c48, 0x8c48, 0x8c48, 0x8c48, 0x8c48, 0x8c48, 0x8c48, 0x8c48, 0x8c48, 0x8c48, 
  0x8c48, 0x8c48, 0x8c48, 0x8c48, 0x8c48, 0x8c48, 0x8c48, 0x8c48, 0x8c48, 0x8c48, 0x8c48, 0x8c48, 
  0x8c48, 0x8c48, 0x8c48, 0x8c48, 0x8c48, 0x8c48, 0x8c48, 0x8c48, 0x8c48, 0x8c48, 0x8c48, 0x8c48, 
  0x8427, 0x8427, 0x8c88, 0x8c88, 0x8c88, 0x8c88, 0x8c48, 0x8c48, 0x8c48, 0x8c48, 0x8c48, 0x8c48, 
  0x8c48, 0x8c48, 0x8c48, 0x8c48, 0x8c48, 0x8c48, 0x8c48, 0x8c48, 0x8c48, 0x8c48, 0x8c48, 0x8c48, 
  0x8c48, 0x8c48, 0x8c48, 0x8c48, 0x8c48, 0x8c48, 0x8c48, 0x8c48, 0x8c48, 0x8c48, 0x8c48, 0x8c48, 
  0x8c48, 0x8c48, 0x8c48, 0x8c48, 0x8c48, 0x8c48, 0x8c48, 0x8c48, 0x8c48, 0x8c48, 0x8c48, 0x8c48, 
  0x8c48, 0x8c48, 0x8c48, 0x8c48, 0x8c48, 0x8c48, 0x8c48, 0x8c48, 0x8c48, 0x8c48, 0x8c48, 0x8c48, 
  0x8c48, 0x8c48, 0x8c48, 0x8c48, 0x8c48, 0x8c48, 0x8c48, 0x8c48, 0x8c48, 0x8c48, 0x8c48, 0x8c48, 
  0x8c48, 0x8c48, 0x8c48, 0x8c48, 0x8c48, 0x8c48, 0x8c48, 0x8c48, 0x8c48, 0x8c48, 0x8c48, 0x8c48, 
  0x8c48, 0x8c48, 0x8c48, 0x8c48, 0x8c48, 0x8c48, 0x8c48, 0x8c48, 0x8c48, 0x8c48, 0x8c48, 0x8c48, 
  0x8c48, 0x8c48, 0x8c48, 0x8c48, 0x8c48, 0x8c48, 0x8c48, 0x8c48, 0x8c48, 0x8c48, 0x8c48, 0x8c48, 
  0x8c48, 0x8c48, 0x8c48, 0x8c48, 0x8c48, 0x8c48, 0x8c48, 0x8c48, 0x8c48, 0x8c48, 0x8c48, 0x8c48, 
  0x8c48, 0x8c48, 0x8c48, 0x8c48, 0x8c48, 0x8c48, 0x8c48, 0x8c48, 0x8c48, 0x8c48, 0x8c48, 0x8c48, 
  0x8c48, 0x8c48, 0x8c48, 0x8c48, 0x8c48, 0x8c48, 0x8c48, 0x8c48, 0x8c48, 0x8c48, 0x8c48, 0x8c48, 
  0x8c48, 0x8c48, 0x8c48, 0x8c48, 0x8c48, 0x8c48, 0x8c48, 0x8c48, 0x8c48, 0x8c48, 0x8c48, 0x8c48, 
  0x8c48, 0x8c48, 0x8c48, 0x8c48, 0x8c48, 0x8c48, 0x8c48, 0x8c48, 0x8c48, 0x8c48, 0x8c48, 0x8c48, 
  0x8c48, 0x8c48, 0x8c48, 0x8c48, 0x8c48, 0x8c48, 0x8c48, 0x8c48, 0x8c48, 0x8c48, 0x8c48, 0x8c48, 
  0x8c48, 0x8c48, 0x8c48, 0x8c48, 0x8c48, 0x8c48, 0x8c48, 0x8c48, 0x8c48, 0x8c48, 0x8c48, 0x8c48, 
  0x8c48, 0x8c48, 0x8c48, 0x8c48, 0x8c48, 0x8c48, 0x8c48, 0x8c48, 0x8c48, 0x8c48, 0x8c48, 0x8c48, 
  0x8c48, 0x8c48, 0x8c48, 0x8c48, 0x8c48, 0x8c48, 0x8c48, 0x8c48, 0x8c48, 0x8c48, 0x8c48, 0x8c48, 
  0x8c48, 0x8c48, 0x8c48, 0x8c48, 0x8c48, 0x8c48, 0x8c48, 0x8c48, 0x8c48, 0x8c48, 0x8c48, 0x8c48, 
  0x8c48, 0x8c48, 0x8c48, 0x8c48, 0x8c48, 0x8c48, 0x8c48, 0x8c48, 0x8c48, 0x8c48, 0x8c48, 0x8c48, 
  0x8c48, 0x8c48, 0x8c48, 0x8c48, 0x8c48, 0x8c48, 0x8c48, 0x8c48, 0x8c48, 0x8c48, 0x8c48, 0x8c48, 
  0x8c48, 0x8c48, 0x8c48, 0x8c48, 0x8c48, 0x8c48, 0x8c48, 0x8c48, 0x8c48, 0x8c48, 0x8c48, 0x8c48, 
  0x8c48, 0x8c48, 0x8c48, 0x8c48, 0x8c48, 0x8c48, 0x8c48, 0x8c48, 0x8c48, 0x8c48, 0x8c48, 0x8c48, 
  0x8c48, 0x8c48, 0x8c48, 0x8c48, 0x8c48, 0x8c48, 0x8c48, 0x8c48, 0x8c48, 0x8c48, 0x8c48, 0x8c48, 
  0x8c48, 0x8c48, 0x8c48, 0x8c48, 0x8c48, 0x8c48, 0x8c48, 0x8c48, 0x8c48, 0x8c48, 0x8c48, 0x8c48, 
  0x8c48, 0x8c48, 0x8c48, 0x8c48, 0x8c48, 0x8c48, 0x8c48, 0x8c48, 0x8c48, 0x8c48, 0x8c48, 0x8c48, 
  0x8c48, 0x8c48, 0x8c48, 0x8c48, 0x8c48, 0x8c48, 0x8c48, 0x8c48, 0x8c48, 0x8c48, 0x8c48, 0x8c48, 
  0x8c48, 0x8c48, 0x8c48, 0x8c48, 0x8c48, 0x8c48, 0x8c48, 0x8c48, 0x8c48, 0x8c48, 0x8c48, 0x8c48, 
  0x8c48, 0x8c48, 0x8c48, 0x8c48, 0x8c48, 0x8c48, 0x8c48, 0x8c48, 0x8c48, 0x8c48, 0x8c48, 0x8c48, 
  0x8c48, 0x8c48, 0x8c48, 0x8c48, 0x8c48, 0x8c48, 0x8c48, 0x8c48, 0x8c48, 0x8c48, 0x8c48, 0x8c48, 
  0x8c48, 0x8c48, 0x8c48, 0x8c48, 0x8c48, 0x8c48, 0x8c48, 0x8c48, 0x8c48, 0x8c48, 0x8c48, 0x8c48, 
  0x8c48, 0x8c48, 0x8c48, 0x8c48, 0x8c48, 0x8c48, 0x8c48, 0x8c48, 0x8c48, 0x8c48, 0x8c48, 0x8c48, 
  0x8c48, 0x8c48, 0x8c48, 0x8c48, 0x8c48, 0x8c48, 0x8c48, 0x8c48, 0x8c48, 0x8c48, 0x8c48, 0x8c48, 
  0x8c48, 0x8c48, 0x8c48, 0x8c48, 0x8c48, 0x8c48, 0x8c48, 0x8c48, 0x8c48, 0x8c48, 0x8c48, 0x8c48, 
  0x8c48, 0x8c48, 0x8c48, 0x8c48, 0x8c48, 0x8c48, 0x8c48, 0x8c48, 0x8c48, 0x8c48, 0x8c48, 0x8c48, 
  0x8c48, 0x8c48, 0x8c48, 0x8c48, 0x8c48, 0x8c48, 0x8c48, 0x8c48, 0x8c48, 0x8c48, 0x8c48, 0x8c48, 
  0x8c48, 0x8c48, 0x8c48, 0x8c48, 0x8c48, 0x8c48, 0x8c48, 0x8c48, 0x8c48, 0x8c48, 0x8c48, 0x8c48, 
  0x8c48, 0x8c48, 0x8c48, 0x8c48, 0x8c48, 0x8c48, 0x8c48, 0x8c48, 0x8c48, 0x8c48, 0x8c48, 0x8c48, 
  0x8c48, 0x8c48, 0x8c48, 0x8c48, 0x8c48, 0x8c48, 0x8c48, 0x8c48, 0x8c48, 0x8c48, 0x8c48, 0x8c48, 
  0x8c48, 0x8c48, 0x8c48, 0x8c48, 0x8c48, 0x8c48, 0x8c48, 0x8c48, 0x8c48, 0x8c48, 0x8c48, 0x8c48, 
  0x8c48, 0x8c48, 0x8c48, 0x8c48, 0x8c48, 0x8c48, 0x8c48, 0x8c48, 0x8c48, 0x8c48, 0x8c48, 0x8c48, 
  0x8c48, 0x8c48, 0x8c48, 0x8c48, 0x8c48, 0x8c48, 0x8c48, 0x8c48, 0x8c48, 0x8c48, 0x8c48, 0x8c48, 
  0x8c48, 0x8c48, 0x8c48, 0x8c48, 0x8c48, 0x8c48, 0x8c48, 0x8c48, 0x8c48, 0x8c48, 0x8c48, 0x8c48, 
  0x8c48, 0x8c48, 0x8c48, 0x8c48, 0x8c48, 0x8c48, 0x8c48, 0x8c48, 0x8c48, 0x8c48, 0x8c48, 0x8c48, 
  0x8c48, 0x8c48, 0x8c48, 0x8c48, 0x8c48, 0x8c48, 0x8c48, 0x8c48, 0x8c48, 0x8c48, 0x8c48, 0x8c48, 
  0x8c48, 0x8c48, 0x8c48, 0x8c48, 0x8c48, 0x8c48, 0x8c48, 0x8c48, 0x8c48, 0x8c48, 0x8c48, 0x8c48, 
  0x8c48, 0x8c48, 0x8c48, 0x8c48, 0x8c48, 0x8c48, 0x8c48, 0x8c48, 0x8c48, 0x8c48, 0x8c48, 0x8c48, 
  0x8c48, 0x8c48, 0x8c48, 0x8c48, 0x8c48, 0x8c48, 0x8c48, 0x8c48, 0x8c48, 0x8c48, 0x8c48, 0x8c48, 
  0x8c48, 0x8c48, 0x8c48, 0x8c48, 0x8c48, 0x8c48, 0x8c48, 0x8c48, 0x8c48, 0x8c48, 0x8c48, 0x8c48, 
  0x8c48, 0x8c48, 0x8c48, 0x8c48, 0x8c48, 0x8c48, 0x8c48, 0x8c48, 0x8c48, 0x8c48, 0x8c48, 0x8c48, 
  0x8c48, 0x8c48, 0x8c48, 0x8c48, 0x8c48, 0x8c48, 0x8c48, 0x8c48, 0x8c48, 0x8c48, 0x8c48, 0x8c48, 
  0x8c48, 0x8c48, 0x8c48, 0x8c48, 0x8c48, 0x8c48, 0x8c48, 0x8c48, 0x8c48, 0x8c48, 0x8c48, 0x8c48, 
  0x8c48, 0x8c48, 0x8c48, 0x8c48, 0x8c48, 0x8c48, 0x8c48, 0x8c48, 0x8c48, 0x8c48, 0x8c48, 0x8c48, 
  0x8c48, 0x8c48, 0x8c48, 0x8c48, 0x8c48, 0x8c48, 0x8c48, 0x8c48, 0x8c48, 0x8c48, 0x8c48, 0x8c48, 
  0x8c48, 0x8c48, 0x8c48, 0x8c48, 0x8c48, 0x8c48, 0x8c48, 0x8c48, 0x8c48, 0x8c48, 0x8c48, 0x8c48, 
  0x8c48, 0x8c48, 0x8c48, 0x8c48, 0x8c48, 0x8c48, 0x8c48, 0x8c48, 0x8c48, 0x8c48, 0x8c48, 0x8c48, 
  0x8c48, 0x8c48, 0x8c48, 0x8c48, 0x8c48, 0x8c48, 0x8c48, 0x8c48, 0x8c48, 0x8c48, 0x8c48, 0x8c48, 
  0x8c48, 0x8c48, 0x8c48, 0x8c48, 0x8c48, 0x8c48, 0x8c48, 0x8c48, 0x8c48, 0x8c48, 0x8c48, 0x8c48, 
  0x8c48, 0x8c48, 0x8c48, 0x8c48, 0x8c48, 0x8c48, 0x8c48, 0x8c48, 0x8c48, 0x8c48, 0x8c48, 0x8c48, 
  0x8c48, 0x8c48, 0x8c48, 0x8c48, 0x8c48, 0x8c48, 0x8c48, 0x8c48, 0x8c48, 0x8c48, 0x8c48, 0x8c48, 
  0x8c48, 0x8c48, 0x8c48, 0x8c48, 0x8c48, 0x8c48, 0x8c48, 0x8c48, 0x8c48, 0x8c48, 0x8c48, 0x8c48, 
  0x8c48, 0x8c48, 0x8c48, 0x8c48, 0x8c48, 0x8c48, 0x8c48, 0x8c48, 0x8c48, 0x8c48, 0x8c48, 0x8c48, 
  0x8c48, 0x8c48, 0x8c48, 0x8c48, 0x8c48, 0x8c48, 0x8c48, 0x8c48, 0x8c48, 0x8c48, 0x8c48, 0x8c48, 
  0x8c48, 0x8c48, 0x8c48, 0x8c48, 0x8c48, 0x8c48, 0x8c48, 0x8c48, 0x8c48, 0x8c48, 0x8c48, 0x8c48, 
  0x8c48, 0x8c48, 0x8c48, 0x8c48, 0x8c48, 0x8c48, 0x8c48, 0x8c48, 0x8c48, 0x8c48, 0x8c48, 0x8c48, 
  0x8c48, 0x8c48, 0x8c48, 0x8c48, 0x8c48, 0x8c48, 0x8c48, 0x8c48, 0x8c48, 0x8c48, 0x8c48, 0x8c48, 
  0x8c48, 0x8c48, 0x8c48, 0x8c48, 0x8c48, 0x8c48, 0x8c48, 0x8c48, 0x8c48, 0x8c48, 0x8c48, 0x8c48, 
  0x8c48, 0x8c48, 0x8c48, 0x8c48, 0x8c48, 0x8c48, 0x8c48, 0x8c48, 0x8c48, 0x8c48, 0x8c48, 0x8c48, 
  0x8c48, 0x8c48, 0x8c48, 0x8c48, 0x8c48, 0x8c48, 0x8c48, 0x8c48, 0x8c48, 0x8c48, 0x8c48, 0x8c48, 
  0x8c48, 0x8c48, 0x8c48, 0x8c48, 0x8c48, 0x8c48, 0x8c48, 0x8c48, 0x8c48, 0x8c48, 0x8c48, 0x8c48, 
  0x8c48, 0x8c48, 0x8c48, 0x8c48, 0x8c48, 0x8c48, 0x8c48, 0x8c48, 0x8c48, 0x8c48, 0x8c48, 0x8c48, 
  0x8c48, 0x8c48, 0x8c48, 0x8c48, 0x8c48, 0x8c48, 0x8c48, 0x8c48, 0x8c48, 0x8c48, 0x8c48, 0x8c48, 
  0x8c48, 0x8c48, 0x8c48, 0x8c48, 0x8c48, 0x8c48, 0x8c48, 0x8c48, 0x8c48, 0x8c48, 0x8c48, 0x8c48, 
  0x8c48, 0x8c48, 0x8c48, 0x8c48, 0x8c48, 0x8c48, 0x8c48, 0x8c48, 0x8c48, 0x8c48, 0x8c48, 0x8c48, 
  0x8c48, 0x8c48, 0x8c48, 0x8c48, 0x8c48, 0x8c48, 0x8c48, 0x8c48, 0x8c48, 0x8c48, 0x8c48, 0x8c48, 
  0x8c48, 0x8c48, 0x8c48, 0x8c48, 0x8c48, 0x8c48, 0x8c48, 0x8c48, 0x8c48, 0x8c48, 0x8c48, 0x8c48, 
  0x8c48, 0x8c48, 0x8c48, 0x8c48, 0x8c48, 0x8c48, 0x8c48, 0x8c48, 0x8c48, 0x8c48, 0x8c48, 0x8c48, 
  0x8c48, 0x8c48, 0x8c48, 0x8c48, 0x8c48, 0x8c48, 0x8c48, 0x8c48, 0x8c48, 0x8c48, 0x8c48, 0x8c48, 
  0x8c48, 0x8c48, 0x8c48, 0x8c48, 0x8c48, 0x8c48, 0x8c48, 0x8c48, 0x8c48, 0x8c48, 0x8c48, 0x8c48, 
  0x8c48, 0x8c48, 0x8c48, 0x8c48, 0x8c48, 0x8c48, 0x8c48, 0x8c48, 0x8c48, 0x8c48, 0x8c48, 0x8c48, 
  0x8c48, 0x8c48, 0x8c48, 0x8c48, 0x8c48, 0x8c48, 0x8c48, 0x8c48, 0x8c48, 0x8c48, 0x8c48, 0x8c48, 
  0x8c48, 0x8c48, 0x8c48, 0x8c48, 0x8c48, 0x8c48, 0x8c48, 0x8c48, 0x8c48, 0x8c48, 0x8c48, 0x8c48, 
  0x8c48, 0x8c48, 0x8c48, 0x8c48, 0x8c48, 0x8c48, 0x8c48, 0x8c48, 0x8c48, 0x8c48, 0x8c48, 0x8c48, 
  0x8c48, 0x8c48, 0x8c48, 0x8c48, 0x8c48, 0x8c48, 0x8c48, 0x8c48, 0x8c48, 0x8c48, 0x8c48, 0x8c48, 
  0x8c48, 0x8c48, 0x8c48, 0x8c48, 0x8c48, 0x8c48, 0x8c48, 0x8c48, 0x8c48, 0x8c48, 0x8c48, 0x8c48, 
  0x8c48, 0x8c48, 0x8c48, 0x8c48, 0x8c48, 0x8c48, 0x8c48, 0x8c48, 0x8c48, 0x8c48, 0x8c48, 0x8c48, 
  0x8c48, 0x8c48, 0x8c48, 0x8c48, 0x8c48, 0x8c48, 0x8c48, 0x8c48, 0x8c48, 0x8c48, 0x8c48, 0x8c48, 
  0x8c48, 0x8c48, 0x8c48, 0x8c48, 0x8c48, 0x8c48, 0x8c48, 0x8c48, 0x8c48, 0x8c48, 0x8c48, 0x8c48, 
  0x8c48, 0x8c48, 0x8c48, 0x8c48, 0x8c48, 0x8c48, 0x8c48, 0x8c48, 0x8c48, 0x8c48, 0x8c48, 0x8c48, 
  0x8c48, 0x8c48, 0x8c48, 0x8c48, 0x8c48, 0x8c48, 0x8c48, 0x8c48, 0x8c48, 0x8c48, 0x8c48, 0x8c48, 
  0x8c48, 0x8c48, 0x8c48, 0x8c48, 0x8c48, 0x8c48, 0x8c48, 0x8c48, 0x8c48, 0x8c48, 0x8c48, 0x8c48, 
  0x8c48, 0x8c48, 0x8c48, 0x8c48, 0x8c48, 0x8c48, 0x8c48, 0x8c48, 0x8c48, 0x8c48, 0x8c48, 0x8c48, 
  0x8c48, 0x8c48, 0x8c48, 0x8c48, 0x8c48, 0x8c48, 0x8c48, 0x8c48, 0x8c48, 0x8c48, 0x8c48, 0x8c48, 
  0x8c48, 0x8c48, 0x8c48, 0x8c48, 0x8c48, 0x8c48, 0x8c48, 0x8c48, 0x8c48, 0x8c48, 0x8c48, 0x8c48, 
  0x8c48, 0x8c48, 0x8c48, 0x8c48, 0x8c48, 0x8c48, 0x8c48, 0x8c48, 0x8c48, 0x8c48, 0x8c48, 0x8c48, 
  0x8c48, 0x8c48, 0x8c48, 0x8c48, 0x8c48, 0x8c48, 0x8c48, 0x8c48, 0x8c48, 0x8c48, 0x8c48, 0x8c48, 
  0x8c48, 0x8c48, 0x8c48, 0x8c48, 0x8c48, 0x8c48, 0x8c48, 0x8c48, 0x8c48, 0x8c48, 0x8c48, 0x8c48, 
  0x8c48, 0x8c48, 0x8c48, 0x8c48, 0x8c48, 0x8c48, 0x8c48, 0x8c48, 0x8c48, 0x8c48, 0x8c48, 0x8c48, 
  0x8c48, 0x8c48, 0x8c48, 0x8c48, 0x8c48, 0x8c48, 0x8c48, 0x8c48, 0x8c48, 0x8c48, 0x8c48, 0x8c48, 
  0x8c48, 0x8c48, 0x8c48, 0x8c48, 0x8c48, 0x8c48, 0x8c48, 0x8c48, 0x8c48, 0x8c48, 0x8c48, 0x8c48, 
  0x8c48, 0x8c48, 0x8c48, 0x8c48, 0x8c48, 0x8c48, 0x8c48, 0x8c48, 0x8c48, 0x8c48, 0x8c48, 0x8c48, 
  0x8c48, 0x8c48, 0x8c48, 0x8c48, 0x8c48, 0x8c48, 0x8c48, 0x8c48, 0x8c48, 0x8c48, 0x8c48, 0x8c48, 
  0x8c48, 0x8c48, 0x8c48, 0x8c48, 0x8c48, 0x8c48, 0x8c48, 0x8c48, 0x8c48, 0x8c48, 0x8c48, 0x8c48, 
  0x8c48, 0x8c48, 0x8c48, 0x8c48, 0x8c48, 0x8c48, 0x8c48, 0x8c48, 0x8c48, 0x8c48, 0x8c48, 0x8c48, 
  0x8c48, 0x8c48, 0x8c48, 0x8c48, 0x8c48, 0x8c48, 0x8c48, 0x8c48, 0x8c48, 0x8c48, 0x8c48, 0x8c48, 
  0x8c48, 0x8c48, 0x8c48, 0x8c48, 0x8c48, 0x8c48, 0x8c48, 0x8c48, 0x8c48, 0x8c48, 0x8c48, 0x8c48, 
  0x8c48, 0x8c48, 0x8c48, 0x8c48, 0x8c48, 0x8c48, 0x8c48, 0x8c48, 0x8c48, 0x8c48, 0x8c48, 0x8c48, 
  0x8c48, 0x8c48, 0x8c48, 0x8c48, 0x8c48, 0x8c48, 0x8c48, 0x8c48, 0x8c48, 0x8c48, 0x8c48, 0x8c48, 
  0x8c48, 0x8c48, 0x8c48, 0x8c48, 0x8c48, 0x8c48, 0x8c48, 0x8c48, 0x8c48, 0x8c48, 0x8c48, 0x8c48, 
  0x8c48, 0x8c48, 0x8c48, 0x8c48, 0x8c48, 0x8c48, 0x8c48, 0x8c48, 0x8c48, 0x8c48, 0x8c48, 0x8c48, 
  0x8c48, 0x8c48, 0x8c48, 0x8c48, 0x8c48, 0x8c48, 0x8c48, 0x8c48, 0x8c48, 0x8c48, 0x8c48, 0x8c48, 
  0x8c48, 0x8c48, 0x8c48, 0x8c48, 0x8c48, 0x8c48, 0x8c48, 0x8c48, 0x8c48, 0x8c48, 0x8c48, 0x8c48, 
  0x8c48, 0x8c48, 0x8c48, 0x8c48, 0x8c48, 0x8c48, 0x8c48, 0x8c48, 0x8c48, 0x8c48, 0x8c48, 0x8c48, 
  0x8c48, 0x8c48, 0x8c48, 0x8c48, 0x8c48, 0x8c48, 0x8c48, 0x8c48, 0x8c48, 0x8c48, 0x8c48, 0x8c48, 
  0x8c48, 0x8c48, 0x8c48, 0x8c48, 0x8c48, 0x8c48, 0x8c48, 0x8c48, 0x8c48, 0x8c48, 0x8c48, 0x8c48, 
  0x8c48, 0x8c48, 0x8c48, 0x8c48, 0x8c48, 0x8c48, 0x8c48, 0x8c48, 0x8c48, 0x8c48, 0x8c48, 0x8c48, 
  0x8c48, 0x8c48, 0x8c48, 0x8c48, 0x8c48, 0x8c48, 0x8c48, 0x8c48, 0x8c48, 0x8c48, 0x8c48, 0x8c48, 
  0x8c48, 0x8c48, 0x8c48, 0x8c48, 0x8c48, 0x8c48, 0x8c48, 0x8c48, 0x8c48, 0x8c48, 0x8c48, 0x8c48, 
  0x8c48, 0x8c48, 0x8c48, 0x8c48, 0x8c48, 0x8c48, 0x8c48, 0x8c48, 0x8c48, 0x8c48, 0x8c48, 0x8c48, 
  0x8c48, 0x8c48, 0x8c48, 0x8c48, 0x8c48, 0x8c48, 0x8c48, 0x8c48, 0x8c48, 0x8c48, 0x8c48, 0x8c48, 
  0x8c48, 0x8c48, 0x8c48, 0x8c48, 0x8c48, 0x8c48, 0x8c48, 0x8c48, 0x8c48, 0x8c48, 0x8c48, 0x8c48, 
  0x8c48, 0x8c48, 0x8c48, 0x8c48, 0x8c48, 0x8c48, 0x8c48, 0x8c48, 0x8c48, 0x8c48, 0x8c48, 0x8c48, 
  0x8c48, 0x8c48, 0x8c48, 0x8c48, 0x8c48, 0x8c48, 0x8c48, 0x8c48, 0x8c48, 0x8c48, 0x8c48, 0x8c48, 
  0x8c48, 0x8c48, 0x8c48, 0x8c48, 0x8c48, 0x8c48, 0x8c48, 0x8c48, 0x8c48, 0x8c48, 0x8c48, 0x8c48, 
  0x8c48, 0x8c48, 0x8c48, 0x8c48, 0x8c48, 0x8c48, 0x8c48, 0x8c48, 0x8c48, 0x8c48, 0x8c48, 0x8c48, 
  0x8c48, 0x8c48, 0x8c48, 0x8c48, 0x8c48, 0x8c48, 0x8c48, 0x8c48, 0x8c48, 0x8c48, 0x8c48, 0x8c48, 
  0x8c48, 0x8c48, 0x8c48, 0x8c48, 0x8c48, 0x8c48, 0x8c48, 0x8c48, 0x8c48, 0x8c48, 0x8c48, 0x8c48, 
  0x8c48, 0x8c48, 0x8c48, 0x8c48, 0x8c48, 0x8c48, 0x8c48, 0x8c48, 0x8c48, 0x8c48, 0x8c48, 0x8c48, 
  0x8c48, 0x8c48, 0x8c48, 0x8c48, 0x8c48, 0x8c48, 0x8c48, 0x8c48, 0x8c48, 0x8c48, 0x8c48, 0x8c48, 
  0x8c48, 0x8c48, 0x8c48, 0x8c48, 0x8c48, 0x8c48, 0x8c48, 0x8c48, 0x8c48, 0x8c48, 0x8c48, 0x8c48, 
  0x8c48, 0x8c48, 0x8c48, 0x8c48, 0x8c48, 0x8c48, 0x8c48, 0x8c48, 0x8c48, 0x8c48, 0x8c48, 0x8c48, 
  0x8c48, 0x8c48, 0x8c48, 0x8c48, 0x8c48, 0x8c48, 0x8c48, 0x8c48, 0x8c48, 0x8c48, 0x8c48, 0x8c48, 
  0x8c48, 0x8c48, 0x8c48, 0x8c48, 0x8c48, 0x8c48, 0x8c48, 0x8c48, 0x8c48, 0x8c48, 0x8c48, 0x8c48, 
  0x8c48, 0x8c48, 0x8c48, 0x8c48, 0x8c48, 0x8c48, 0x8c48, 0x8c48, 0x8c48, 0x8c48, 0x8c48, 0x8c48, 
  0x8c48, 0x8c48, 0x8c48, 0x8c48, 0x8c48, 0x8c48, 0x8c48, 0x8c48, 0x8c48, 0x8c48, 0x8c48, 0x8c48, 
  0x8c48, 0x8c48, 0x8c48, 0x8c48, 0x8c48, 0x8c48, 0x8c48, 0x8c48, 0x8c48, 0x8c48, 0x8c48, 0x8c48, 
  0x8c48, 0x8c48, 0x8c48, 0x8c48, 0x8c48, 0x8c48, 0x8c48, 0x8c48, 0x8c48, 0x8c48, 0x8c48, 0x8c48, 
  0x8c48, 0x8c48, 0x8c48, 0x8c48, 0x8c48, 0x8c48, 0x8c48, 0x8c48, 0x8c48, 0x8c48, 0x8c48, 0x8c48, 
  0x8c48, 0x8c48, 0x8c48, 0x8c48, 0x8c48, 0x8c48, 0x8c48, 0x8c48, 0x8c48, 0x8c48, 0x8c48, 0x8c48, 
  0x8c48, 0x8c48, 0x8c48, 0x8c48, 0x8c48, 0x8c48, 0x8c48, 0x8c48, 0x8c48, 0x8c48, 0x8c48, 0x8c48, 
  0x8c48, 0x8c48, 0x8c48, 0x8c48, 0x8c48, 0x8c48, 0x8c48, 0x8c48, 0x8c48, 0x8c48, 0x8c48, 0x8c48, 
  0x8c48, 0x8c48, 0x8c48, 0x8c48, 0x8c48, 0x8c48, 0x8c48, 0x8c48, 0x8c48, 0x8c48, 0x8c48, 0x8c48, 
  0x8c48, 0x8c48, 0x8c48, 0x8c48, 0x8c48, 0x8c48, 0x8c48, 0x8c48, 0x8c48, 0x8c48, 0x8c48, 0x8c48, 
  0x8c48, 0x8c48, 0x8c48, 0x8c48, 0x8c48, 0x8c48, 0x8c48, 0x8c48, 0x8c48, 0x8c48, 0x8c48, 0x8c48, 
  0x8c48, 0x8c48, 0x8c48, 0x8c48, 0x8c48, 0x8c48, 0x8c48, 0x8c48, 0x8c48, 0x8c48, 0x8c48, 0x8c48, 
  0x8c48, 0x8c48, 0x8c48, 0x8c48, 0x8c48, 0x8c48, 0x8c48, 0x8c48, 0x8c48, 0x8c48, 0x8c48, 0x8c48, 
  0x8c48, 0x8c48, 0x8c48, 0x8c48, 0x8c48, 0x8c48, 0x8c48, 0x8c48, 0x8c48, 0x8c48, 0x8c48, 0x8c48, 
  0x8c48, 0x8c48, 0x8c48, 0x8c48, 0x8c48, 0x8c48, 0x8c48, 0x8c48, 0x8c48, 0x8c48, 0x8c48, 0x8c48, 
  0x8c48, 0x8c48, 0x8c48, 0x8c48, 0x8c48, 0x8c48, 0x8c48, 0x8c48, 0x8c48, 0x8c48, 0x8c48, 0x8c48, 
  0x8c48, 0x8c48, 0x8c48, 0x8c48, 0x8c48, 0x8c48, 0x8c48, 0x8c48, 0x8c48, 0x8c48, 0x8c48, 0x8c48, 
  0x8c48, 0x8c48, 0x8c48, 0x8c48, 0x8c48, 0x8c48, 0x8c48, 0x8c48, 0x8c48, 0x8c48, 0x8c48, 0x8c48, 
  0x8c48, 0x8c48, 0x8c48, 0x8c48, 0x8c48, 0x8c48, 0x8c48, 0x8c48, 0x8c48, 0x8c48, 0x8c48, 0x8c48, 
  
};
